  0
SECTION
  2
HEADER
  9
$ACADVER
  1
AC1015
  9
$ACADMAINTVER
 70
    20
  9
$DWGCODEPAGE
  3
ANSI_936
  9
$INSBASE
 10
0.0
 20
0.0
 30
0.0
  9
$EXTMIN
 10
0.0
 20
0.0
 30
-0.00000001
  9
$EXTMAX
 10
297.0
 20
210.0
 30
0.00000001
  9
$LIMMIN
 10
0.0
 20
0.0
  9
$LIMMAX
 10
297.0
 20
210.0
  9
$ORTHOMODE
 70
     0
  9
$REGENMODE
 70
     1
  9
$FILLMODE
 70
     1
  9
$QTEXTMODE
 70
     0
  9
$MIRRTEXT
 70
     0
  9
$LTSCALE
 40
16.335
  9
$ATTMODE
 70
     1
  9
$TEXTSIZE
 40
0.2
  9
$TRACEWID
 40
0.05
  9
$TEXTSTYLE
  7
STANDARD
  9
$CLAYER
  8
0
  9
$CELTYPE
  6
BYLAYER
  9
$CECOLOR
 62
   256
  9
$CELTSCALE
 40
1.0
  9
$DISPSILH
 70
     0
  9
$DIMSCALE
 40
1.0
  9
$DIMASZ
 40
3.0
  9
$DIMEXO
 40
0.0625
  9
$DIMDLI
 40
11.286
  9
$DIMRND
 40
0.0
  9
$DIMDLE
 40
0.0
  9
$DIMEXE
 40
0.125
  9
$DIMTP
 40
0.0
  9
$DIMTM
 40
0.0
  9
$DIMTXT
 40
3.0
  9
$DIMCEN
 40
2.673
  9
$DIMTSZ
 40
0.0
  9
$DIMTOL
 70
     0
  9
$DIMLIM
 70
     0
  9
$DIMTIH
 70
     1
  9
$DIMTOH
 70
     1
  9
$DIMSE1
 70
     0
  9
$DIMSE2
 70
     0
  9
$DIMTAD
 70
     0
  9
$DIMZIN
 70
     0
  9
$DIMBLK
  1
_FILLED
  9
$DIMASO
 70
     1
  9
$DIMSHO
 70
     1
  9
$DIMPOST
  1

  9
$DIMAPOST
  1

  9
$DIMALT
 70
     0
  9
$DIMALTD
 70
     2
  9
$DIMALTF
 40
0.0393700787
  9
$DIMLFAC
 40
1.0
  9
$DIMTOFL
 70
     0
  9
$DIMTVP
 40
0.0
  9
$DIMTIX
 70
     0
  9
$DIMSOXD
 70
     0
  9
$DIMSAH
 70
     0
  9
$DIMBLK1
  1

  9
$DIMBLK2
  1

  9
$DIMSTYLE
  2
STANDARD
  9
$DIMCLRD
 70
     3
  9
$DIMCLRE
 70
     3
  9
$DIMCLRT
 70
     3
  9
$DIMTFAC
 40
1.0
  9
$DIMGAP
 40
0.625
  9
$DIMJUST
 70
     0
  9
$DIMSD1
 70
     0
  9
$DIMSD2
 70
     0
  9
$DIMTOLJ
 70
     1
  9
$DIMTZIN
 70
     0
  9
$DIMALTZ
 70
     0
  9
$DIMALTTZ
 70
     0
  9
$DIMUPT
 70
     0
  9
$DIMDEC
 70
     2
  9
$DIMTDEC
 70
     2
  9
$DIMALTU
 70
     2
  9
$DIMALTTD
 70
     2
  9
$DIMTXSTY
  7
STANDARD
  9
$DIMAUNIT
 70
     0
  9
$DIMADEC
 70
     0
  9
$DIMALTRND
 40
0.0
  9
$DIMAZIN
 70
     0
  9
$DIMDSEP
 70
    46
  9
$DIMATFIT
 70
     3
  9
$DIMFRAC
 70
     0
  9
$DIMLDRBLK
  1

  9
$DIMLUNIT
 70
     2
  9
$DIMLWD
 70
    -2
  9
$DIMLWE
 70
    -2
  9
$DIMTMOVE
 70
     0
  9
$LUNITS
 70
     2
  9
$LUPREC
 70
     4
  9
$SKETCHINC
 40
0.1
  9
$FILLETRAD
 40
0.0
  9
$AUNITS
 70
     0
  9
$AUPREC
 70
     0
  9
$MENU
  1
.
  9
$ELEVATION
 40
0.0
  9
$PELEVATION
 40
0.0
  9
$THICKNESS
 40
0.0
  9
$LIMCHECK
 70
     0
  9
$CHAMFERA
 40
0.0
  9
$CHAMFERB
 40
0.0
  9
$CHAMFERC
 40
0.0
  9
$CHAMFERD
 40
0.0
  9
$SKPOLY
 70
     0
  9
$TDCREATE
 40
2461273.671168981
  9
$TDUCREATE
 40
2461273.337835648
  9
$TDUPDATE
 40
2461273.673402778
  9
$TDUUPDATE
 40
2461273.340069444
  9
$TDINDWG
 40
0.0022337963
  9
$TDUSRTIMER
 40
0.0022337963
  9
$USRTIMER
 70
     1
  9
$ANGBASE
 50
0.0
  9
$ANGDIR
 70
     0
  9
$PDMODE
 70
     3
  9
$PDSIZE
 40
0.3125
  9
$PLINEWID
 40
0.0
  9
$SPLFRAME
 70
     0
  9
$SPLINETYPE
 70
     6
  9
$SPLINESEGS
 70
     8
  9
$HANDSEED
  5
704
  9
$SURFTAB1
 70
     6
  9
$SURFTAB2
 70
     6
  9
$SURFTYPE
 70
     6
  9
$SURFU
 70
     6
  9
$SURFV
 70
     6
  9
$UCSBASE
  2

  9
$UCSNAME
  2

  9
$UCSORG
 10
0.0
 20
0.0
 30
0.0
  9
$UCSXDIR
 10
1.0
 20
0.0
 30
0.0
  9
$UCSYDIR
 10
0.0
 20
1.0
 30
0.0
  9
$UCSORTHOREF
  2

  9
$UCSORTHOVIEW
 70
     0
  9
$UCSORGTOP
 10
0.0
 20
0.0
 30
0.0
  9
$UCSORGBOTTOM
 10
0.0
 20
0.0
 30
0.0
  9
$UCSORGLEFT
 10
0.0
 20
0.0
 30
0.0
  9
$UCSORGRIGHT
 10
0.0
 20
0.0
 30
0.0
  9
$UCSORGFRONT
 10
0.0
 20
0.0
 30
0.0
  9
$UCSORGBACK
 10
0.0
 20
0.0
 30
0.0
  9
$PUCSBASE
  2

  9
$PUCSNAME
  2

  9
$PUCSORG
 10
0.0
 20
0.0
 30
0.0
  9
$PUCSXDIR
 10
1.0
 20
0.0
 30
0.0
  9
$PUCSYDIR
 10
0.0
 20
1.0
 30
0.0
  9
$PUCSORTHOREF
  2

  9
$PUCSORTHOVIEW
 70
     0
  9
$PUCSORGTOP
 10
0.0
 20
0.0
 30
0.0
  9
$PUCSORGBOTTOM
 10
0.0
 20
0.0
 30
0.0
  9
$PUCSORGLEFT
 10
0.0
 20
0.0
 30
0.0
  9
$PUCSORGRIGHT
 10
0.0
 20
0.0
 30
0.0
  9
$PUCSORGFRONT
 10
0.0
 20
0.0
 30
0.0
  9
$PUCSORGBACK
 10
0.0
 20
0.0
 30
0.0
  9
$USERI1
 70
     0
  9
$USERI2
 70
     0
  9
$USERI3
 70
     0
  9
$USERI4
 70
     0
  9
$USERI5
 70
     0
  9
$USERR1
 40
0.0
  9
$USERR2
 40
0.0
  9
$USERR3
 40
0.0
  9
$USERR4
 40
0.0
  9
$USERR5
 40
0.0
  9
$WORLDVIEW
 70
     1
  9
$SHADEDGE
 70
     3
  9
$SHADEDIF
 70
    70
  9
$TILEMODE
 70
     1
  9
$MAXACTVP
 70
    64
  9
$PINSBASE
 10
0.0
 20
0.0
 30
0.0
  9
$PLIMCHECK
 70
     0
  9
$PEXTMIN
 10
1.000000000000000E+20
 20
1.000000000000000E+20
 30
1.000000000000000E+20
  9
$PEXTMAX
 10
-1.000000000000000E+20
 20
-1.000000000000000E+20
 30
-1.000000000000000E+20
  9
$PLIMMIN
 10
0.0
 20
0.0
  9
$PLIMMAX
 10
12.0
 20
9.0
  9
$UNITMODE
 70
     0
  9
$VISRETAIN
 70
     1
  9
$PLINEGEN
 70
     0
  9
$PSLTSCALE
 70
     1
  9
$TREEDEPTH
 70
  3020
  9
$CMLSTYLE
  2
Standard
  9
$CMLJUST
 70
     0
  9
$CMLSCALE
 40
1.0
  9
$PROXYGRAPHICS
 70
     1
  9
$MEASUREMENT
 70
     1
  9
$CELWEIGHT
370
    -1
  9
$ENDCAPS
280
     0
  9
$JOINSTYLE
280
     0
  9
$LWDISPLAY
290
     0
  9
$INSUNITS
 70
     4
  9
$HYPERLINKBASE
  1

  9
$STYLESHEET
  1

  9
$XEDIT
290
     1
  9
$CEPSNTYPE
380
     0
  9
$PSTYLEMODE
290
     1
  9
$FINGERPRINTGUID
  2
{1E1900F9-D49C-3B46-AD37-8A087F162E51}
  9
$VERSIONGUID
  2
{B3477E16-0115-DC4C-BCA5-689F5565D082}
  9
$EXTNAMES
290
     1
  9
$PSVPSCALE
 40
0.0
  9
$OLESTARTUP
290
     0
  0
ENDSEC
  0
SECTION
  2
CLASSES
  0
CLASS
  1
ACDBDICTIONARYWDFLT
  2
AcDbDictionaryWithDefault
  3
ObjectDBX Classes
 90
        0
280
     0
281
     0
  0
CLASS
  1
ACDBPLACEHOLDER
  2
AcDbPlaceHolder
  3
ObjectDBX Classes
 90
        0
280
     0
281
     0
  0
CLASS
  1
LAYOUT
  2
AcDbLayout
  3
ObjectDBX Classes
 90
        0
280
     0
281
     0
  0
CLASS
  1
MATERIAL
  2
AcDbMaterial
  3
ObjectDBX Classes
 90
     1153
280
     0
281
     0
  0
CLASS
  1
VISUALSTYLE
  2
AcDbVisualStyle
  3
ObjectDBX Classes
 90
     4095
280
     0
281
     0
  0
CLASS
  1
TABLESTYLE
  2
AcDbTableStyle
  3
ObjectDBX Classes
 90
     4095
280
     0
281
     0
  0
CLASS
  1
SCALE
  2
AcDbScale
  3
ObjectDBX Classes
 90
     1153
280
     0
281
     0
  0
CLASS
  1
MLEADERSTYLE
  2
AcDbMLeaderStyle
  3
ACDB_MLEADERSTYLE_CLASS
 90
     4095
280
     0
281
     0
  0
CLASS
  1
ACDBSECTIONVIEWSTYLE
  2
AcDbSectionViewStyle
  3
ObjectDBX Classes
 90
     1025
280
     0
281
     0
  0
CLASS
  1
ACDBDETAILVIEWSTYLE
  2
AcDbDetailViewStyle
  3
ObjectDBX Classes
 90
     1025
280
     0
281
     0
  0
CLASS
  1
DICTIONARYVAR
  2
AcDbDictionaryVar
  3
ObjectDBX Classes
 90
        0
280
     0
281
     0
  0
CLASS
  1
CELLSTYLEMAP
  2
AcDbCellStyleMap
  3
ObjectDBX Classes
 90
     1152
280
     0
281
     0
  0
ENDSEC
  0
SECTION
  2
TABLES
  0
TABLE
  2
VPORT
  5
8
330
0
100
AcDbSymbolTable
 70
     1
  0
VPORT
  5
1F4
330
8
100
AcDbSymbolTableRecord
100
AcDbViewportTableRecord
  2
*ACTIVE
 70
     0
 10
0.0
 20
0.0
 11
1.0
 21
1.0
 12
167.6016245558488
 22
127.2567241729765
 13
0.0
 23
0.0
 14
1.0
 24
1.0
 15
0.0
 25
0.0
 16
0.0
 26
0.0
 36
1.0
 17
0.0
 27
0.0
 37
0.0
 40
319.0878076190958
 41
2.330882352941176
 42
50.0
 43
0.0
 44
0.0
 50
0.0
 51
0.0
 71
     0
 72
   100
 73
     1
 74
     1
 75
     0
 76
     0
 77
     0
 78
     0
281
     0
 65
     1
110
0.0
120
0.0
130
0.0
111
1.0
121
0.0
131
0.0
112
0.0
122
1.0
132
0.0
 79
     0
146
0.0
1001
ACAD_NAV_VCDISPLAY
1070
     3
  0
ENDTAB
  0
TABLE
  2
LTYPE
  5
5
330
0
100
AcDbSymbolTable
 70
     7
  0
LTYPE
  5
14
330
5
100
AcDbSymbolTableRecord
100
AcDbLinetypeTableRecord
  2
BYBLOCK
 70
     0
  3

 72
    65
 73
     0
 40
0.0
  0
LTYPE
  5
15
330
5
100
AcDbSymbolTableRecord
100
AcDbLinetypeTableRecord
  2
BYLAYER
 70
     0
  3

 72
    65
 73
     0
 40
0.0
  0
LTYPE
  5
16
330
5
100
AcDbSymbolTableRecord
100
AcDbLinetypeTableRecord
  2
CONTINUOUS
 70
     0
  3
Solid line
 72
    65
 73
     0
 40
0.0
  0
LTYPE
  5
1F5
330
5
100
AcDbSymbolTableRecord
100
AcDbLinetypeTableRecord
  2
CENTER
 70
     0
  3
____ _ ____ _ ____ _ ____ _ ____ _ ____ _ ____
 72
    65
 73
     4
 40
0.6
 49
0.375
 74
     0
 49
-0.075
 74
     0
 49
0.075
 74
     0
 49
-0.075
 74
     0
  0
LTYPE
  5
1F6
330
5
100
AcDbSymbolTableRecord
100
AcDbLinetypeTableRecord
  2
HIDDEN
 70
     0
  3
- - - - - - - - - - - - - - - - - - - -
 72
    65
 73
     2
 40
0.2
 49
0.1
 74
     0
 49
-0.1
 74
     0
  0
LTYPE
  5
1F7
330
5
100
AcDbSymbolTableRecord
100
AcDbLinetypeTableRecord
  2
PHANTOM
 70
     0
  3
_____ _ _ _____ _ _ _____ _ _ _____
 72
    65
 73
     6
 40
0.8
 49
0.45
 74
     0
 49
-0.05
 74
     0
 49
0.1
 74
     0
 49
-0.05
 74
     0
 49
0.1
 74
     0
 49
-0.05
 74
     0
  0
LTYPE
  5
1F8
330
5
100
AcDbSymbolTableRecord
100
AcDbLinetypeTableRecord
  2
DOT
 70
     0
  3
. . . . . . . . . . . . . . . . . . . .
 72
    65
 73
     2
 40
0.2
 49
0.1
 74
     0
 49
-0.1
 74
     0
  0
LTYPE
  5
1F9
330
5
100
AcDbSymbolTableRecord
100
AcDbLinetypeTableRecord
  2
DASHED
 70
     0
  3
- - - - - - - - - - - - - - - - - - - -
 72
    65
 73
     2
 40
0.2
 49
0.1
 74
     0
 49
-0.1
 74
     0
  0
ENDTAB
  0
TABLE
  2
LAYER
  5
2
330
0
100
AcDbSymbolTable
 70
     5
  0
LAYER
  5
10
102
{ACAD_XDICTIONARY
360
6A0
102
}
330
2
100
AcDbSymbolTableRecord
100
AcDbLayerTableRecord
  2
0
 70
     0
 62
     7
  6
CONTINUOUS
370
    -3
390
F
  0
LAYER
  5
1FA
102
{ACAD_XDICTIONARY
360
6A2
102
}
330
2
100
AcDbSymbolTableRecord
100
AcDbLayerTableRecord
  2
DEFAULT_1
 70
     0
 62
     7
  6
CENTER
370
    -3
390
F
  0
LAYER
  5
1FB
102
{ACAD_XDICTIONARY
360
6A4
102
}
330
2
100
AcDbSymbolTableRecord
100
AcDbLayerTableRecord
  2
DEFAULT_2
 70
     0
 62
     8
  6
HIDDEN
370
    -3
390
F
  0
LAYER
  5
1FC
102
{ACAD_XDICTIONARY
360
6A6
102
}
330
2
100
AcDbSymbolTableRecord
100
AcDbLayerTableRecord
  2
DEFAULT_3
 70
     0
 62
     7
  6
PHANTOM
370
    -3
390
F
  0
LAYER
  5
63F
330
2
100
AcDbSymbolTableRecord
100
AcDbLayerTableRecord
  2
Defpoints
 70
     0
 62
     7
  6
CONTINUOUS
290
     0
370
    -3
390
F
  0
ENDTAB
  0
TABLE
  2
STYLE
  5
3
330
0
100
AcDbSymbolTable
 70
     2
  0
STYLE
  5
11
330
3
100
AcDbSymbolTableRecord
100
AcDbTextStyleTableRecord
  2
STANDARD
 70
     0
 40
0.0
 41
0.8
 50
0.0
 71
     0
 42
0.2
  3
txt
  4

  0
STYLE
  5
1FD
330
3
100
AcDbSymbolTableRecord
100
AcDbTextStyleTableRecord
  2
TEXTSTYLE_1
 70
     0
 40
0.0
 41
0.8
 50
0.0
 71
     0
 42
0.2
  3
gdt
  4

  0
ENDTAB
  0
TABLE
  2
VIEW
  5
6
330
0
100
AcDbSymbolTable
 70
     0
  0
ENDTAB
  0
TABLE
  2
UCS
  5
7
330
0
100
AcDbSymbolTable
 70
     0
  0
ENDTAB
  0
TABLE
  2
APPID
  5
9
330
0
100
AcDbSymbolTable
 70
     8
  0
APPID
  5
1FE
330
9
100
AcDbSymbolTableRecord
100
AcDbRegAppTableRecord
  2
ACAD
 70
     0
  0
APPID
  5
630
330
9
100
AcDbSymbolTableRecord
100
AcDbRegAppTableRecord
  2
ACAD_EXEMPT_FROM_CAD_STANDARDS
 70
     0
  0
APPID
  5
63A
330
9
100
AcDbSymbolTableRecord
100
AcDbRegAppTableRecord
  2
ACAD_DSTYLE_DIMJAG
 70
     0
  0
APPID
  5
63B
330
9
100
AcDbSymbolTableRecord
100
AcDbRegAppTableRecord
  2
ACAD_DSTYLE_DIMTALN
 70
     0
  0
APPID
  5
63C
330
9
100
AcDbSymbolTableRecord
100
AcDbRegAppTableRecord
  2
Acad_TC
 70
     0
  0
APPID
  5
63D
330
9
100
AcDbSymbolTableRecord
100
AcDbRegAppTableRecord
  2
ACAD_DSTYLE_DIMRADIAL_EXTENSION
 70
     0
  0
APPID
  5
6B2
330
9
100
AcDbSymbolTableRecord
100
AcDbRegAppTableRecord
  2
ACAD_NAV_VCDISPLAY
 70
     0
  0
APPID
  5
6EF
330
9
100
AcDbSymbolTableRecord
100
AcDbRegAppTableRecord
  2
ACAD_MLEADERVER
 70
     0
  0
ENDTAB
  0
TABLE
  2
DIMSTYLE
  5
A
330
0
100
AcDbSymbolTable
 70
     2
100
AcDbDimStyleTable
 71
     1
340
202
  0
DIMSTYLE
105
202
102
{ACAD_REACTORS
330
63E
330
64B
330
657
330
663
330
66F
330
67B
330
687
330
693
102
}
330
A
100
AcDbSymbolTableRecord
100
AcDbDimStyleTableRecord
  2
STANDARD
 70
     0
 41
0.1875
 44
0.125
 47
0.01
 48
0.01
 78
     8
 79
     2
140
0.15625
147
0.625
171
     1
179
     2
271
     2
272
     2
284
     8
340
11
341
201
342
201
343
201
344
201
  0
ENDTAB
  0
TABLE
  2
BLOCK_RECORD
  5
1
330
0
100
AcDbSymbolTable
 70
    10
  0
BLOCK_RECORD
  5
1FF
330
1
100
AcDbSymbolTableRecord
100
AcDbBlockTableRecord
  2
*Model_Space
340
5DB
  0
BLOCK_RECORD
  5
200
330
1
100
AcDbSymbolTableRecord
100
AcDbBlockTableRecord
  2
*Paper_Space
340
5DC
  0
BLOCK_RECORD
  5
201
330
1
100
AcDbSymbolTableRecord
100
AcDbBlockTableRecord
  2
_FILLED
340
0
102
{BLKREFS
331
646
331
652
331
65E
331
66A
331
676
331
682
331
68E
331
69A
102
}
  0
BLOCK_RECORD
  5
640
330
1
100
AcDbSymbolTableRecord
100
AcDbBlockTableRecord
  2
*D2
340
0
  0
BLOCK_RECORD
  5
64C
330
1
100
AcDbSymbolTableRecord
100
AcDbBlockTableRecord
  2
*D3
340
0
  0
BLOCK_RECORD
  5
658
330
1
100
AcDbSymbolTableRecord
100
AcDbBlockTableRecord
  2
*D4
340
0
  0
BLOCK_RECORD
  5
664
330
1
100
AcDbSymbolTableRecord
100
AcDbBlockTableRecord
  2
*D5
340
0
  0
BLOCK_RECORD
  5
670
330
1
100
AcDbSymbolTableRecord
100
AcDbBlockTableRecord
  2
*D6
340
0
  0
BLOCK_RECORD
  5
67C
330
1
100
AcDbSymbolTableRecord
100
AcDbBlockTableRecord
  2
*D7
340
0
  0
BLOCK_RECORD
  5
688
330
1
100
AcDbSymbolTableRecord
100
AcDbBlockTableRecord
  2
*D8
340
0
  0
BLOCK_RECORD
  5
694
330
1
100
AcDbSymbolTableRecord
100
AcDbBlockTableRecord
  2
*D9
340
0
  0
ENDTAB
  0
ENDSEC
  0
SECTION
  2
BLOCKS
  0
BLOCK
  5
20
330
1FF
100
AcDbEntity
  8
0
100
AcDbBlockBegin
  2
*Model_Space
 70
     0
 10
0.0
 20
0.0
 30
0.0
  3
*Model_Space
  1

  0
ENDBLK
  5
21
330
1FF
100
AcDbEntity
  8
0
100
AcDbBlockEnd
  0
BLOCK
  5
1C
330
200
100
AcDbEntity
 67
     1
  8
0
100
AcDbBlockBegin
  2
*Paper_Space
 70
     0
 10
0.0
 20
0.0
 30
0.0
  3
*Paper_Space
  1

  0
ENDBLK
  5
1D
330
200
100
AcDbEntity
 67
     1
  8
0
100
AcDbBlockEnd
  0
BLOCK
  5
203
330
201
100
AcDbEntity
  8
0
100
AcDbBlockBegin
  2
_FILLED
 70
     0
 10
0.0
 20
0.0
 30
0.0
  3
_FILLED
  1

  0
SOLID
  5
204
330
201
100
AcDbEntity
  8
0
  6
ByBlock
 62
     0
100
AcDbTrace
 10
0.0
 20
0.0
 30
0.0
 11
-1.0
 21
0.1666666667
 31
0.0
 12
-1.0
 22
-0.1666666667
 32
0.0
 13
-1.0
 23
-0.1666666667
 33
0.0
  0
ENDBLK
  5
205
330
201
100
AcDbEntity
  8
0
  6
ByBlock
 62
     0
100
AcDbBlockEnd
  0
BLOCK
  5
641
330
640
100
AcDbEntity
  8
0
100
AcDbBlockBegin
  2
*D2
 70
     1
 10
0.0
 20
0.0
 30
0.0
  3
*D2
  1

  0
LINE
  5
643
330
640
100
AcDbEntity
  8
0
 62
     3
370
    -2
100
AcDbLine
 10
62.72262896490319
 20
197.5795098813993
 30
0.0
 11
65.72262896490319
 21
197.5795098813993
 31
0.0
  0
LINE
  5
644
330
640
100
AcDbEntity
  8
0
 62
     3
370
    -2
100
AcDbLine
 10
65.72262896490319
 20
197.5795098813993
 30
0.0
 11
70.42698056851071
 21
192.8695417229423
 31
0.0
  0
MTEXT
  5
645
102
{ACAD_XDICTIONARY
360
6F4
102
}
330
640
100
AcDbEntity
  8
0
 62
     3
100
AcDbMText
 10
57.49762896490318
 20
197.5795098813993
 30
0.0
 40
3.0
 41
0.0
 71
     5
 72
     1
  1
\A1;\U+22053.60
 73
     1
 44
1.0
1001
ACAD
1000
MTEXTBEGIN
1070
    73
1070
     1
1070
    44
1040
1.0
1070
    74
1070
     0
1000
MTEXTEND
  0
INSERT
  5
646
330
640
100
AcDbEntity
  8
0
 62
     3
370
    -2
100
AcDbBlockReference
  2
_FILLED
 10
72.54703496144151
 20
190.7469561837908
 30
0.0
 41
3.0
 42
3.0
 43
3.0
 50
314.9658175143572
  0
LINE
  5
647
330
640
100
AcDbEntity
  8
0
 62
     3
370
    -2
100
AcDbLine
 10
71.14606759720001
 20
189.4734048603
 30
0.0
 11
76.49206759720001
 21
189.4734048603
 31
0.0
  0
LINE
  5
648
330
640
100
AcDbEntity
  8
0
 62
     3
370
    -2
100
AcDbLine
 10
73.81906759720002
 20
186.8004048603
 30
0.0
 11
73.81906759720002
 21
192.1464048603
 31
0.0
  0
POINT
  5
649
330
640
100
AcDbEntity
  8
Defpoints
 62
     0
100
AcDbPoint
 10
72.54703496144151
 20
190.7469561837908
 30
0.0
  0
POINT
  5
64A
330
640
100
AcDbEntity
  8
Defpoints
 62
     0
100
AcDbPoint
 10
75.09110023295851
 20
188.1998535368091
 30
0.0
  0
ENDBLK
  5
642
330
640
100
AcDbEntity
  8
0
100
AcDbBlockEnd
  0
BLOCK
  5
64D
330
64C
100
AcDbEntity
  8
0
100
AcDbBlockBegin
  2
*D3
 70
     1
 10
0.0
 20
0.0
 30
0.0
  3
*D3
  1

  0
LINE
  5
64F
330
64C
100
AcDbEntity
  8
0
 62
     3
370
    -2
100
AcDbLine
 10
100.6676357384818
 20
197.6903824137436
 30
0.0
 11
103.6676357384818
 21
197.6903824137436
 31
0.0
  0
LINE
  5
650
330
64C
100
AcDbEntity
  8
0
 62
     3
370
    -2
100
AcDbLine
 10
103.6676357384818
 20
197.6903824137436
 30
0.0
 11
109.2475106398797
 21
192.6802695129814
 31
0.0
  0
MTEXT
  5
651
102
{ACAD_XDICTIONARY
360
6F6
102
}
330
64C
100
AcDbEntity
  8
0
 62
     3
100
AcDbMText
 10
95.44263573848187
 20
197.6903824137436
 30
0.0
 40
3.0
 41
0.0
 71
     5
 72
     1
  1
\A1;\U+22053.60
 73
     1
 44
1.0
1001
ACAD
1000
MTEXTBEGIN
1070
    73
1070
     1
1070
    44
1040
1.0
1070
    74
1070
     0
1000
MTEXTEND
  0
INSERT
  5
652
330
64C
100
AcDbEntity
  8
0
 62
     3
370
    -2
100
AcDbBlockReference
  2
_FILLED
 10
111.4797337382049
 20
190.6759791050555
 30
0.0
 41
3.0
 42
3.0
 43
3.0
 50
318.079655481341
  0
LINE
  5
653
330
64C
100
AcDbEntity
  8
0
 62
     3
370
    -2
100
AcDbLine
 10
110.1460675972
 20
189.4734048603
 30
0.0
 11
115.4920675972
 21
189.4734048603
 31
0.0
  0
LINE
  5
654
330
64C
100
AcDbEntity
  8
0
 62
     3
370
    -2
100
AcDbLine
 10
112.8190675972
 20
186.8004048603
 30
0.0
 11
112.8190675972
 21
192.1464048603
 31
0.0
  0
POINT
  5
655
330
64C
100
AcDbEntity
  8
Defpoints
 62
     0
100
AcDbPoint
 10
111.4797337382049
 20
190.6759791050555
 30
0.0
  0
POINT
  5
656
330
64C
100
AcDbEntity
  8
Defpoints
 62
     0
100
AcDbPoint
 10
114.1584014561951
 20
188.2708306155444
 30
0.0
  0
ENDBLK
  5
64E
330
64C
100
AcDbEntity
  8
0
100
AcDbBlockEnd
  0
BLOCK
  5
659
330
658
100
AcDbEntity
  8
0
100
AcDbBlockBegin
  2
*D4
 70
     1
 10
0.0
 20
0.0
 30
0.0
  3
*D4
  1

  0
LINE
  5
65B
330
658
100
AcDbEntity
  8
0
 62
     3
370
    -2
100
AcDbLine
 10
85.96325484510002
 20
178.2420932368769
 30
0.0
 11
82.96325484510001
 21
178.2420932368769
 31
0.0
  0
LINE
  5
65C
330
658
100
AcDbEntity
  8
0
 62
     3
370
    -2
100
AcDbLine
 10
82.96325484510001
 20
178.2420932368769
 30
0.0
 11
68.55662612707618
 21
158.4669100545583
 31
0.0
  0
MTEXT
  5
65D
102
{ACAD_XDICTIONARY
360
6F8
102
}
330
658
100
AcDbEntity
  8
0
 62
     3
100
AcDbMText
 10
90.78825484510003
 20
178.2420932368769
 30
0.0
 40
3.0
 41
0.0
 71
     5
 72
     1
  1
\A1;\U+22051.60
 73
     1
 44
1.0
1001
ACAD
1000
MTEXTBEGIN
1070
    73
1070
     1
1070
    44
1040
1.0
1070
    74
1070
     0
1000
MTEXTEND
  0
INSERT
  5
65E
330
658
100
AcDbEntity
  8
0
 62
     3
370
    -2
100
AcDbBlockReference
  2
_FILLED
 10
66.79013255085815
 20
156.0421419326175
 30
0.0
 41
3.0
 42
3.0
 43
3.0
 50
233.9258901553688
  0
LINE
  5
65F
330
658
100
AcDbEntity
  8
0
 62
     3
370
    -2
100
AcDbLine
 10
63.64606759719998
 20
155.3955371001
 30
0.0
 11
68.99206759719999
 21
155.3955371001
 31
0.0
  0
LINE
  5
660
330
658
100
AcDbEntity
  8
0
 62
     3
370
    -2
100
AcDbLine
 10
66.31906759719999
 20
152.7225371001
 30
0.0
 11
66.31906759719999
 21
158.0685371001
 31
0.0
  0
POINT
  5
661
330
658
100
AcDbEntity
  8
Defpoints
 62
     0
100
AcDbPoint
 10
66.79013255085815
 20
156.0421419326175
 30
0.0
  0
POINT
  5
662
330
658
100
AcDbEntity
  8
Defpoints
 62
     0
100
AcDbPoint
 10
65.84800264354185
 20
154.7489322675824
 30
0.0
  0
ENDBLK
  5
65A
330
658
100
AcDbEntity
  8
0
100
AcDbBlockEnd
  0
BLOCK
  5
665
330
664
100
AcDbEntity
  8
0
100
AcDbBlockBegin
  2
*D5
 70
     1
 10
0.0
 20
0.0
 30
0.0
  3
*D5
  1

  0
LINE
  5
667
330
664
100
AcDbEntity
  8
0
 62
     3
370
    -2
100
AcDbLine
 10
114.4297206972181
 20
172.9568595303754
 30
0.0
 11
117.4297206972181
 21
172.9568595303754
 31
0.0
  0
LINE
  5
668
330
664
100
AcDbEntity
  8
0
 62
     3
370
    -2
100
AcDbLine
 10
117.4297206972181
 20
172.9568595303754
 30
0.0
 11
119.702151519503
 21
159.1451256846088
 31
0.0
  0
MTEXT
  5
669
102
{ACAD_XDICTIONARY
360
6FA
102
}
330
664
100
AcDbEntity
  8
0
 62
     3
100
AcDbMText
 10
109.604720697218
 20
172.9568595303754
 30
0.0
 40
3.0
 41
0.0
 71
     5
 72
     1
  1
\A1;\U+22051.60
 73
     1
 44
1.0
1001
ACAD
1000
MTEXTBEGIN
1070
    73
1070
     1
1070
    44
1040
1.0
1070
    74
1070
     0
1000
MTEXTEND
  0
INSERT
  5
66A
330
664
100
AcDbEntity
  8
0
 62
     3
370
    -2
100
AcDbBlockReference
  2
_FILLED
 10
120.1891905282111
 20
156.1849241705229
 30
0.0
 41
3.0
 42
3.0
 43
3.0
 50
279.3431122886977
  0
LINE
  5
66B
330
664
100
AcDbEntity
  8
0
 62
     3
370
    -2
100
AcDbLine
 10
117.6460675971999
 20
155.3955371001
 30
0.0
 11
122.9920675972
 21
155.3955371001
 31
0.0
  0
LINE
  5
66C
330
664
100
AcDbEntity
  8
0
 62
     3
370
    -2
100
AcDbLine
 10
120.3190675972
 20
152.7225371001
 30
0.0
 11
120.3190675972
 21
158.0685371001
 31
0.0
  0
POINT
  5
66D
330
664
100
AcDbEntity
  8
Defpoints
 62
     0
100
AcDbPoint
 10
120.1891905282111
 20
156.1849241705229
 30
0.0
  0
POINT
  5
66E
330
664
100
AcDbEntity
  8
Defpoints
 62
     0
100
AcDbPoint
 10
120.4489446661888
 20
154.6061500296771
 30
0.0
  0
ENDBLK
  5
666
330
664
100
AcDbEntity
  8
0
100
AcDbBlockEnd
  0
BLOCK
  5
671
330
670
100
AcDbEntity
  8
0
100
AcDbBlockBegin
  2
*D6
 70
     1
 10
0.0
 20
0.0
 30
0.0
  3
*D6
  1

  0
LINE
  5
673
330
670
100
AcDbEntity
  8
0
 62
     3
370
    -2
100
AcDbLine
 10
139.9160995316948
 20
117.9914604597644
 30
0.0
 11
136.9160995316948
 21
117.9914604597644
 31
0.0
  0
LINE
  5
674
330
670
100
AcDbEntity
  8
0
 62
     3
370
    -2
100
AcDbLine
 10
136.9160995316948
 20
117.9914604597644
 30
0.0
 11
124.4944978257971
 21
109.826557924736
 31
0.0
  0
MTEXT
  5
675
102
{ACAD_XDICTIONARY
360
6FC
102
}
330
670
100
AcDbEntity
  8
0
 62
     3
100
AcDbMText
 10
144.7410995316948
 20
117.9914604597644
 30
0.0
 40
3.0
 41
0.0
 71
     5
 72
     1
  1
\A1;\U+22051.60
 73
     1
 44
1.0
1001
ACAD
1000
MTEXTBEGIN
1070
    73
1070
     1
1070
    44
1040
1.0
1070
    74
1070
     0
1000
MTEXTEND
  0
INSERT
  5
676
330
670
100
AcDbEntity
  8
0
 62
     3
370
    -2
100
AcDbBlockReference
  2
_FILLED
 10
121.987579224273
 20
108.1787232469444
 30
0.0
 41
3.0
 42
3.0
 43
3.0
 50
213.3175103337225
  0
LINE
  5
677
330
670
100
AcDbEntity
  8
0
 62
     3
370
    -2
100
AcDbLine
 10
118.6460675972
 20
107.7393006662
 30
0.0
 11
123.9920675972
 21
107.7393006662
 31
0.0
  0
LINE
  5
678
330
670
100
AcDbEntity
  8
0
 62
     3
370
    -2
100
AcDbLine
 10
121.3190675971999
 20
105.0663006662
 30
0.0
 11
121.3190675972
 21
110.4123006662
 31
0.0
  0
POINT
  5
679
330
670
100
AcDbEntity
  8
Defpoints
 62
     0
100
AcDbPoint
 10
121.987579224273
 20
108.1787232469444
 30
0.0
  0
POINT
  5
67A
330
670
100
AcDbEntity
  8
Defpoints
 62
     0
100
AcDbPoint
 10
120.6505559701269
 20
107.2998780854556
 30
0.0
  0
ENDBLK
  5
672
330
670
100
AcDbEntity
  8
0
100
AcDbBlockEnd
  0
BLOCK
  5
67D
330
67C
100
AcDbEntity
  8
0
100
AcDbBlockBegin
  2
*D7
 70
     1
 10
0.0
 20
0.0
 30
0.0
  3
*D7
  1

  0
LINE
  5
67F
330
67C
100
AcDbEntity
  8
0
 62
     3
370
    -2
100
AcDbLine
 10
53.7900683691373
 20
118.6633320955217
 30
0.0
 11
56.7900683691373
 21
118.6633320955217
 31
0.0
  0
LINE
  5
680
330
67C
100
AcDbEntity
  8
0
 62
     3
370
    -2
100
AcDbLine
 10
56.7900683691373
 20
118.6633320955217
 30
0.0
 11
67.06456081317046
 21
109.6348146361888
 31
0.0
  0
MTEXT
  5
681
102
{ACAD_XDICTIONARY
360
6FE
102
}
330
67C
100
AcDbEntity
  8
0
 62
     3
100
AcDbMText
 10
48.96506836913729
 20
118.6633320955217
 30
0.0
 40
3.0
 41
0.0
 71
     5
 72
     1
  1
\A1;\U+22051.60
 73
     1
 44
1.0
1001
ACAD
1000
MTEXTBEGIN
1070
    73
1070
     1
1070
    44
1040
1.0
1070
    74
1070
     0
1000
MTEXTEND
  0
INSERT
  5
682
330
67C
100
AcDbEntity
  8
0
 62
     3
370
    -2
100
AcDbBlockReference
  2
_FILLED
 10
69.31811880056219
 20
107.6545428373029
 30
0.0
 41
3.0
 42
3.0
 43
3.0
 50
318.6932172001994
  0
LINE
  5
683
330
67C
100
AcDbEntity
  8
0
 62
     3
370
    -2
100
AcDbLine
 10
67.24606759719998
 20
107.1264703576
 30
0.0
 11
72.59206759720001
 21
107.1264703576
 31
0.0
  0
LINE
  5
684
330
67C
100
AcDbEntity
  8
0
 62
     3
370
    -2
100
AcDbLine
 10
69.91906759719999
 20
104.4534703576
 30
0.0
 11
69.91906759719999
 21
109.7994703576
 31
0.0
  0
POINT
  5
685
330
67C
100
AcDbEntity
  8
Defpoints
 62
     0
100
AcDbPoint
 10
69.31811880056219
 20
107.6545428373029
 30
0.0
  0
POINT
  5
686
330
67C
100
AcDbEntity
  8
Defpoints
 62
     0
100
AcDbPoint
 10
70.52001639383781
 20
106.5983978778971
 30
0.0
  0
ENDBLK
  5
67E
330
67C
100
AcDbEntity
  8
0
100
AcDbBlockEnd
  0
BLOCK
  5
689
330
688
100
AcDbEntity
  8
0
100
AcDbBlockBegin
  2
*D8
 70
     1
 10
0.0
 20
0.0
 30
0.0
  3
*D8
  1

  0
LINE
  5
68B
330
688
100
AcDbEntity
  8
0
 62
     3
370
    -2
100
AcDbLine
 10
129.32362022712
 20
34.35781848324228
 30
0.0
 11
126.32362022712
 21
34.35781848324228
 31
0.0
  0
LINE
  5
68C
330
688
100
AcDbEntity
  8
0
 62
     3
370
    -2
100
AcDbLine
 10
126.32362022712
 20
34.35781848324228
 30
0.0
 11
116.861642729082
 21
40.46591145919729
 31
0.0
  0
MTEXT
  5
68D
102
{ACAD_XDICTIONARY
360
700
102
}
330
688
100
AcDbEntity
  8
0
 62
     3
100
AcDbMText
 10
134.1486202271201
 20
34.35781848324226
 30
0.0
 40
3.0
 41
0.0
 71
     5
 72
     1
  1
\A1;\U+22051.60
 73
     1
 44
1.0
1001
ACAD
1000
MTEXTBEGIN
1070
    73
1070
     1
1070
    44
1040
1.0
1070
    74
1070
     0
1000
MTEXTEND
  0
INSERT
  5
68E
330
688
100
AcDbEntity
  8
0
 62
     3
370
    -2
100
AcDbBlockReference
  2
_FILLED
 10
114.3411886775962
 20
42.09296750443627
 30
0.0
 41
3.0
 42
3.0
 43
3.0
 50
147.1561053110643
  0
LINE
  5
68F
330
688
100
AcDbEntity
  8
0
 62
     3
370
    -2
100
AcDbLine
 10
110.9960675972
 20
42.52684911649998
 30
0.0
 11
116.3420675972
 21
42.5268491165
 31
0.0
  0
LINE
  5
690
330
688
100
AcDbEntity
  8
0
 62
     3
370
    -2
100
AcDbLine
 10
113.6690675972
 20
39.85384911649999
 30
0.0
 11
113.6690675972
 21
45.1998491165
 31
0.0
  0
POINT
  5
691
330
688
100
AcDbEntity
  8
Defpoints
 62
     0
100
AcDbPoint
 10
114.3411886775962
 20
42.09296750443627
 30
0.0
  0
POINT
  5
692
330
688
100
AcDbEntity
  8
Defpoints
 62
     0
100
AcDbPoint
 10
112.9969465168038
 20
42.96073072856373
 30
0.0
  0
ENDBLK
  5
68A
330
688
100
AcDbEntity
  8
0
100
AcDbBlockEnd
  0
BLOCK
  5
695
330
694
100
AcDbEntity
  8
0
100
AcDbBlockBegin
  2
*D9
 70
     1
 10
0.0
 20
0.0
 30
0.0
  3
*D9
  1

  0
LINE
  5
697
330
694
100
AcDbEntity
  8
0
 62
     3
370
    -2
100
AcDbLine
 10
59.76847922316169
 20
33.04735325327796
 30
0.0
 11
62.76847922316169
 21
33.04735325327796
 31
0.0
  0
LINE
  5
698
330
694
100
AcDbEntity
  8
0
 62
     3
370
    -2
100
AcDbLine
 10
62.76847922316169
 20
33.04735325327796
 30
0.0
 11
70.18547591365084
 21
39.94003305437346
 31
0.0
  0
MTEXT
  5
699
102
{ACAD_XDICTIONARY
360
702
102
}
330
694
100
AcDbEntity
  8
0
 62
     3
100
AcDbMText
 10
54.94347922316169
 20
33.04735325327795
 30
0.0
 40
3.0
 41
0.0
 71
     5
 72
     1
  1
\A1;\U+22051.60
 73
     1
 44
1.0
1001
ACAD
1000
MTEXTBEGIN
1070
    73
1070
     1
1070
    44
1040
1.0
1070
    74
1070
     0
1000
MTEXTEND
  0
INSERT
  5
69A
330
694
100
AcDbEntity
  8
0
 62
     3
370
    -2
100
AcDbBlockReference
  2
_FILLED
 10
72.38304829540019
 20
41.98225626131547
 30
0.0
 41
3.0
 42
3.0
 43
3.0
 50
42.90157996319874
  0
LINE
  5
69B
330
694
100
AcDbEntity
  8
0
 62
     3
370
    -2
100
AcDbLine
 10
70.2960675972
 20
42.5268491165
 30
0.0
 11
75.6420675972
 21
42.52684911649999
 31
0.0
  0
LINE
  5
69C
330
694
100
AcDbEntity
  8
0
 62
     3
370
    -2
100
AcDbLine
 10
72.96906759720001
 20
39.8538491165
 30
0.0
 11
72.96906759720001
 21
45.19984911649999
 31
0.0
  0
POINT
  5
69D
330
694
100
AcDbEntity
  8
Defpoints
 62
     0
100
AcDbPoint
 10
72.38304829540019
 20
41.98225626131547
 30
0.0
  0
POINT
  5
69E
330
694
100
AcDbEntity
  8
Defpoints
 62
     0
100
AcDbPoint
 10
73.55508689899983
 20
43.07144197168454
 30
0.0
  0
ENDBLK
  5
696
330
694
100
AcDbEntity
  8
0
100
AcDbBlockEnd
  0
ENDSEC
  0
SECTION
  2
ENTITIES
  0
LINE
  5
206
330
1FF
100
AcDbEntity
  8
0
  6
Continuous
 62
     7
100
AcDbLine
 10
0.0
 20
0.0
 30
0.0
 11
0.0
 21
210.0
 31
0.0
  0
LINE
  5
207
330
1FF
100
AcDbEntity
  8
0
  6
Continuous
 62
     7
100
AcDbLine
 10
0.0
 20
0.0
 30
0.0
 11
297.0
 21
0.0
 31
0.0
  0
LINE
  5
208
330
1FF
100
AcDbEntity
  8
0
  6
Continuous
 62
     7
100
AcDbLine
 10
0.0
 20
210.0
 30
0.0
 11
297.0
 21
210.0
 31
0.0
  0
LINE
  5
209
330
1FF
100
AcDbEntity
  8
0
  6
Continuous
 62
     7
100
AcDbLine
 10
297.0
 20
0.0
 30
0.0
 11
297.0
 21
210.0
 31
0.0
  0
LINE
  5
20A
330
1FF
100
AcDbEntity
  8
0
  6
Continuous
 62
     7
100
AcDbLine
 10
77.9544599595
 20
35.55147035760001
 30
0.0
 11
86.433749392
 21
35.55147035760001
 31
0.0
  0
LINE
  5
20B
330
1FF
100
AcDbEntity
  8
0
  6
Continuous
 62
     7
100
AcDbLine
 10
86.49108277879999
 20
35.55147035760001
 30
0.0
 11
116.5690675679
 21
35.55147035800001
 31
0.0
  0
LINE
  5
20C
330
1FF
100
AcDbEntity
  8
0
  6
Continuous
 62
     7
100
AcDbLine
 10
77.89705619109999
 20
35.55147035760001
 30
0.0
 11
70.0690676277
 21
35.5514703582
 31
0.0
  0
LINE
  5
20D
330
1FF
100
AcDbEntity
  8
0
  6
Continuous
 62
     7
100
AcDbLine
 10
102.8690678243
 20
35.83431307010001
 30
0.0
 11
109.419063951
 21
35.83431307010001
 31
0.0
  0
LINE
  5
20E
330
1FF
100
AcDbEntity
  8
0
  6
Continuous
 62
     7
100
AcDbLine
 10
78.71906903750001
 20
35.8443176214
 30
0.0
 11
85.6690806391
 21
35.8443176214
 31
0.0
  0
LINE
  5
20F
330
1FF
100
AcDbEntity
  8
0
  6
Continuous
 62
     7
100
AcDbLine
 10
109.4190675972
 20
35.89289171380001
 30
0.0
 11
102.8690677872
 21
35.8928917185
 31
0.0
  0
LINE
  5
210
330
1FF
100
AcDbEntity
  8
0
  6
Continuous
 62
     7
100
AcDbLine
 10
78.71906903750001
 20
35.9028962652
 30
0.0
 11
85.66907904770001
 21
35.9028962652
 31
0.0
  0
LWPOLYLINE
  5
211
330
1FF
100
AcDbEntity
  8
0
  6
Continuous
 62
     7
100
AcDbPolyline
 90
        5
 70
     0
 43
0.0
 10
85.6690807831
 20
35.8443176051
 10
85.78381399220001
 20
35.8392314119
 10
86.1166117582
 20
35.7648549504
 10
86.44874253180001
 20
35.5845671217
 10
86.4910557872
 20
35.55147035760001
  0
LWPOLYLINE
  5
212
330
1FF
100
AcDbEntity
  8
0
  6
Continuous
 62
     7
100
AcDbPolyline
 90
        6
 70
     0
 43
0.0
 10
109.4190640843
 20
35.8343155543
 10
109.4432864624
 20
35.8328444187
 10
109.4975669708
 20
35.818263921
 10
109.5496280885
 20
35.785817812
 10
109.5963882594
 20
35.7268244198
 10
109.6190783882
 20
35.6352376833
  0
LINE
  5
213
330
1FF
100
AcDbEntity
  8
0
  6
Continuous
 62
     7
100
AcDbLine
 10
116.5690676013
 20
37.751470358
 30
0.0
 11
70.06906759029999
 21
37.7514703583
 31
0.0
  0
LINE
  5
214
330
1FF
100
AcDbEntity
  8
0
  6
Continuous
 62
     7
100
AcDbLine
 10
127.6690675966
 20
46.6514703881
 30
0.0
 11
125.4690675966
 21
46.6514703902
 31
0.0
  0
LINE
  5
215
330
1FF
100
AcDbEntity
  8
0
  6
Continuous
 62
     7
100
AcDbLine
 10
58.9690675976
 20
46.65147038699999
 30
0.0
 11
61.1690675976
 21
46.65147038899999
 31
0.0
  0
LINE
  5
216
330
1FF
100
AcDbEntity
  8
0
  6
Continuous
 62
     7
100
AcDbLine
 10
77.71906759640001
 20
51.02647035770001
 30
0.0
 11
108.9190676537
 21
51.0264703651
 31
0.0
  0
LINE
  5
217
330
1FF
100
AcDbEntity
  8
0
  6
Continuous
 62
     7
100
AcDbLine
 10
104.3190675972
 20
51.1936116531
 30
0.0
 11
100.3190675972
 21
51.1936116531
 31
0.0
  0
LINE
  5
218
330
1FF
100
AcDbEntity
  8
0
  6
Continuous
 62
     7
100
AcDbLine
 10
82.31906759720001
 20
51.1936116531
 30
0.0
 11
86.31906759719999
 21
51.1936116531
 31
0.0
  0
LINE
  5
219
330
1FF
100
AcDbEntity
  8
0
  6
Continuous
 62
     7
100
AcDbLine
 10
77.7190675967
 20
51.52647035770001
 30
0.0
 11
82.31906759720001
 21
51.52647035760001
 31
0.0
  0
LINE
  5
21A
330
1FF
100
AcDbEntity
  8
0
  6
Continuous
 62
     7
100
AcDbLine
 10
86.31906759719999
 20
51.52647035760001
 30
0.0
 11
100.3190675972
 21
51.52647035760001
 31
0.0
  0
LINE
  5
21B
330
1FF
100
AcDbEntity
  8
0
  6
Continuous
 62
     7
100
AcDbLine
 10
104.3190675972
 20
51.52647035760001
 30
0.0
 11
108.919067627
 21
51.5264703621
 31
0.0
  0
LINE
  5
21C
330
1FF
100
AcDbEntity
  8
0
  6
Continuous
 62
     7
100
AcDbLine
 10
77.7190623908
 20
51.626502881
 30
0.0
 11
82.31906759720001
 21
51.626502881
 31
0.0
  0
LINE
  5
21D
330
1FF
100
AcDbEntity
  8
0
  6
Continuous
 62
     7
100
AcDbLine
 10
86.31906759719999
 20
51.626502881
 30
0.0
 11
100.3190675972
 21
51.626502881
 31
0.0
  0
LINE
  5
21E
330
1FF
100
AcDbEntity
  8
0
  6
Continuous
 62
     7
100
AcDbLine
 10
104.3190675972
 20
51.626502881
 30
0.0
 11
108.9190728037
 21
51.626502881
 31
0.0
  0
LINE
  5
21F
330
1FF
100
AcDbEntity
  8
0
  6
Continuous
 62
     7
100
AcDbLine
 10
108.9190675972
 20
51.7264703576
 30
0.0
 11
104.8690675972
 21
51.7264703576
 31
0.0
  0
LINE
  5
220
330
1FF
100
AcDbEntity
  8
0
  6
Continuous
 62
     7
100
AcDbLine
 10
99.7690675972
 20
51.7264703576
 30
0.0
 11
86.86906759719999
 21
51.7264703576
 31
0.0
  0
LINE
  5
221
330
1FF
100
AcDbEntity
  8
0
  6
Continuous
 62
     7
100
AcDbLine
 10
81.76906759720001
 20
51.7264703576
 30
0.0
 11
77.71906759720001
 21
51.7264703576
 31
0.0
  0
LINE
  5
222
330
1FF
100
AcDbEntity
  8
0
  6
Continuous
 62
     7
100
AcDbLine
 10
104.3190675972
 20
51.7532558361
 30
0.0
 11
100.3190675972
 21
51.7532558361
 31
0.0
  0
LINE
  5
223
330
1FF
100
AcDbEntity
  8
0
  6
Continuous
 62
     7
100
AcDbLine
 10
86.31906759719999
 20
51.7532558361
 30
0.0
 11
82.31906759720001
 21
51.7532558361
 31
0.0
  0
LINE
  5
224
330
1FF
100
AcDbEntity
  8
0
  6
Continuous
 62
     7
100
AcDbLine
 10
104.3190675972
 20
51.9264703576
 30
0.0
 11
100.3190675972
 21
51.9264703576
 31
0.0
  0
LINE
  5
225
330
1FF
100
AcDbEntity
  8
0
  6
Continuous
 62
     7
100
AcDbLine
 10
86.31906759719999
 20
51.9264703576
 30
0.0
 11
82.31906759720001
 21
51.9264703576
 31
0.0
  0
LINE
  5
226
330
1FF
100
AcDbEntity
  8
0
  6
Continuous
 62
     7
100
AcDbLine
 10
104.3690675972
 20
52.2264703576
 30
0.0
 11
100.2690675972
 21
52.2264703576
 31
0.0
  0
LINE
  5
227
330
1FF
100
AcDbEntity
  8
0
  6
Continuous
 62
     7
100
AcDbLine
 10
86.36906759719998
 20
52.2264703576
 30
0.0
 11
82.2690675972
 21
52.2264703576
 31
0.0
  0
LINE
  5
228
330
1FF
100
AcDbEntity
  8
0
  6
Continuous
 62
     7
100
AcDbLine
 10
75.7190676017
 20
53.5264703279
 30
0.0
 11
75.2190676047
 21
53.5264703081
 31
0.0
  0
LINE
  5
229
330
1FF
100
AcDbEntity
  8
0
  6
Continuous
 62
     7
100
AcDbLine
 10
110.9190675972
 20
53.5264703571
 30
0.0
 11
111.4190675971
 21
53.5264703567
 31
0.0
  0
LINE
  5
22A
330
1FF
100
AcDbEntity
  8
0
  6
Continuous
 62
     7
100
AcDbLine
 10
58.6190675972
 20
76.38019951850001
 30
0.0
 11
58.6190675972
 21
80.2227411966
 31
0.0
  0
LINE
  5
22B
330
1FF
100
AcDbEntity
  8
0
  6
Continuous
 62
     7
100
AcDbLine
 10
58.6190675972
 20
88.3801995185
 30
0.0
 11
58.6190675972
 21
92.22274119659999
 31
0.0
  0
LINE
  5
22C
330
1FF
100
AcDbEntity
  8
0
  6
Continuous
 62
     7
100
AcDbLine
 10
58.9690675976
 20
46.65147038699999
 30
0.0
 11
58.9690675979
 21
153.6014703271
 31
0.0
  0
LINE
  5
22D
330
1FF
100
AcDbEntity
  8
0
  6
Continuous
 62
     7
100
AcDbLine
 10
110.9190675928
 20
64.72647038729999
 30
0.0
 11
111.4190675898
 21
64.7264704071
 31
0.0
  0
LINE
  5
22E
330
1FF
100
AcDbEntity
  8
0
  6
Continuous
 62
     7
100
AcDbLine
 10
75.7190675973
 20
64.7264703581
 30
0.0
 11
75.2190675973
 21
64.72647035850001
 31
0.0
  0
LINE
  5
22F
330
1FF
100
AcDbEntity
  8
0
  6
Continuous
 62
     7
100
AcDbLine
 10
91.26906759719998
 20
65.92647035759999
 30
0.0
 11
95.36906759719999
 21
65.92647035759999
 31
0.0
  0
LINE
  5
230
330
1FF
100
AcDbEntity
  8
0
  6
Continuous
 62
     7
100
AcDbLine
 10
95.3190675972
 20
66.2264703576
 30
0.0
 11
91.31906759719999
 21
66.2264703576
 31
0.0
  0
LINE
  5
231
330
1FF
100
AcDbEntity
  8
0
  6
Continuous
 62
     7
100
AcDbLine
 10
91.31906759719999
 20
66.37081579220001
 30
0.0
 11
95.3190675972
 21
66.37081579220001
 31
0.0
  0
LINE
  5
232
330
1FF
100
AcDbEntity
  8
0
  6
Continuous
 62
     7
100
AcDbLine
 10
77.71906759720001
 20
66.52647035760001
 30
0.0
 11
90.76906759719999
 21
66.52647035760001
 31
0.0
  0
LINE
  5
233
330
1FF
100
AcDbEntity
  8
0
  6
Continuous
 62
     7
100
AcDbLine
 10
95.86906759719999
 20
66.52647035760001
 30
0.0
 11
108.9190675972
 21
66.52647035760001
 31
0.0
  0
LINE
  5
234
330
1FF
100
AcDbEntity
  8
0
  6
Continuous
 62
     7
100
AcDbLine
 10
61.1690675976
 20
46.6514703535
 30
0.0
 11
61.16906759789999
 21
153.6014703645
 31
0.0
  0
LINE
  5
235
330
1FF
100
AcDbEntity
  8
0
  6
Continuous
 62
     7
100
AcDbLine
 10
108.9190728037
 20
66.626502881
 30
0.0
 11
95.3190675972
 21
66.626502881
 31
0.0
  0
LINE
  5
236
330
1FF
100
AcDbEntity
  8
0
  6
Continuous
 62
     7
100
AcDbLine
 10
91.31906759719999
 20
66.626502881
 30
0.0
 11
77.7190623908
 21
66.626502881
 31
0.0
  0
LINE
  5
237
330
1FF
100
AcDbEntity
  8
0
  6
Continuous
 62
     7
100
AcDbLine
 10
108.9190675978
 20
66.7264703575
 30
0.0
 11
95.3190675972
 21
66.7264703576
 31
0.0
  0
LINE
  5
238
330
1FF
100
AcDbEntity
  8
0
  6
Continuous
 62
     7
100
AcDbLine
 10
91.31906759719999
 20
66.7264703576
 30
0.0
 11
77.7190675675
 21
66.72647035309999
 31
0.0
  0
LINE
  5
239
330
1FF
100
AcDbEntity
  8
0
  6
Continuous
 62
     7
100
AcDbLine
 10
91.31906759719999
 20
66.9933308371
 30
0.0
 11
95.3190675972
 21
66.9933308371
 31
0.0
  0
LINE
  5
23A
330
1FF
100
AcDbEntity
  8
0
  6
Continuous
 62
     7
100
AcDbLine
 10
108.919067598
 20
67.2264703575
 30
0.0
 11
77.71906749119999
 21
67.2264703501
 31
0.0
  0
LINE
  5
23B
330
1FF
100
AcDbEntity
  8
0
  6
Continuous
 62
     7
100
AcDbLine
 10
85.319067597
 20
67.6264703576
 30
0.0
 11
101.3190675776
 21
67.6264703577
 31
0.0
  0
LINE
  5
23C
330
1FF
100
AcDbEntity
  8
0
  6
Continuous
 62
     7
100
AcDbLine
 10
85.31906759439999
 20
67.92647035759999
 30
0.0
 11
101.3190675855
 21
67.92647035769999
 31
0.0
  0
LINE
  5
23D
330
1FF
100
AcDbEntity
  8
0
  6
Continuous
 62
     7
100
AcDbLine
 10
84.31906759729999
 20
68.9264703693
 30
0.0
 11
84.0190675973
 21
68.9264703779
 31
0.0
  0
LINE
  5
23E
330
1FF
100
AcDbEntity
  8
0
  6
Continuous
 62
     7
100
AcDbLine
 10
102.3190675972
 20
68.92647035479999
 30
0.0
 11
102.6190675972
 21
68.92647035270001
 31
0.0
  0
LINE
  5
23F
330
1FF
100
AcDbEntity
  8
0
  6
Continuous
 62
     7
100
AcDbLine
 10
84.31906759729999
 20
69.2264703604
 30
0.0
 11
84.0190675973
 21
69.22647036249999
 31
0.0
  0
LINE
  5
240
330
1FF
100
AcDbEntity
  8
0
  6
Continuous
 62
     7
100
AcDbLine
 10
102.3190675972
 20
69.22647034589999
 30
0.0
 11
102.6190675970999
 21
69.2264703373
 31
0.0
  0
LINE
  5
241
330
1FF
100
AcDbEntity
  8
0
  6
Continuous
 62
     7
100
AcDbLine
 10
101.3190676
 20
70.22647035760001
 30
0.0
 11
85.3190676089
 21
70.22647035750001
 31
0.0
  0
LINE
  5
242
330
1FF
100
AcDbEntity
  8
0
  6
Continuous
 62
     7
100
AcDbLine
 10
101.3190675975
 20
70.5264703576
 30
0.0
 11
85.3190675966
 21
70.5264703575
 31
0.0
  0
LINE
  5
243
330
1FF
100
AcDbEntity
  8
0
  6
Continuous
 62
     7
100
AcDbLine
 10
70.0690676266
 20
164.7014703572
 30
0.0
 11
70.06906762859999
 21
162.5014703572
 31
0.0
  0
LINE
  5
244
330
1FF
100
AcDbEntity
  8
0
  6
Continuous
 62
     7
100
AcDbLine
 10
70.0690676277
 20
35.5514703582
 30
0.0
 11
70.06906762979999
 21
37.7514703583
 31
0.0
  0
LINE
  5
245
330
1FF
100
AcDbEntity
  8
0
  6
Continuous
 62
     7
100
AcDbLine
 10
58.6190675972
 20
76.8014703576
 30
0.0
 11
58.96906759770001
 21
76.8014703576
 31
0.0
  0
LINE
  5
246
330
1FF
100
AcDbEntity
  8
0
  6
Continuous
 62
     7
100
AcDbLine
 10
127.6690675967
 20
76.8014703576
 30
0.0
 11
128.0190675972
 21
76.8014703576
 31
0.0
  0
LINE
  5
247
330
1FF
100
AcDbEntity
  8
0
  6
Continuous
 62
     7
100
AcDbLine
 10
128.0190675972
 20
79.80147035759999
 30
0.0
 11
127.6690675967
 21
79.80147035759999
 31
0.0
  0
LINE
  5
248
330
1FF
100
AcDbEntity
  8
0
  6
Continuous
 62
     7
100
AcDbLine
 10
58.96906759770001
 20
79.80147035759999
 30
0.0
 11
58.6190675972
 21
79.80147035759999
 31
0.0
  0
LINE
  5
249
330
1FF
100
AcDbEntity
  8
0
  6
Continuous
 62
     7
100
AcDbLine
 10
75.2190675973
 20
64.72647035840001
 30
0.0
 11
75.2190676047
 21
53.52647030109999
 31
0.0
  0
LINE
  5
24A
330
1FF
100
AcDbEntity
  8
0
  6
Continuous
 62
     7
100
AcDbLine
 10
75.7190675973
 20
64.7264703581
 30
0.0
 11
75.7190676017
 21
53.5264703279
 31
0.0
  0
LINE
  5
24B
330
1FF
100
AcDbEntity
  8
0
  6
Continuous
 62
     7
100
AcDbLine
 10
75.8190623908
 20
64.726502881
 30
0.0
 11
75.8190623908
 21
53.52650288100001
 31
0.0
  0
LINE
  5
24C
330
1FF
100
AcDbEntity
  8
0
  6
Continuous
 62
     7
100
AcDbLine
 10
75.9190675972
 20
53.5264703576
 30
0.0
 11
75.9190675972
 21
64.72647035760001
 31
0.0
  0
LINE
  5
24D
330
1FF
100
AcDbEntity
  8
0
  6
Continuous
 62
     7
100
AcDbLine
 10
77.7190675675
 20
66.72647035309999
 30
0.0
 11
77.7190675477
 21
67.2264703501
 31
0.0
  0
LINE
  5
24E
330
1FF
100
AcDbEntity
  8
0
  6
Continuous
 62
     7
100
AcDbLine
 10
77.7190675967
 20
51.52647035770001
 30
0.0
 11
77.71906759640001
 21
51.02647035770001
 31
0.0
  0
LINE
  5
24F
330
1FF
100
AcDbEntity
  8
0
  6
Continuous
 62
     7
100
AcDbLine
 10
78.71906903750001
 20
35.9028962652
 30
0.0
 11
78.71906903750001
 21
35.55147035760001
 31
0.0
  0
LINE
  5
250
330
1FF
100
AcDbEntity
  8
0
  6
Continuous
 62
     7
100
AcDbLine
 10
79.3190675972
 20
66.626502881
 30
0.0
 11
79.3190675972
 21
66.7264703576
 31
0.0
  0
LINE
  5
251
330
1FF
100
AcDbEntity
  8
0
  6
Continuous
 62
     7
100
AcDbLine
 10
82.31906759720001
 20
51.9262063703
 30
0.0
 11
82.31906759720001
 21
51.1936116531
 31
0.0
  0
LINE
  5
252
330
1FF
100
AcDbEntity
  8
0
  6
Continuous
 62
     7
100
AcDbLine
 10
84.0190675973
 20
69.22647035779999
 30
0.0
 11
84.0190675973
 21
68.9264703569
 31
0.0
  0
LINE
  5
253
330
1FF
100
AcDbEntity
  8
0
  6
Continuous
 62
     7
100
AcDbLine
 10
58.6190675972
 20
88.8014703576
 30
0.0
 11
58.96906759770001
 21
88.8014703576
 31
0.0
  0
LINE
  5
254
330
1FF
100
AcDbEntity
  8
0
  6
Continuous
 62
     7
100
AcDbLine
 10
127.6690675967
 20
88.8014703576
 30
0.0
 11
128.0190675972
 21
88.8014703576
 31
0.0
  0
LINE
  5
255
330
1FF
100
AcDbEntity
  8
0
  6
Continuous
 62
     7
100
AcDbLine
 10
84.31906759729999
 20
69.2264703604
 30
0.0
 11
84.31906759729999
 21
68.9264703693
 31
0.0
  0
LINE
  5
256
330
1FF
100
AcDbEntity
  8
0
  6
Continuous
 62
     7
100
AcDbLine
 10
85.31906759439999
 20
67.92647035759999
 30
0.0
 11
85.31906759239999
 21
67.6264703576
 31
0.0
  0
LINE
  5
257
330
1FF
100
AcDbEntity
  8
0
  6
Continuous
 62
     7
100
AcDbLine
 10
85.3190676089
 20
70.22647035750001
 30
0.0
 11
85.31906761749999
 21
70.5264703575
 31
0.0
  0
LINE
  5
258
330
1FF
100
AcDbEntity
  8
0
  6
Continuous
 62
     7
100
AcDbLine
 10
85.66907904770001
 20
35.55147035760001
 30
0.0
 11
85.66907904770001
 21
35.8443176051
 31
0.0
  0
LINE
  5
259
330
1FF
100
AcDbEntity
  8
0
  6
Continuous
 62
     7
100
AcDbLine
 10
85.6690806389
 20
35.844317648
 30
0.0
 11
85.66908161870001
 21
35.9028962652
 31
0.0
  0
LINE
  5
25A
330
1FF
100
AcDbEntity
  8
0
  6
Continuous
 62
     7
100
AcDbLine
 10
86.31906759719999
 20
51.1936116531
 30
0.0
 11
86.31906759719999
 21
51.92620644779999
 31
0.0
  0
LINE
  5
25B
330
1FF
100
AcDbEntity
  8
0
  6
Continuous
 62
     7
100
AcDbLine
 10
128.0190675972
 20
91.80147035759999
 30
0.0
 11
127.6690675967
 21
91.80147035759999
 31
0.0
  0
LINE
  5
25C
330
1FF
100
AcDbEntity
  8
0
  6
Continuous
 62
     7
100
AcDbLine
 10
58.96906759770001
 20
91.80147035759999
 30
0.0
 11
58.6190675972
 21
91.80147035759999
 31
0.0
  0
LINE
  5
25D
330
1FF
100
AcDbEntity
  8
0
  6
Continuous
 62
     7
100
AcDbLine
 10
91.0190675972
 20
66.2764703576
 30
0.0
 11
91.0190675972
 21
66.1764703576
 31
0.0
  0
LINE
  5
25E
330
1FF
100
AcDbEntity
  8
0
  6
Continuous
 62
     7
100
AcDbLine
 10
91.31906759719999
 20
66.9933308371
 30
0.0
 11
91.31906759719999
 21
66.2264703576
 31
0.0
  0
LINE
  5
25F
330
1FF
100
AcDbEntity
  8
0
  6
Continuous
 62
     7
100
AcDbLine
 10
95.3190675972
 20
66.2264703576
 30
0.0
 11
95.3190675972
 21
66.9933308371
 31
0.0
  0
LINE
  5
260
330
1FF
100
AcDbEntity
  8
0
  6
Continuous
 62
     7
100
AcDbLine
 10
95.61906759719999
 20
66.1764703576
 30
0.0
 11
95.61906759719999
 21
66.2764703576
 31
0.0
  0
LINE
  5
261
330
1FF
100
AcDbEntity
  8
0
  6
Continuous
 62
     7
100
AcDbLine
 10
100.3190675972
 20
51.9262063703
 30
0.0
 11
100.3190675972
 21
51.1936116531
 31
0.0
  0
LINE
  5
262
330
1FF
100
AcDbEntity
  8
0
  6
Continuous
 62
     7
100
AcDbLine
 10
101.3190676
 20
70.22647035760001
 30
0.0
 11
101.3190676021
 21
70.5264703576
 31
0.0
  0
LINE
  5
263
330
1FF
100
AcDbEntity
  8
0
  6
Continuous
 62
     7
100
AcDbLine
 10
101.3190675855
 20
67.92647035769999
 30
0.0
 11
101.319067577
 21
67.6264703577
 31
0.0
  0
LINE
  5
264
330
1FF
100
AcDbEntity
  8
0
  6
Continuous
 62
     7
100
AcDbLine
 10
102.3190675972
 20
68.92647035479999
 30
0.0
 11
102.3190675972
 21
69.22647034589999
 31
0.0
  0
LINE
  5
265
330
1FF
100
AcDbEntity
  8
0
  6
Continuous
 62
     7
100
AcDbLine
 10
102.6190675972
 20
68.92647035739999
 30
0.0
 11
102.6190675970999
 21
69.2264703582
 31
0.0
  0
LINE
  5
266
330
1FF
100
AcDbEntity
  8
0
  6
Continuous
 62
     7
100
AcDbLine
 10
102.6690678243
 20
35.55147035760001
 30
0.0
 11
102.6690678243
 21
35.6343130701
 31
0.0
  0
LINE
  5
267
330
1FF
100
AcDbEntity
  8
0
  6
Continuous
 62
     7
100
AcDbLine
 10
102.8690678243
 20
35.83431356670001
 30
0.0
 11
102.8690678243
 21
35.89289171380001
 31
0.0
  0
LINE
  5
268
330
1FF
100
AcDbEntity
  8
0
  6
Continuous
 62
     7
100
AcDbLine
 10
104.3190675972
 20
51.1936116531
 30
0.0
 11
104.3190675972
 21
51.92620644779999
 31
0.0
  0
LINE
  5
269
330
1FF
100
AcDbEntity
  8
0
  6
Continuous
 62
     7
100
AcDbLine
 10
107.3190675972
 20
66.626502881
 30
0.0
 11
107.3190675972
 21
66.7264703576
 31
0.0
  0
LINE
  5
26A
330
1FF
100
AcDbEntity
  8
0
  6
Continuous
 62
     7
100
AcDbLine
 10
108.919067627
 20
51.5264703621
 30
0.0
 11
108.9190676468
 21
51.0264703651
 31
0.0
  0
LINE
  5
26B
330
1FF
100
AcDbEntity
  8
0
  6
Continuous
 62
     7
100
AcDbLine
 10
108.9190675978
 20
66.7264703575
 30
0.0
 11
108.9190675981
 21
67.2264703575
 31
0.0
  0
LINE
  5
26C
330
1FF
100
AcDbEntity
  8
0
  6
Continuous
 62
     7
100
AcDbLine
 10
109.4190676193
 20
35.8343131462
 30
0.0
 11
109.4190676193
 21
35.89289171380001
 31
0.0
  0
LINE
  5
26D
330
1FF
100
AcDbEntity
  8
0
  6
Continuous
 62
     7
100
AcDbLine
 10
109.6190670692
 20
35.6352396393
 30
0.0
 11
109.6190675972
 21
35.55147035760001
 31
0.0
  0
LINE
  5
26E
330
1FF
100
AcDbEntity
  8
0
  6
Continuous
 62
     7
100
AcDbLine
 10
110.7190675972
 20
64.72647035760001
 30
0.0
 11
110.7190675972
 21
53.5264703576
 31
0.0
  0
LINE
  5
26F
330
1FF
100
AcDbEntity
  8
0
  6
Continuous
 62
     7
100
AcDbLine
 10
110.8190728037
 20
53.52650288100001
 30
0.0
 11
110.8190728037
 21
64.726502881
 31
0.0
  0
LINE
  5
270
330
1FF
100
AcDbEntity
  8
0
  6
Continuous
 62
     7
100
AcDbLine
 10
110.9190675972
 20
53.5264703571
 30
0.0
 11
110.9190675928
 21
64.72647038729999
 31
0.0
  0
LINE
  5
271
330
1FF
100
AcDbEntity
  8
0
  6
Continuous
 62
     7
100
AcDbLine
 10
111.4190675971
 20
53.5264703568
 30
0.0
 11
111.4190675898
 21
64.72647041409999
 31
0.0
  0
LINE
  5
272
330
1FF
100
AcDbEntity
  8
0
  6
Continuous
 62
     7
100
AcDbLine
 10
102.6690552401
 20
35.6347994886
 30
0.0
 11
102.6763115653
 21
35.6876681436
 31
0.0
  0
LINE
  5
273
330
1FF
100
AcDbEntity
  8
0
  6
Continuous
 62
     7
100
AcDbLine
 10
116.5690675668
 20
164.701470357
 30
0.0
 11
116.5690675647
 21
162.5014703569
 31
0.0
  0
LINE
  5
274
330
1FF
100
AcDbEntity
  8
0
  6
Continuous
 62
     7
100
AcDbLine
 10
116.5690675679
 20
35.55147035800001
 30
0.0
 11
116.5690675658
 21
37.751470358
 31
0.0
  0
LINE
  5
275
330
1FF
100
AcDbEntity
  8
0
  6
Continuous
 62
     7
100
AcDbLine
 10
125.4690675968
 20
153.6014703617
 30
0.0
 11
125.4690675966
 21
46.65147035069999
 31
0.0
  0
LINE
  5
276
330
1FF
100
AcDbEntity
  8
0
  6
Continuous
 62
     7
100
AcDbLine
 10
127.6690675969
 20
153.6014703282
 30
0.0
 11
127.6690675966
 21
46.6514703881
 31
0.0
  0
LINE
  5
277
330
1FF
100
AcDbEntity
  8
0
  6
Continuous
 62
     7
100
AcDbLine
 10
128.0190675972
 20
76.38019951850001
 30
0.0
 11
128.0190675972
 21
80.2227411966
 31
0.0
  0
LINE
  5
278
330
1FF
100
AcDbEntity
  8
0
  6
Continuous
 62
     7
100
AcDbLine
 10
128.0190675972
 20
88.3801995185
 30
0.0
 11
128.0190675972
 21
92.22274119659999
 31
0.0
  0
LWPOLYLINE
  5
279
330
1FF
100
AcDbEntity
  8
0
  6
Continuous
 62
     7
100
AcDbPolyline
 90
        6
 70
     0
 43
0.0
 10
102.6763115653
 20
35.6876681436
 10
102.7026946039
 20
35.74531458980001
 10
102.7400572646
 20
35.78713745570001
 10
102.7862442692
 20
35.8163415237
 10
102.8420264499
 20
35.83247615760001
 10
102.8690679193
 20
35.8343404175
  0
LWPOLYLINE
  5
27A
330
1FF
100
AcDbEntity
  8
0
  6
Continuous
 62
     7
100
AcDbPolyline
 90
        4
 70
     0
 43
0.0
 10
77.89708335899999
 20
35.55147035760001
 10
78.2572290697
 20
35.7595013848
 10
78.5867937096
 20
35.8375591564
 10
78.7190690142
 20
35.84431625550001
  0
LINE
  5
27B
330
1FF
100
AcDbEntity
  8
0
  6
Continuous
 62
     7
100
AcDbLine
 10
127.6690675969
 20
153.6014703282
 30
0.0
 11
125.4690675968
 21
153.6014703262
 31
0.0
  0
LINE
  5
27C
330
1FF
100
AcDbEntity
  8
0
  6
Continuous
 62
     7
100
AcDbLine
 10
58.9690675979
 20
153.6014703271
 30
0.0
 11
61.16906759789999
 21
153.601470325
 31
0.0
  0
LINE
  5
280
330
1FF
100
AcDbEntity
  8
0
  6
Continuous
 62
     7
100
AcDbLine
 10
70.0690675932
 20
162.5014703572
 30
0.0
 11
116.5690676041
 21
162.5014703569
 31
0.0
  0
LINE
  5
281
330
1FF
100
AcDbEntity
  8
0
  6
Continuous
 62
     7
100
AcDbLine
 10
70.0690676266
 20
164.7014703572
 30
0.0
 11
73.05095302239999
 21
164.7014703576
 31
0.0
  0
LINE
  5
282
330
1FF
100
AcDbEntity
  8
0
  6
Continuous
 62
     7
100
AcDbLine
 10
73.0587625787
 20
164.7014703576
 30
0.0
 11
112.0509530224
 21
164.7014703576
 31
0.0
  0
LINE
  5
283
330
1FF
100
AcDbEntity
  8
0
  6
Continuous
 62
     7
100
AcDbLine
 10
112.0587625787
 20
164.7014703576
 30
0.0
 11
116.5690675668
 21
164.701470357
 31
0.0
  0
LINE
  5
284
330
1FF
100
AcDbEntity
  8
0
  6
Continuous
 62
     7
100
AcDbLine
 10
58.6190675972
 20
187.7021340213
 30
0.0
 11
58.6190675972
 21
191.5446756994
 31
0.0
  0
LINE
  5
285
330
1FF
100
AcDbEntity
  8
0
  6
Continuous
 62
     7
100
AcDbLine
 10
58.9690675972
 20
194.2734048603
 30
0.0
 11
58.9690675972
 21
186.5734048597
 31
0.0
  0
LINE
  5
286
330
1FF
100
AcDbEntity
  8
0
  6
Continuous
 62
     7
100
AcDbLine
 10
58.9690675979
 20
186.5734048597
 30
0.0
 11
61.16906759789999
 21
184.3734048596
 31
0.0
  0
LINE
  5
287
330
1FF
100
AcDbEntity
  8
0
  6
Continuous
 62
     7
100
AcDbLine
 10
70.0690675972
 20
194.9738896817
 30
0.0
 11
70.06906762859999
 21
184.3734048599
 31
0.0
  0
LINE
  5
288
330
1FF
100
AcDbEntity
  8
0
  6
Continuous
 62
     7
100
AcDbLine
 10
61.16906759789999
 20
184.3734048603
 30
0.0
 11
125.4690675968
 21
184.3734048603
 31
0.0
  0
LINE
  5
289
330
1FF
100
AcDbEntity
  8
0
  6
Continuous
 62
     7
100
AcDbLine
 10
74.587182172
 20
186.5734048603
 30
0.0
 11
112.0509530224
 21
186.5734048603
 31
0.0
  0
LINE
  5
28A
330
1FF
100
AcDbEntity
  8
0
  6
Continuous
 62
     7
100
AcDbLine
 10
58.9690675972
 20
186.5734048603
 30
0.0
 11
73.05095302239999
 21
186.5734048603
 31
0.0
  0
LINE
  5
28B
330
1FF
100
AcDbEntity
  8
0
  6
Continuous
 62
     7
100
AcDbLine
 10
113.587182172
 20
186.5734048603
 30
0.0
 11
127.6690675972
 21
186.5734048603
 31
0.0
  0
LINE
  5
28C
330
1FF
100
AcDbEntity
  8
0
  6
Continuous
 62
     7
100
AcDbLine
 10
58.6190675972
 20
188.1234048603
 30
0.0
 11
58.9690675972
 21
188.1234048603
 31
0.0
  0
LINE
  5
28D
330
1FF
100
AcDbEntity
  8
0
  6
Continuous
 62
     7
100
AcDbLine
 10
127.6690675972
 20
188.1234048603
 30
0.0
 11
128.0190675972
 21
188.1234048603
 31
0.0
  0
LINE
  5
28E
330
1FF
100
AcDbEntity
  8
0
  6
Continuous
 62
     7
100
AcDbLine
 10
128.0190675972
 20
191.1234048603
 30
0.0
 11
127.6690675972
 21
191.1234048603
 31
0.0
  0
LINE
  5
28F
330
1FF
100
AcDbEntity
  8
0
  6
Continuous
 62
     7
100
AcDbLine
 10
58.9690675972
 20
191.1234048603
 30
0.0
 11
58.6190675972
 21
191.1234048603
 31
0.0
  0
LINE
  5
290
330
1FF
100
AcDbEntity
  8
0
  6
Continuous
 62
     7
100
AcDbLine
 10
127.6690675972
 20
194.2734048603
 30
0.0
 11
58.9690675972
 21
194.2734048603
 31
0.0
  0
LINE
  5
291
330
1FF
100
AcDbEntity
  8
0
  6
Continuous
 62
     7
100
AcDbLine
 10
59.3690675972
 20
194.9734048603
 30
0.0
 11
127.2690675972
 21
194.9734048603
 31
0.0
  0
LINE
  5
292
330
1FF
100
AcDbEntity
  8
0
  6
Continuous
 62
     7
100
AcDbLine
 10
116.5690675647
 20
184.3734048596
 30
0.0
 11
116.5690675972
 21
194.9738896817
 31
0.0
  0
LINE
  5
293
330
1FF
100
AcDbEntity
  8
0
  6
Continuous
 62
     7
100
AcDbLine
 10
127.6690675969
 20
186.5734048599
 30
0.0
 11
125.4690675968
 21
184.3734048599
 31
0.0
  0
LINE
  5
294
330
1FF
100
AcDbEntity
  8
0
  6
Continuous
 62
     7
100
AcDbLine
 10
127.6690675972
 20
194.2734048603
 30
0.0
 11
127.6690675972
 21
186.5734048599
 31
0.0
  0
LINE
  5
295
330
1FF
100
AcDbEntity
  8
0
  6
Continuous
 62
     7
100
AcDbLine
 10
128.0190675972
 20
187.7021340213
 30
0.0
 11
128.0190675972
 21
191.5446756994
 31
0.0
  0
LINE
  5
296
330
1FF
100
AcDbEntity
  8
0
  6
Continuous
 62
     7
100
AcDbLine
 10
58.6190675972
 20
7.2684671488
 30
0.0
 11
58.6190675972
 21
11.1110088269
 31
0.0
  0
LINE
  5
297
330
1FF
100
AcDbEntity
  8
0
  6
Continuous
 62
     7
100
AcDbLine
 10
58.9690675972
 20
4.5397379879
 30
0.0
 11
58.9690675972
 21
12.2397379883
 31
0.0
  0
LINE
  5
298
330
1FF
100
AcDbEntity
  8
0
  6
Continuous
 62
     7
100
AcDbLine
 10
58.9690675976
 20
12.2397379883
 30
0.0
 11
61.1690675976
 21
14.4397379883
 31
0.0
  0
LINE
  5
299
330
1FF
100
AcDbEntity
  8
0
  6
Continuous
 62
     7
100
AcDbLine
 10
70.0690675972
 20
3.839253166499999
 30
0.0
 11
70.06906762979999
 21
14.4397379886
 31
0.0
  0
LINE
  5
29A
330
1FF
100
AcDbEntity
  8
0
  6
Continuous
 62
     7
100
AcDbLine
 10
77.41906759719999
 20
9.7897394282
 30
0.0
 11
77.41906759719999
 21
10.9497410989
 31
0.0
  0
LINE
  5
29B
330
1FF
100
AcDbEntity
  8
0
  6
Continuous
 62
     7
100
AcDbLine
 10
77.71906759720001
 20
8.973763609
 30
0.0
 11
77.71906759720001
 21
11.7705983602
 31
0.0
  0
LINE
  5
29C
330
1FF
100
AcDbEntity
  8
0
  6
Continuous
 62
     7
100
AcDbLine
 10
77.7690676693
 20
9.7897394282
 30
0.0
 11
77.7690676693
 21
10.9497410989
 31
0.0
  0
LINE
  5
29D
330
1FF
100
AcDbEntity
  8
0
  6
Continuous
 62
     7
100
AcDbLine
 10
77.9690679573
 20
10.9497410989
 30
0.0
 11
77.9690679573
 21
9.7897394282
 31
0.0
  0
LINE
  5
29E
330
1FF
100
AcDbEntity
  8
0
  6
Continuous
 62
     7
100
AcDbLine
 10
78.0190680293
 20
8.789737987899998
 30
0.0
 11
78.0190680293
 21
9.076799235599999
 31
0.0
  0
LINE
  5
29F
330
1FF
100
AcDbEntity
  8
0
  6
Continuous
 62
     7
100
AcDbLine
 10
78.0190680293
 20
9.7897394282
 30
0.0
 11
78.0190680293
 21
10.9497410989
 31
0.0
  0
LINE
  5
2A0
330
1FF
100
AcDbEntity
  8
0
  6
Continuous
 62
     7
100
AcDbLine
 10
78.64406892949999
 20
9.8197394714
 30
0.0
 11
78.64406892949999
 21
10.9197410557
 31
0.0
  0
LINE
  5
2A1
330
1FF
100
AcDbEntity
  8
0
  6
Continuous
 62
     7
100
AcDbLine
 10
78.71906903750001
 20
12.5911638955
 30
0.0
 11
78.71906903750001
 21
12.2497425393
 31
0.0
  0
LINE
  5
2A2
330
1FF
100
AcDbEntity
  8
0
  6
Continuous
 62
     7
100
AcDbLine
 10
78.71906903750001
 20
11.9497425393
 30
0.0
 11
78.71906903750001
 21
11.8997424672
 31
0.0
  0
LINE
  5
2A3
330
1FF
100
AcDbEntity
  8
0
  6
Continuous
 62
     7
100
AcDbLine
 10
78.71906903750001
 20
11.6997421792
 30
0.0
 11
78.71906903750001
 21
11.6497421072
 31
0.0
  0
LINE
  5
2A4
330
1FF
100
AcDbEntity
  8
0
  6
Continuous
 62
     7
100
AcDbLine
 10
78.71906903750001
 20
9.089738419999999
 30
0.0
 11
78.71906903750001
 21
9.039738348
 31
0.0
  0
LINE
  5
2A5
330
1FF
100
AcDbEntity
  8
0
  6
Continuous
 62
     7
100
AcDbLine
 10
78.71906903750001
 20
8.8397380599
 30
0.0
 11
78.71906903750001
 21
8.789737987899998
 31
0.0
  0
LINE
  5
2A6
330
1FF
100
AcDbEntity
  8
0
  6
Continuous
 62
     7
100
AcDbLine
 10
78.84406921760001
 20
10.7197407677
 30
0.0
 11
78.84406921760001
 21
10.0197397595
 31
0.0
  0
LINE
  5
2A7
330
1FF
100
AcDbEntity
  8
0
  6
Continuous
 62
     7
100
AcDbLine
 10
78.9440693616
 20
10.9197410557
 30
0.0
 11
78.9440693616
 21
10.7197407677
 31
0.0
  0
LINE
  5
2A8
330
1FF
100
AcDbEntity
  8
0
  6
Continuous
 62
     7
100
AcDbLine
 10
78.9440693616
 20
10.0197397595
 30
0.0
 11
78.9440693616
 21
9.8197394714
 31
0.0
  0
LINE
  5
2A9
330
1FF
100
AcDbEntity
  8
0
  6
Continuous
 62
     7
100
AcDbLine
 10
79.06528567649999
 20
10.7035697504
 30
0.0
 11
79.06528567649999
 21
10.0359107767
 31
0.0
  0
LINE
  5
2AA
330
1FF
100
AcDbEntity
  8
0
  6
Continuous
 62
     7
100
AcDbLine
 10
79.3440699377
 20
10.0197397595
 30
0.0
 11
79.3440699377
 21
10.2197400475
 31
0.0
  0
LINE
  5
2AB
330
1FF
100
AcDbEntity
  8
0
  6
Continuous
 62
     7
100
AcDbLine
 10
79.3440699377
 20
10.5197404796
 30
0.0
 11
79.3440699377
 21
10.7197407677
 31
0.0
  0
LINE
  5
2AC
330
1FF
100
AcDbEntity
  8
0
  6
Continuous
 62
     7
100
AcDbLine
 10
79.39407000979999
 20
10.7197407677
 30
0.0
 11
79.39407000979999
 21
10.6197406236
 31
0.0
  0
LINE
  5
2AD
330
1FF
100
AcDbEntity
  8
0
  6
Continuous
 62
     7
100
AcDbLine
 10
79.39407000979999
 20
10.1197399035
 30
0.0
 11
79.39407000979999
 21
10.0197397595
 31
0.0
  0
LINE
  5
2AE
330
1FF
100
AcDbEntity
  8
0
  6
Continuous
 62
     7
100
AcDbLine
 10
79.5248588534
 20
10.2197400475
 30
0.0
 11
79.5248588534
 21
10.5197404796
 31
0.0
  0
LINE
  5
2AF
330
1FF
100
AcDbEntity
  8
0
  6
Continuous
 62
     7
100
AcDbLine
 10
79.69407044180001
 20
10.7197407677
 30
0.0
 11
79.69407044180001
 21
10.6197406236
 31
0.0
  0
LINE
  5
2B0
330
1FF
100
AcDbEntity
  8
0
  6
Continuous
 62
     7
100
AcDbLine
 10
79.69407044180001
 20
10.0197397595
 30
0.0
 11
79.69407044180001
 21
10.1197399035
 31
0.0
  0
LINE
  5
2B1
330
1FF
100
AcDbEntity
  8
0
  6
Continuous
 62
     7
100
AcDbLine
 10
79.7440705139
 20
10.7197407677
 30
0.0
 11
79.7440705139
 21
10.5197404796
 31
0.0
  0
LINE
  5
2B2
330
1FF
100
AcDbEntity
  8
0
  6
Continuous
 62
     7
100
AcDbLine
 10
79.7440705139
 20
10.2197400475
 30
0.0
 11
79.7440705139
 21
10.0197397595
 31
0.0
  0
LINE
  5
2B3
330
1FF
100
AcDbEntity
  8
0
  6
Continuous
 62
     7
100
AcDbLine
 10
80.7940720262
 20
10.0197397595
 30
0.0
 11
80.7940720262
 21
10.2197400475
 31
0.0
  0
LINE
  5
2B4
330
1FF
100
AcDbEntity
  8
0
  6
Continuous
 62
     7
100
AcDbLine
 10
80.7940720262
 20
10.5197404796
 30
0.0
 11
80.7940720262
 21
10.7197407677
 31
0.0
  0
LINE
  5
2B5
330
1FF
100
AcDbEntity
  8
0
  6
Continuous
 62
     7
100
AcDbLine
 10
80.8440720982
 20
10.7197407677
 30
0.0
 11
80.8440720982
 21
10.6197406236
 31
0.0
  0
LINE
  5
2B6
330
1FF
100
AcDbEntity
  8
0
  6
Continuous
 62
     7
100
AcDbLine
 10
80.8440720982
 20
10.1197399035
 30
0.0
 11
80.8440720982
 21
10.0197397595
 31
0.0
  0
LINE
  5
2B7
330
1FF
100
AcDbEntity
  8
0
  6
Continuous
 62
     7
100
AcDbLine
 10
81.1440725303
 20
10.7197407677
 30
0.0
 11
81.1440725303
 21
10.6197406236
 31
0.0
  0
LINE
  5
2B8
330
1FF
100
AcDbEntity
  8
0
  6
Continuous
 62
     7
100
AcDbLine
 10
81.1440725303
 20
10.0197397595
 30
0.0
 11
81.1440725303
 21
10.1197399035
 31
0.0
  0
LINE
  5
2B9
330
1FF
100
AcDbEntity
  8
0
  6
Continuous
 62
     7
100
AcDbLine
 10
81.1940726023
 20
10.7197407677
 30
0.0
 11
81.1940726023
 21
10.5197404796
 31
0.0
  0
LINE
  5
2BA
330
1FF
100
AcDbEntity
  8
0
  6
Continuous
 62
     7
100
AcDbLine
 10
81.1940726023
 20
10.2197400475
 30
0.0
 11
81.1940726023
 21
10.0197397595
 31
0.0
  0
LINE
  5
2BB
330
1FF
100
AcDbEntity
  8
0
  6
Continuous
 62
     7
100
AcDbLine
 10
81.24407267429999
 20
10.0197397595
 30
0.0
 11
81.24407267429999
 21
10.2197400475
 31
0.0
  0
LINE
  5
2BC
330
1FF
100
AcDbEntity
  8
0
  6
Continuous
 62
     7
100
AcDbLine
 10
81.24407267429999
 20
10.5197404796
 30
0.0
 11
81.24407267429999
 21
10.7197407677
 31
0.0
  0
LINE
  5
2BD
330
1FF
100
AcDbEntity
  8
0
  6
Continuous
 62
     7
100
AcDbLine
 10
81.29407274630001
 20
10.7197407677
 30
0.0
 11
81.29407274630001
 21
10.6197406236
 31
0.0
  0
LINE
  5
2BE
330
1FF
100
AcDbEntity
  8
0
  6
Continuous
 62
     7
100
AcDbLine
 10
81.29407274630001
 20
10.1197399035
 30
0.0
 11
81.29407274630001
 21
10.0197397595
 31
0.0
  0
LINE
  5
2BF
330
1FF
100
AcDbEntity
  8
0
  6
Continuous
 62
     7
100
AcDbLine
 10
81.59407317839999
 20
10.7197407677
 30
0.0
 11
81.59407317839999
 21
10.6197406236
 31
0.0
  0
LINE
  5
2C0
330
1FF
100
AcDbEntity
  8
0
  6
Continuous
 62
     7
100
AcDbLine
 10
81.59407317839999
 20
10.0197397595
 30
0.0
 11
81.59407317839999
 21
10.1197399035
 31
0.0
  0
LINE
  5
2C1
330
1FF
100
AcDbEntity
  8
0
  6
Continuous
 62
     7
100
AcDbLine
 10
81.6440732504
 20
10.7197407677
 30
0.0
 11
81.6440732504
 21
10.5197404796
 31
0.0
  0
LINE
  5
2C2
330
1FF
100
AcDbEntity
  8
0
  6
Continuous
 62
     7
100
AcDbLine
 10
81.6440732504
 20
10.2197400475
 30
0.0
 11
81.6440732504
 21
10.0197397595
 31
0.0
  0
LINE
  5
2C3
330
1FF
100
AcDbEntity
  8
0
  6
Continuous
 62
     7
100
AcDbLine
 10
81.69407332250001
 20
10.0197397595
 30
0.0
 11
81.69407332250001
 21
10.2197400475
 31
0.0
  0
LINE
  5
2C4
330
1FF
100
AcDbEntity
  8
0
  6
Continuous
 62
     7
100
AcDbLine
 10
81.69407332250001
 20
10.5197404796
 30
0.0
 11
81.69407332250001
 21
10.7197407677
 31
0.0
  0
LINE
  5
2C5
330
1FF
100
AcDbEntity
  8
0
  6
Continuous
 62
     7
100
AcDbLine
 10
81.74407339449999
 20
10.7197407677
 30
0.0
 11
81.74407339449999
 21
10.6197406236
 31
0.0
  0
LINE
  5
2C6
330
1FF
100
AcDbEntity
  8
0
  6
Continuous
 62
     7
100
AcDbLine
 10
81.74407339449999
 20
10.1197399035
 30
0.0
 11
81.74407339449999
 21
10.0197397595
 31
0.0
  0
LINE
  5
2C7
330
1FF
100
AcDbEntity
  8
0
  6
Continuous
 62
     7
100
AcDbLine
 10
79.06528567649999
 20
10.0359107767
 30
0.0
 11
79.05835524050001
 21
10.0197397595
 31
0.0
  0
LINE
  5
2C8
330
1FF
100
AcDbEntity
  8
0
  6
Continuous
 62
     7
100
AcDbLine
 10
80.7616960472
 20
11.327168968
 30
0.0
 11
80.97803458559999
 21
11.6383411286
 31
0.0
  0
LINE
  5
2C9
330
1FF
100
AcDbEntity
  8
0
  6
Continuous
 62
     7
100
AcDbLine
 10
79.05835524050001
 20
10.7197407677
 30
0.0
 11
79.06528567649999
 21
10.7035697504
 31
0.0
  0
LINE
  5
2CA
330
1FF
100
AcDbEntity
  8
0
  6
Continuous
 62
     7
100
AcDbLine
 10
82.04407382659999
 20
10.7197407677
 30
0.0
 11
82.04407382659999
 21
10.6197406236
 31
0.0
  0
LINE
  5
2CB
330
1FF
100
AcDbEntity
  8
0
  6
Continuous
 62
     7
100
AcDbLine
 10
82.04407382659999
 20
10.0197397595
 30
0.0
 11
82.04407382659999
 21
10.1197399035
 31
0.0
  0
LINE
  5
2CC
330
1FF
100
AcDbEntity
  8
0
  6
Continuous
 62
     7
100
AcDbLine
 10
82.0940738986
 20
10.7197407677
 30
0.0
 11
82.0940738986
 21
10.5197404796
 31
0.0
  0
LINE
  5
2CD
330
1FF
100
AcDbEntity
  8
0
  6
Continuous
 62
     7
100
AcDbLine
 10
82.0940738986
 20
10.2197400475
 30
0.0
 11
82.0940738986
 21
10.0197397595
 31
0.0
  0
LINE
  5
2CE
330
1FF
100
AcDbEntity
  8
0
  6
Continuous
 62
     7
100
AcDbLine
 10
82.2940741867
 20
10.0197397595
 30
0.0
 11
82.2940741867
 21
10.2197400475
 31
0.0
  0
LINE
  5
2CF
330
1FF
100
AcDbEntity
  8
0
  6
Continuous
 62
     7
100
AcDbLine
 10
82.2940741867
 20
10.5197404796
 30
0.0
 11
82.2940741867
 21
10.7197407677
 31
0.0
  0
LINE
  5
2D0
330
1FF
100
AcDbEntity
  8
0
  6
Continuous
 62
     7
100
AcDbLine
 10
82.34407425870001
 20
10.7197407677
 30
0.0
 11
82.34407425870001
 21
10.6197406236
 31
0.0
  0
LINE
  5
2D1
330
1FF
100
AcDbEntity
  8
0
  6
Continuous
 62
     7
100
AcDbLine
 10
82.34407425870001
 20
10.1197399035
 30
0.0
 11
82.34407425870001
 21
10.0197397595
 31
0.0
  0
LINE
  5
2D2
330
1FF
100
AcDbEntity
  8
0
  6
Continuous
 62
     7
100
AcDbLine
 10
82.6440746908
 20
10.7197407677
 30
0.0
 11
82.6440746908
 21
10.6197406236
 31
0.0
  0
LINE
  5
2D3
330
1FF
100
AcDbEntity
  8
0
  6
Continuous
 62
     7
100
AcDbLine
 10
82.6440746908
 20
10.0197397595
 30
0.0
 11
82.6440746908
 21
10.1197399035
 31
0.0
  0
LINE
  5
2D4
330
1FF
100
AcDbEntity
  8
0
  6
Continuous
 62
     7
100
AcDbLine
 10
82.69407476279999
 20
10.7197407677
 30
0.0
 11
82.69407476279999
 21
10.5197404796
 31
0.0
  0
LINE
  5
2D5
330
1FF
100
AcDbEntity
  8
0
  6
Continuous
 62
     7
100
AcDbLine
 10
82.69407476279999
 20
10.2197400475
 30
0.0
 11
82.69407476279999
 21
10.0197397595
 31
0.0
  0
LINE
  5
2D6
330
1FF
100
AcDbEntity
  8
0
  6
Continuous
 62
     7
100
AcDbLine
 10
82.74407483479999
 20
10.0197397595
 30
0.0
 11
82.74407483479999
 21
10.2197400475
 31
0.0
  0
LINE
  5
2D7
330
1FF
100
AcDbEntity
  8
0
  6
Continuous
 62
     7
100
AcDbLine
 10
82.74407483479999
 20
10.5197404796
 30
0.0
 11
82.74407483479999
 21
10.7197407677
 31
0.0
  0
LINE
  5
2D8
330
1FF
100
AcDbEntity
  8
0
  6
Continuous
 62
     7
100
AcDbLine
 10
82.7940749068
 20
10.7197407677
 30
0.0
 11
82.7940749068
 21
10.6197406236
 31
0.0
  0
LINE
  5
2D9
330
1FF
100
AcDbEntity
  8
0
  6
Continuous
 62
     7
100
AcDbLine
 10
82.7940749068
 20
10.1197399035
 30
0.0
 11
82.7940749068
 21
10.0197397595
 31
0.0
  0
LINE
  5
2DA
330
1FF
100
AcDbEntity
  8
0
  6
Continuous
 62
     7
100
AcDbLine
 10
83.0940753389
 20
10.7197407677
 30
0.0
 11
83.0940753389
 21
10.6197406236
 31
0.0
  0
LINE
  5
2DB
330
1FF
100
AcDbEntity
  8
0
  6
Continuous
 62
     7
100
AcDbLine
 10
83.0940753389
 20
10.0197397595
 30
0.0
 11
83.0940753389
 21
10.1197399035
 31
0.0
  0
LINE
  5
2DC
330
1FF
100
AcDbEntity
  8
0
  6
Continuous
 62
     7
100
AcDbLine
 10
83.1440754109
 20
10.7197407677
 30
0.0
 11
83.1440754109
 21
10.5197404796
 31
0.0
  0
LINE
  5
2DD
330
1FF
100
AcDbEntity
  8
0
  6
Continuous
 62
     7
100
AcDbLine
 10
83.1440754109
 20
10.2197400475
 30
0.0
 11
83.1440754109
 21
10.0197397595
 31
0.0
  0
LINE
  5
2DE
330
1FF
100
AcDbEntity
  8
0
  6
Continuous
 62
     7
100
AcDbLine
 10
83.1940754829
 20
10.0197397595
 30
0.0
 11
83.1940754829
 21
10.2197400475
 31
0.0
  0
LINE
  5
2DF
330
1FF
100
AcDbEntity
  8
0
  6
Continuous
 62
     7
100
AcDbLine
 10
83.1940754829
 20
10.5197404796
 30
0.0
 11
83.1940754829
 21
10.7197407677
 31
0.0
  0
LINE
  5
2E0
330
1FF
100
AcDbEntity
  8
0
  6
Continuous
 62
     7
100
AcDbLine
 10
83.24407555489999
 20
10.7197407677
 30
0.0
 11
83.24407555489999
 21
10.6197406236
 31
0.0
  0
LINE
  5
2E1
330
1FF
100
AcDbEntity
  8
0
  6
Continuous
 62
     7
100
AcDbLine
 10
83.24407555489999
 20
10.1197399035
 30
0.0
 11
83.24407555489999
 21
10.0197397595
 31
0.0
  0
LINE
  5
2E2
330
1FF
100
AcDbEntity
  8
0
  6
Continuous
 62
     7
100
AcDbLine
 10
83.54407598699999
 20
10.7197407677
 30
0.0
 11
83.54407598699999
 21
10.6197406236
 31
0.0
  0
LINE
  5
2E3
330
1FF
100
AcDbEntity
  8
0
  6
Continuous
 62
     7
100
AcDbLine
 10
83.54407598699999
 20
10.0197397595
 30
0.0
 11
83.54407598699999
 21
10.1197399035
 31
0.0
  0
LINE
  5
2E4
330
1FF
100
AcDbEntity
  8
0
  6
Continuous
 62
     7
100
AcDbLine
 10
83.5940760591
 20
10.7197407677
 30
0.0
 11
83.5940760591
 21
10.5197404796
 31
0.0
  0
LINE
  5
2E5
330
1FF
100
AcDbEntity
  8
0
  6
Continuous
 62
     7
100
AcDbLine
 10
83.5940760591
 20
10.2197400475
 30
0.0
 11
83.5940760591
 21
10.0197397595
 31
0.0
  0
LINE
  5
2E6
330
1FF
100
AcDbEntity
  8
0
  6
Continuous
 62
     7
100
AcDbLine
 10
78.9440693616
 20
9.8197394714
 30
0.0
 11
79.1440696497
 21
10.0197397595
 31
0.0
  0
LINE
  5
2E7
330
1FF
100
AcDbEntity
  8
0
  6
Continuous
 62
     7
100
AcDbLine
 10
79.81010831449999
 20
11.6383411286
 30
0.0
 11
80.02644685289999
 21
11.327168968
 31
0.0
  0
LINE
  5
2E8
330
1FF
100
AcDbEntity
  8
0
  6
Continuous
 62
     7
100
AcDbLine
 10
84.6440775714
 20
10.0197397595
 30
0.0
 11
84.6440775714
 21
10.2197400475
 31
0.0
  0
LINE
  5
2E9
330
1FF
100
AcDbEntity
  8
0
  6
Continuous
 62
     7
100
AcDbLine
 10
84.6440775714
 20
10.5197404796
 30
0.0
 11
84.6440775714
 21
10.7197407677
 31
0.0
  0
LINE
  5
2EA
330
1FF
100
AcDbEntity
  8
0
  6
Continuous
 62
     7
100
AcDbLine
 10
84.69407764340001
 20
10.7197407677
 30
0.0
 11
84.69407764340001
 21
10.6197406236
 31
0.0
  0
LINE
  5
2EB
330
1FF
100
AcDbEntity
  8
0
  6
Continuous
 62
     7
100
AcDbLine
 10
84.69407764340001
 20
10.1197399035
 30
0.0
 11
84.69407764340001
 21
10.0197397595
 31
0.0
  0
LINE
  5
2EC
330
1FF
100
AcDbEntity
  8
0
  6
Continuous
 62
     7
100
AcDbLine
 10
84.8632892318
 20
10.2197400475
 30
0.0
 11
84.8632892318
 21
10.5197404796
 31
0.0
  0
LINE
  5
2ED
330
1FF
100
AcDbEntity
  8
0
  6
Continuous
 62
     7
100
AcDbLine
 10
84.99407807549999
 20
10.7197407677
 30
0.0
 11
84.99407807549999
 21
10.6197406236
 31
0.0
  0
LINE
  5
2EE
330
1FF
100
AcDbEntity
  8
0
  6
Continuous
 62
     7
100
AcDbLine
 10
84.99407807549999
 20
10.0197397595
 30
0.0
 11
84.99407807549999
 21
10.1197399035
 31
0.0
  0
LINE
  5
2EF
330
1FF
100
AcDbEntity
  8
0
  6
Continuous
 62
     7
100
AcDbLine
 10
85.04407814750001
 20
10.7197407677
 30
0.0
 11
85.04407814750001
 21
10.5197404796
 31
0.0
  0
LINE
  5
2F0
330
1FF
100
AcDbEntity
  8
0
  6
Continuous
 62
     7
100
AcDbLine
 10
85.04407814750001
 20
10.0197397595
 30
0.0
 11
85.04407814750001
 21
10.2197400475
 31
0.0
  0
LINE
  5
2F1
330
1FF
100
AcDbEntity
  8
0
  6
Continuous
 62
     7
100
AcDbLine
 10
85.3228624087
 20
10.7035697504
 30
0.0
 11
85.3228624087
 21
10.0359107767
 31
0.0
  0
LINE
  5
2F2
330
1FF
100
AcDbEntity
  8
0
  6
Continuous
 62
     7
100
AcDbLine
 10
85.4440787236
 20
10.9197410557
 30
0.0
 11
85.4440787236
 21
10.7197407677
 31
0.0
  0
LINE
  5
2F3
330
1FF
100
AcDbEntity
  8
0
  6
Continuous
 62
     7
100
AcDbLine
 10
85.4440787236
 20
10.0197397595
 30
0.0
 11
85.4440787236
 21
9.8197394714
 31
0.0
  0
LINE
  5
2F4
330
1FF
100
AcDbEntity
  8
0
  6
Continuous
 62
     7
100
AcDbLine
 10
85.5440788677
 20
10.7197407677
 30
0.0
 11
85.5440788677
 21
10.0197397595
 31
0.0
  0
LINE
  5
2F5
330
1FF
100
AcDbEntity
  8
0
  6
Continuous
 62
     7
100
AcDbLine
 10
85.6690807845
 20
12.2497425393
 30
0.0
 11
85.66908161870001
 21
12.5911638955
 31
0.0
  0
LINE
  5
2F6
330
1FF
100
AcDbEntity
  8
0
  6
Continuous
 62
     7
100
AcDbLine
 10
85.66907904770001
 20
9.039738348
 30
0.0
 11
85.66907904770001
 21
9.089738419999999
 31
0.0
  0
LINE
  5
2F7
330
1FF
100
AcDbEntity
  8
0
  6
Continuous
 62
     7
100
AcDbLine
 10
85.66907904770001
 20
8.789737987899998
 30
0.0
 11
85.66907904770001
 21
8.8397380599
 31
0.0
  0
LINE
  5
2F8
330
1FF
100
AcDbEntity
  8
0
  6
Continuous
 62
     7
100
AcDbLine
 10
85.66907904770001
 20
11.6497421072
 30
0.0
 11
85.66907904770001
 21
11.6997421792
 31
0.0
  0
LINE
  5
2F9
330
1FF
100
AcDbEntity
  8
0
  6
Continuous
 62
     7
100
AcDbLine
 10
85.66907904770001
 20
11.8997424672
 30
0.0
 11
85.66907904770001
 21
11.9497425393
 31
0.0
  0
LINE
  5
2FA
330
1FF
100
AcDbEntity
  8
0
  6
Continuous
 62
     7
100
AcDbLine
 10
85.74407915569999
 20
9.8197394714
 30
0.0
 11
85.74407915569999
 21
10.9197410557
 31
0.0
  0
LINE
  5
2FB
330
1FF
100
AcDbEntity
  8
0
  6
Continuous
 62
     7
100
AcDbLine
 10
86.36908005589999
 20
10.9497410989
 30
0.0
 11
86.36908005589999
 21
9.7897394282
 31
0.0
  0
LINE
  5
2FC
330
1FF
100
AcDbEntity
  8
0
  6
Continuous
 62
     7
100
AcDbLine
 10
86.36908005589999
 20
8.789737987899998
 30
0.0
 11
86.36908005589999
 21
9.076799235599999
 31
0.0
  0
LINE
  5
2FD
330
1FF
100
AcDbEntity
  8
0
  6
Continuous
 62
     7
100
AcDbLine
 10
86.4190801279
 20
9.7897394282
 30
0.0
 11
86.4190801279
 21
10.9497410989
 31
0.0
  0
LINE
  5
2FE
330
1FF
100
AcDbEntity
  8
0
  6
Continuous
 62
     7
100
AcDbLine
 10
85.3297928447
 20
10.7197407677
 30
0.0
 11
85.3228624087
 21
10.7035697504
 31
0.0
  0
LINE
  5
2FF
330
1FF
100
AcDbEntity
  8
0
  6
Continuous
 62
     7
100
AcDbLine
 10
84.36170123229999
 20
11.327168968
 30
0.0
 11
84.5780397707
 21
11.6383411286
 31
0.0
  0
LINE
  5
300
330
1FF
100
AcDbEntity
  8
0
  6
Continuous
 62
     7
100
AcDbLine
 10
85.2440784356
 20
10.7197407677
 30
0.0
 11
85.4440787236
 21
10.9197410557
 31
0.0
  0
LINE
  5
301
330
1FF
100
AcDbEntity
  8
0
  6
Continuous
 62
     7
100
AcDbLine
 10
79.1440696497
 20
10.7197407677
 30
0.0
 11
78.9440693616
 21
10.9197410557
 31
0.0
  0
LINE
  5
302
330
1FF
100
AcDbEntity
  8
0
  6
Continuous
 62
     7
100
AcDbLine
 10
83.41011349970001
 20
11.6383411286
 30
0.0
 11
83.62645203799999
 21
11.327168968
 31
0.0
  0
LINE
  5
303
330
1FF
100
AcDbEntity
  8
0
  6
Continuous
 62
     7
100
AcDbLine
 10
85.3228624087
 20
10.0359107767
 30
0.0
 11
85.3297928447
 21
10.0197397595
 31
0.0
  0
LINE
  5
304
330
1FF
100
AcDbEntity
  8
0
  6
Continuous
 62
     7
100
AcDbLine
 10
86.619080416
 20
10.9497410989
 30
0.0
 11
86.619080416
 21
9.7897394282
 31
0.0
  0
LINE
  5
305
330
1FF
100
AcDbEntity
  8
0
  6
Continuous
 62
     7
100
AcDbLine
 10
86.66908048799999
 20
8.973774327300001
 30
0.0
 11
86.66908048799999
 21
11.6497421072
 31
0.0
  0
LINE
  5
306
330
1FF
100
AcDbEntity
  8
0
  6
Continuous
 62
     7
100
AcDbLine
 10
86.81906239079999
 20
11.3897379879
 30
0.0
 11
86.81906239079999
 21
11.4397379879
 31
0.0
  0
LINE
  5
307
330
1FF
100
AcDbEntity
  8
0
  6
Continuous
 62
     7
100
AcDbLine
 10
86.96908048799999
 20
10.9497410989
 30
0.0
 11
86.96908048799999
 21
9.7897394282
 31
0.0
  0
LINE
  5
308
330
1FF
100
AcDbEntity
  8
0
  6
Continuous
 62
     7
100
AcDbLine
 10
79.3440699377
 20
10.1474244812
 30
0.0
 11
79.06528567649999
 21
10.0359107767
 31
0.0
  0
LINE
  5
309
330
1FF
100
AcDbEntity
  8
0
  6
Continuous
 62
     7
100
AcDbLine
 10
85.3228624087
 20
10.7035697504
 30
0.0
 11
85.04407814750001
 21
10.5920560459
 31
0.0
  0
LINE
  5
30A
330
1FF
100
AcDbEntity
  8
0
  6
Continuous
 62
     7
100
AcDbLine
 10
59.3690675972
 20
3.8397379879
 30
0.0
 11
127.2690675972
 21
3.8397379879
 31
0.0
  0
LINE
  5
30B
330
1FF
100
AcDbEntity
  8
0
  6
Continuous
 62
     7
100
AcDbLine
 10
58.9690675972
 20
4.5397379879
 30
0.0
 11
127.6690675972
 21
4.5397379879
 31
0.0
  0
LINE
  5
30C
330
1FF
100
AcDbEntity
  8
0
  6
Continuous
 62
     7
100
AcDbLine
 10
85.4440787236
 20
9.8197394714
 30
0.0
 11
85.2440784356
 21
10.0197397595
 31
0.0
  0
LINE
  5
30D
330
1FF
100
AcDbEntity
  8
0
  6
Continuous
 62
     7
100
AcDbLine
 10
79.06528567649999
 20
10.7035697504
 30
0.0
 11
79.3440699377
 21
10.5920560459
 31
0.0
  0
LINE
  5
30E
330
1FF
100
AcDbEntity
  8
0
  6
Continuous
 62
     7
100
AcDbLine
 10
85.04407814750001
 20
10.1474244812
 30
0.0
 11
85.3228624087
 21
10.0359107767
 31
0.0
  0
LINE
  5
30F
330
1FF
100
AcDbEntity
  8
0
  6
Continuous
 62
     7
100
AcDbLine
 10
58.6190675972
 20
7.689737987899999
 30
0.0
 11
58.9690675972
 21
7.689737987899999
 31
0.0
  0
LINE
  5
310
330
1FF
100
AcDbEntity
  8
0
  6
Continuous
 62
     7
100
AcDbLine
 10
127.6690675972
 20
7.689737987899999
 30
0.0
 11
128.0190675972
 21
7.689737987899999
 31
0.0
  0
LINE
  5
311
330
1FF
100
AcDbEntity
  8
0
  6
Continuous
 62
     7
100
AcDbLine
 10
85.66907904770001
 20
8.489737987899999
 30
0.0
 11
78.71906903750001
 21
8.489737987899999
 31
0.0
  0
LINE
  5
312
330
1FF
100
AcDbEntity
  8
0
  6
Continuous
 62
     7
100
AcDbLine
 10
109.6190675972
 20
8.589737984299999
 30
0.0
 11
102.6690678243
 21
8.589737984299999
 31
0.0
  0
LINE
  5
313
330
1FF
100
AcDbEntity
  8
0
  6
Continuous
 62
     7
100
AcDbLine
 10
77.9031039366
 20
8.789737987899998
 30
0.0
 11
86.4850548669
 21
8.789737987899998
 31
0.0
  0
LINE
  5
314
330
1FF
100
AcDbEntity
  8
0
  6
Continuous
 62
     7
100
AcDbLine
 10
102.6690678243
 20
8.789737987899998
 30
0.0
 11
109.6190675972
 21
8.789737987899998
 31
0.0
  0
LINE
  5
315
330
1FF
100
AcDbEntity
  8
0
  6
Continuous
 62
     7
100
AcDbLine
 10
85.66907904770001
 20
8.8397380599
 30
0.0
 11
78.71906903750001
 21
8.8397380599
 31
0.0
  0
LINE
  5
316
330
1FF
100
AcDbEntity
  8
0
  6
Continuous
 62
     7
100
AcDbLine
 10
103.2690678136
 20
8.889737984299999
 30
0.0
 11
109.019067608
 21
8.889737984299999
 31
0.0
  0
LINE
  5
317
330
1FF
100
AcDbEntity
  8
0
  6
Continuous
 62
     7
100
AcDbLine
 10
78.71906903760001
 20
9.039738348
 30
0.0
 11
85.66907904770001
 21
9.039738348
 31
0.0
  0
LINE
  5
318
330
1FF
100
AcDbEntity
  8
0
  6
Continuous
 62
     7
100
AcDbLine
 10
85.66907904770001
 20
9.089738419999999
 30
0.0
 11
78.71906903750001
 21
9.089738419999999
 31
0.0
  0
LINE
  5
319
330
1FF
100
AcDbEntity
  8
0
  6
Continuous
 62
     7
100
AcDbLine
 10
108.5190676259
 20
9.2147379727
 30
0.0
 11
103.7690677957
 21
9.2147379727
 31
0.0
  0
LINE
  5
31A
330
1FF
100
AcDbEntity
  8
0
  6
Continuous
 62
     7
100
AcDbLine
 10
103.2690678136
 20
9.289737969999999
 30
0.0
 11
102.9690678243
 21
9.289737969999999
 31
0.0
  0
LINE
  5
31B
330
1FF
100
AcDbEntity
  8
0
  6
Continuous
 62
     7
100
AcDbLine
 10
109.019067608
 20
9.289737969999999
 30
0.0
 11
109.3190675972
 21
9.289737969999999
 31
0.0
  0
LINE
  5
31C
330
1FF
100
AcDbEntity
  8
0
  6
Continuous
 62
     7
100
AcDbLine
 10
103.9190677904
 20
9.364737967299999
 30
0.0
 11
108.3690676312
 21
9.364737967299999
 31
0.0
  0
LINE
  5
31D
330
1FF
100
AcDbEntity
  8
0
  6
Continuous
 62
     7
100
AcDbLine
 10
103.4690678065
 20
9.4397379646
 30
0.0
 11
103.2690678136
 21
9.4397379646
 31
0.0
  0
LINE
  5
31E
330
1FF
100
AcDbEntity
  8
0
  6
Continuous
 62
     7
100
AcDbLine
 10
108.8190676151
 20
9.4397379646
 30
0.0
 11
109.019067608
 21
9.4397379646
 31
0.0
  0
LINE
  5
31F
330
1FF
100
AcDbEntity
  8
0
  6
Continuous
 62
     7
100
AcDbLine
 10
107.7440676536
 20
9.614737958400001
 30
0.0
 11
107.5440676607
 21
9.614737958400001
 31
0.0
  0
LINE
  5
320
330
1FF
100
AcDbEntity
  8
0
  6
Continuous
 62
     7
100
AcDbLine
 10
106.7440676893
 20
9.614737958400001
 30
0.0
 11
106.5440676965
 21
9.614737958400001
 31
0.0
  0
LINE
  5
321
330
1FF
100
AcDbEntity
  8
0
  6
Continuous
 62
     7
100
AcDbLine
 10
105.7440677251
 20
9.614737958400001
 30
0.0
 11
105.5440677322
 21
9.614737958400001
 31
0.0
  0
LINE
  5
322
330
1FF
100
AcDbEntity
  8
0
  6
Continuous
 62
     7
100
AcDbLine
 10
104.7440677609
 20
9.614737958400001
 30
0.0
 11
104.544067768
 21
9.614737958400001
 31
0.0
  0
LINE
  5
323
330
1FF
100
AcDbEntity
  8
0
  6
Continuous
 62
     7
100
AcDbLine
 10
104.5969658603
 20
9.6676360507
 30
0.0
 11
104.6911696685
 21
9.6676360507
 31
0.0
  0
LINE
  5
324
330
1FF
100
AcDbEntity
  8
0
  6
Continuous
 62
     7
100
AcDbLine
 10
105.5969658246
 20
9.6676360507
 30
0.0
 11
105.6911696328
 21
9.6676360507
 31
0.0
  0
LINE
  5
325
330
1FF
100
AcDbEntity
  8
0
  6
Continuous
 62
     7
100
AcDbLine
 10
106.5969657888
 20
9.6676360507
 30
0.0
 11
106.691169597
 21
9.6676360507
 31
0.0
  0
LINE
  5
326
330
1FF
100
AcDbEntity
  8
0
  6
Continuous
 62
     7
100
AcDbLine
 10
107.596965753
 20
9.6676360507
 30
0.0
 11
107.6911695612
 21
9.6676360507
 31
0.0
  0
LINE
  5
327
330
1FF
100
AcDbEntity
  8
0
  6
Continuous
 62
     7
100
AcDbLine
 10
77.71906759720001
 20
9.7897394282
 30
0.0
 11
77.7690676693
 21
9.7897394282
 31
0.0
  0
LINE
  5
328
330
1FF
100
AcDbEntity
  8
0
  6
Continuous
 62
     7
100
AcDbLine
 10
77.9690679573
 20
9.7897394282
 30
0.0
 11
78.0190680293
 21
9.7897394282
 31
0.0
  0
LINE
  5
329
330
1FF
100
AcDbEntity
  8
0
  6
Continuous
 62
     7
100
AcDbLine
 10
86.36908005589999
 20
9.7897394282
 30
0.0
 11
86.4190801279
 21
9.7897394282
 31
0.0
  0
LINE
  5
32A
330
1FF
100
AcDbEntity
  8
0
  6
Continuous
 62
     7
100
AcDbLine
 10
86.619080416
 20
9.7897394282
 30
0.0
 11
86.66908048799999
 21
9.7897394282
 31
0.0
  0
LINE
  5
32B
330
1FF
100
AcDbEntity
  8
0
  6
Continuous
 62
     7
100
AcDbLine
 10
78.64406892949999
 20
9.8197394714
 30
0.0
 11
85.74407915569999
 21
9.8197394714
 31
0.0
  0
LINE
  5
32C
330
1FF
100
AcDbEntity
  8
0
  6
Continuous
 62
     7
100
AcDbLine
 10
107.6911695612
 20
9.9118398535
 30
0.0
 11
107.596965753
 21
9.9118398535
 31
0.0
  0
LINE
  5
32D
330
1FF
100
AcDbEntity
  8
0
  6
Continuous
 62
     7
100
AcDbLine
 10
106.691169597
 20
9.9118398535
 30
0.0
 11
106.5969657888
 21
9.9118398535
 31
0.0
  0
LINE
  5
32E
330
1FF
100
AcDbEntity
  8
0
  6
Continuous
 62
     7
100
AcDbLine
 10
105.6911696328
 20
9.9118398535
 30
0.0
 11
105.5969658246
 21
9.9118398535
 31
0.0
  0
LINE
  5
32F
330
1FF
100
AcDbEntity
  8
0
  6
Continuous
 62
     7
100
AcDbLine
 10
104.6911696685
 20
9.9118398535
 30
0.0
 11
104.5969658603
 21
9.9118398535
 31
0.0
  0
LINE
  5
330
330
1FF
100
AcDbEntity
  8
0
  6
Continuous
 62
     7
100
AcDbLine
 10
104.544067768
 20
9.964737945899999
 30
0.0
 11
104.7440677609
 21
9.964737945899999
 31
0.0
  0
LINE
  5
331
330
1FF
100
AcDbEntity
  8
0
  6
Continuous
 62
     7
100
AcDbLine
 10
105.5440677322
 20
9.964737945899999
 30
0.0
 11
105.7440677251
 21
9.964737945899999
 31
0.0
  0
LINE
  5
332
330
1FF
100
AcDbEntity
  8
0
  6
Continuous
 62
     7
100
AcDbLine
 10
106.5440676965
 20
9.964737945899999
 30
0.0
 11
106.7440676893
 21
9.964737945899999
 31
0.0
  0
LINE
  5
333
330
1FF
100
AcDbEntity
  8
0
  6
Continuous
 62
     7
100
AcDbLine
 10
107.5440676607
 20
9.964737945899999
 30
0.0
 11
107.7440676536
 21
9.964737945899999
 31
0.0
  0
LINE
  5
334
330
1FF
100
AcDbEntity
  8
0
  6
Continuous
 62
     7
100
AcDbLine
 10
78.84406921760001
 20
10.0197397595
 30
0.0
 11
85.5440788677
 21
10.0197397595
 31
0.0
  0
LINE
  5
335
330
1FF
100
AcDbEntity
  8
0
  6
Continuous
 62
     7
100
AcDbLine
 10
84.99407807549999
 20
10.1197399035
 30
0.0
 11
84.69407764340001
 21
10.1197399035
 31
0.0
  0
LINE
  5
336
330
1FF
100
AcDbEntity
  8
0
  6
Continuous
 62
     7
100
AcDbLine
 10
83.54407598699999
 20
10.1197399035
 30
0.0
 11
83.24407555489999
 21
10.1197399035
 31
0.0
  0
LINE
  5
337
330
1FF
100
AcDbEntity
  8
0
  6
Continuous
 62
     7
100
AcDbLine
 10
83.0940753389
 20
10.1197399035
 30
0.0
 11
82.7940749068
 21
10.1197399035
 31
0.0
  0
LINE
  5
338
330
1FF
100
AcDbEntity
  8
0
  6
Continuous
 62
     7
100
AcDbLine
 10
82.6440746908
 20
10.1197399035
 30
0.0
 11
82.34407425870001
 21
10.1197399035
 31
0.0
  0
LINE
  5
339
330
1FF
100
AcDbEntity
  8
0
  6
Continuous
 62
     7
100
AcDbLine
 10
82.04407382659999
 20
10.1197399035
 30
0.0
 11
81.74407339449999
 21
10.1197399035
 31
0.0
  0
LINE
  5
33A
330
1FF
100
AcDbEntity
  8
0
  6
Continuous
 62
     7
100
AcDbLine
 10
81.59407317839999
 20
10.1197399035
 30
0.0
 11
81.29407274630001
 21
10.1197399035
 31
0.0
  0
LINE
  5
33B
330
1FF
100
AcDbEntity
  8
0
  6
Continuous
 62
     7
100
AcDbLine
 10
81.1440725303
 20
10.1197399035
 30
0.0
 11
80.8440720982
 21
10.1197399035
 31
0.0
  0
LINE
  5
33C
330
1FF
100
AcDbEntity
  8
0
  6
Continuous
 62
     7
100
AcDbLine
 10
79.69407044180001
 20
10.1197399035
 30
0.0
 11
79.39407000979999
 21
10.1197399035
 31
0.0
  0
LINE
  5
33D
330
1FF
100
AcDbEntity
  8
0
  6
Continuous
 62
     7
100
AcDbLine
 10
79.3440699377
 20
10.2197400475
 30
0.0
 11
85.04407814750001
 21
10.2197400475
 31
0.0
  0
LINE
  5
33E
330
1FF
100
AcDbEntity
  8
0
  6
Continuous
 62
     7
100
AcDbLine
 10
109.019067608
 20
10.2347379362
 30
0.0
 11
108.5190676259
 21
10.2347379362
 31
0.0
  0
LINE
  5
33F
330
1FF
100
AcDbEntity
  8
0
  6
Continuous
 62
     7
100
AcDbLine
 10
103.7690677957
 20
10.2347379362
 30
0.0
 11
103.2690678136
 21
10.2347379362
 31
0.0
  0
LINE
  5
340
330
1FF
100
AcDbEntity
  8
0
  6
Continuous
 62
     7
100
AcDbLine
 10
103.4190678082
 20
10.3847379308
 30
0.0
 11
103.9190677904
 21
10.3847379308
 31
0.0
  0
LINE
  5
341
330
1FF
100
AcDbEntity
  8
0
  6
Continuous
 62
     7
100
AcDbLine
 10
108.3690676312
 20
10.3847379308
 30
0.0
 11
108.8690676133
 21
10.3847379308
 31
0.0
  0
LINE
  5
342
330
1FF
100
AcDbEntity
  8
0
  6
Continuous
 62
     7
100
AcDbLine
 10
79.3440699377
 20
10.5197404796
 30
0.0
 11
85.04407814750001
 21
10.5197404796
 31
0.0
  0
LINE
  5
343
330
1FF
100
AcDbEntity
  8
0
  6
Continuous
 62
     7
100
AcDbLine
 10
84.99407807549999
 20
10.6197406236
 30
0.0
 11
84.69407764340001
 21
10.6197406236
 31
0.0
  0
LINE
  5
344
330
1FF
100
AcDbEntity
  8
0
  6
Continuous
 62
     7
100
AcDbLine
 10
83.54407598699999
 20
10.6197406236
 30
0.0
 11
83.24407555489999
 21
10.6197406236
 31
0.0
  0
LINE
  5
345
330
1FF
100
AcDbEntity
  8
0
  6
Continuous
 62
     7
100
AcDbLine
 10
83.0940753389
 20
10.6197406236
 30
0.0
 11
82.7940749068
 21
10.6197406236
 31
0.0
  0
LINE
  5
346
330
1FF
100
AcDbEntity
  8
0
  6
Continuous
 62
     7
100
AcDbLine
 10
82.6440746908
 20
10.6197406236
 30
0.0
 11
82.34407425870001
 21
10.6197406236
 31
0.0
  0
LINE
  5
347
330
1FF
100
AcDbEntity
  8
0
  6
Continuous
 62
     7
100
AcDbLine
 10
79.39407000979999
 20
10.6197406236
 30
0.0
 11
79.69407044180001
 21
10.6197406236
 31
0.0
  0
LINE
  5
348
330
1FF
100
AcDbEntity
  8
0
  6
Continuous
 62
     7
100
AcDbLine
 10
80.8440720982
 20
10.6197406236
 30
0.0
 11
81.1440725303
 21
10.6197406236
 31
0.0
  0
LINE
  5
349
330
1FF
100
AcDbEntity
  8
0
  6
Continuous
 62
     7
100
AcDbLine
 10
81.29407274630001
 20
10.6197406236
 30
0.0
 11
81.59407317839999
 21
10.6197406236
 31
0.0
  0
LINE
  5
34A
330
1FF
100
AcDbEntity
  8
0
  6
Continuous
 62
     7
100
AcDbLine
 10
81.74407339449999
 20
10.6197406236
 30
0.0
 11
82.04407382659999
 21
10.6197406236
 31
0.0
  0
LINE
  5
34B
330
1FF
100
AcDbEntity
  8
0
  6
Continuous
 62
     7
100
AcDbLine
 10
128.0190675972
 20
10.6897379879
 30
0.0
 11
127.6690675972
 21
10.6897379879
 31
0.0
  0
LINE
  5
34C
330
1FF
100
AcDbEntity
  8
0
  6
Continuous
 62
     7
100
AcDbLine
 10
58.9690675972
 20
10.6897379879
 30
0.0
 11
58.6190675972
 21
10.6897379879
 31
0.0
  0
LINE
  5
34D
330
1FF
100
AcDbEntity
  8
0
  6
Continuous
 62
     7
100
AcDbLine
 10
78.84406921760001
 20
10.7197407677
 30
0.0
 11
85.5440788677
 21
10.7197407677
 31
0.0
  0
LINE
  5
34E
330
1FF
100
AcDbEntity
  8
0
  6
Continuous
 62
     7
100
AcDbLine
 10
77.71906759720001
 20
10.7897379879
 30
0.0
 11
77.41906759719999
 21
10.7897379879
 31
0.0
  0
LINE
  5
34F
330
1FF
100
AcDbEntity
  8
0
  6
Continuous
 62
     7
100
AcDbLine
 10
107.7440676536
 20
10.8397379146
 30
0.0
 11
107.5440676607
 21
10.8397379146
 31
0.0
  0
LINE
  5
350
330
1FF
100
AcDbEntity
  8
0
  6
Continuous
 62
     7
100
AcDbLine
 10
106.7440676893
 20
10.8397379146
 30
0.0
 11
106.5440676965
 21
10.8397379146
 31
0.0
  0
LINE
  5
351
330
1FF
100
AcDbEntity
  8
0
  6
Continuous
 62
     7
100
AcDbLine
 10
105.7440677251
 20
10.8397379146
 30
0.0
 11
105.5440677322
 21
10.8397379146
 31
0.0
  0
LINE
  5
352
330
1FF
100
AcDbEntity
  8
0
  6
Continuous
 62
     7
100
AcDbLine
 10
104.7440677609
 20
10.8397379146
 30
0.0
 11
104.544067768
 21
10.8397379146
 31
0.0
  0
LINE
  5
353
330
1FF
100
AcDbEntity
  8
0
  6
Continuous
 62
     7
100
AcDbLine
 10
78.64406892949999
 20
10.9197410557
 30
0.0
 11
85.74407915569999
 21
10.9197410557
 31
0.0
  0
LINE
  5
354
330
1FF
100
AcDbEntity
  8
0
  6
Continuous
 62
     7
100
AcDbLine
 10
86.66908048799999
 20
10.9497410989
 30
0.0
 11
86.619080416
 21
10.9497410989
 31
0.0
  0
LINE
  5
355
330
1FF
100
AcDbEntity
  8
0
  6
Continuous
 62
     7
100
AcDbLine
 10
86.4190801279
 20
10.9497410989
 30
0.0
 11
86.36908005589999
 21
10.9497410989
 31
0.0
  0
LINE
  5
356
330
1FF
100
AcDbEntity
  8
0
  6
Continuous
 62
     7
100
AcDbLine
 10
78.0190680293
 20
10.9497410989
 30
0.0
 11
77.9690679573
 21
10.9497410989
 31
0.0
  0
LINE
  5
357
330
1FF
100
AcDbEntity
  8
0
  6
Continuous
 62
     7
100
AcDbLine
 10
77.7690676693
 20
10.9497410989
 30
0.0
 11
77.71906759720001
 21
10.9497410989
 31
0.0
  0
LINE
  5
358
330
1FF
100
AcDbEntity
  8
0
  6
Continuous
 62
     7
100
AcDbLine
 10
104.5969658603
 20
11.0129429891
 30
0.0
 11
104.6911696685
 21
11.0129429891
 31
0.0
  0
LINE
  5
359
330
1FF
100
AcDbEntity
  8
0
  6
Continuous
 62
     7
100
AcDbLine
 10
105.5969658246
 20
11.0129429891
 30
0.0
 11
105.6911696328
 21
11.0129429891
 31
0.0
  0
LINE
  5
35A
330
1FF
100
AcDbEntity
  8
0
  6
Continuous
 62
     7
100
AcDbLine
 10
106.5969657888
 20
11.0129429891
 30
0.0
 11
106.691169597
 21
11.0129429891
 31
0.0
  0
LINE
  5
35B
330
1FF
100
AcDbEntity
  8
0
  6
Continuous
 62
     7
100
AcDbLine
 10
107.596965753
 20
11.0129429891
 30
0.0
 11
107.6911695612
 21
11.0129429891
 31
0.0
  0
LINE
  5
35C
330
1FF
100
AcDbEntity
  8
0
  6
Continuous
 62
     7
100
AcDbLine
 10
108.8690676133
 20
11.0547379069
 30
0.0
 11
108.3690676312
 21
11.0547379069
 31
0.0
  0
LINE
  5
35D
330
1FF
100
AcDbEntity
  8
0
  6
Continuous
 62
     7
100
AcDbLine
 10
103.9190677904
 20
11.0547379069
 30
0.0
 11
103.4190678082
 21
11.0547379069
 31
0.0
  0
LINE
  5
35E
330
1FF
100
AcDbEntity
  8
0
  6
Continuous
 62
     7
100
AcDbLine
 10
107.6911695612
 20
11.1665328221
 30
0.0
 11
107.596965753
 21
11.1665328221
 31
0.0
  0
LINE
  5
35F
330
1FF
100
AcDbEntity
  8
0
  6
Continuous
 62
     7
100
AcDbLine
 10
106.691169597
 20
11.1665328221
 30
0.0
 11
106.5969657888
 21
11.1665328221
 31
0.0
  0
LINE
  5
360
330
1FF
100
AcDbEntity
  8
0
  6
Continuous
 62
     7
100
AcDbLine
 10
105.6911696328
 20
11.1665328221
 30
0.0
 11
105.5969658246
 21
11.1665328221
 31
0.0
  0
LINE
  5
361
330
1FF
100
AcDbEntity
  8
0
  6
Continuous
 62
     7
100
AcDbLine
 10
104.6911696685
 20
11.1665328221
 30
0.0
 11
104.5969658603
 21
11.1665328221
 31
0.0
  0
LINE
  5
362
330
1FF
100
AcDbEntity
  8
0
  6
Continuous
 62
     7
100
AcDbLine
 10
103.2690678136
 20
11.2047379015
 30
0.0
 11
103.7690677957
 21
11.2047379015
 31
0.0
  0
LINE
  5
363
330
1FF
100
AcDbEntity
  8
0
  6
Continuous
 62
     7
100
AcDbLine
 10
108.5190676259
 20
11.2047379015
 30
0.0
 11
109.019067608
 21
11.2047379015
 31
0.0
  0
LINE
  5
364
330
1FF
100
AcDbEntity
  8
0
  6
Continuous
 62
     7
100
AcDbLine
 10
84.32641822929999
 20
11.3020868151
 30
0.0
 11
83.66173504109999
 21
11.3020868151
 31
0.0
  0
LINE
  5
365
330
1FF
100
AcDbEntity
  8
0
  6
Continuous
 62
     7
100
AcDbLine
 10
80.72641304420001
 20
11.3020868151
 30
0.0
 11
80.06172985600001
 21
11.3020868151
 31
0.0
  0
LINE
  5
366
330
1FF
100
AcDbEntity
  8
0
  6
Continuous
 62
     7
100
AcDbLine
 10
80.02644685289999
 20
11.327168968
 30
0.0
 11
80.7616960472
 21
11.327168968
 31
0.0
  0
LINE
  5
367
330
1FF
100
AcDbEntity
  8
0
  6
Continuous
 62
     7
100
AcDbLine
 10
83.62645203799999
 20
11.327168968
 30
0.0
 11
84.36170123229999
 21
11.327168968
 31
0.0
  0
LINE
  5
368
330
1FF
100
AcDbEntity
  8
0
  6
Continuous
 62
     7
100
AcDbLine
 10
104.544067768
 20
11.3397378967
 30
0.0
 11
104.7440677609
 21
11.3397378967
 31
0.0
  0
LINE
  5
369
330
1FF
100
AcDbEntity
  8
0
  6
Continuous
 62
     7
100
AcDbLine
 10
105.5440677322
 20
11.3397378967
 30
0.0
 11
105.7440677251
 21
11.3397378967
 31
0.0
  0
LINE
  5
36A
330
1FF
100
AcDbEntity
  8
0
  6
Continuous
 62
     7
100
AcDbLine
 10
106.5440676965
 20
11.3397378967
 30
0.0
 11
106.7440676893
 21
11.3397378967
 31
0.0
  0
LINE
  5
36B
330
1FF
100
AcDbEntity
  8
0
  6
Continuous
 62
     7
100
AcDbLine
 10
107.5440676607
 20
11.3397378967
 30
0.0
 11
107.7440676536
 21
11.3397378967
 31
0.0
  0
LINE
  5
36C
330
1FF
100
AcDbEntity
  8
0
  6
Continuous
 62
     7
100
AcDbLine
 10
86.66908048799999
 20
11.3897379879
 30
0.0
 11
86.81906239079999
 21
11.3897379879
 31
0.0
  0
LINE
  5
36D
330
1FF
100
AcDbEntity
  8
0
  6
Continuous
 62
     7
100
AcDbLine
 10
77.52519179540001
 20
11.4397379879
 30
0.0
 11
77.71906759720001
 21
11.4397379879
 31
0.0
  0
LINE
  5
36E
330
1FF
100
AcDbEntity
  8
0
  6
Continuous
 62
     7
100
AcDbLine
 10
86.66908048799999
 20
11.4397379879
 30
0.0
 11
86.8629566791
 21
11.4397379879
 31
0.0
  0
LINE
  5
36F
330
1FF
100
AcDbEntity
  8
0
  6
Continuous
 62
     7
100
AcDbLine
 10
102.6690678243
 20
11.4397379879
 30
0.0
 11
102.9690678243
 21
11.4397379879
 31
0.0
  0
LINE
  5
370
330
1FF
100
AcDbEntity
  8
0
  6
Continuous
 62
     7
100
AcDbLine
 10
109.3190675972
 20
11.4397379879
 30
0.0
 11
109.6190675972
 21
11.4397379879
 31
0.0
  0
LINE
  5
371
330
1FF
100
AcDbEntity
  8
0
  6
Continuous
 62
     7
100
AcDbLine
 10
108.3690676312
 20
11.5147378904
 30
0.0
 11
103.9190677904
 21
11.5147378904
 31
0.0
  0
LINE
  5
372
330
1FF
100
AcDbEntity
  8
0
  6
Continuous
 62
     7
100
AcDbLine
 10
84.5780397707
 20
11.6383411286
 30
0.0
 11
83.41011349970001
 21
11.6383411286
 31
0.0
  0
LINE
  5
373
330
1FF
100
AcDbEntity
  8
0
  6
Continuous
 62
     7
100
AcDbLine
 10
80.97803458559999
 20
11.6383411286
 30
0.0
 11
79.81010831449999
 21
11.6383411286
 31
0.0
  0
LINE
  5
374
330
1FF
100
AcDbEntity
  8
0
  6
Continuous
 62
     7
100
AcDbLine
 10
86.66908048799999
 20
11.6497421072
 30
0.0
 11
86.38322291909998
 21
11.6497421072
 31
0.0
  0
LINE
  5
375
330
1FF
100
AcDbEntity
  8
0
  6
Continuous
 62
     7
100
AcDbLine
 10
78.00492516609999
 20
11.6497421072
 30
0.0
 11
77.71906759720001
 21
11.6497421072
 31
0.0
  0
LINE
  5
376
330
1FF
100
AcDbEntity
  8
0
  6
Continuous
 62
     7
100
AcDbLine
 10
78.71906903750001
 20
11.6497421072
 30
0.0
 11
85.66907904770001
 21
11.6497421072
 31
0.0
  0
LINE
  5
377
330
1FF
100
AcDbEntity
  8
0
  6
Continuous
 62
     7
100
AcDbLine
 10
103.7690677957
 20
11.6647378851
 30
0.0
 11
108.5190676259
 21
11.6647378851
 31
0.0
  0
LINE
  5
378
330
1FF
100
AcDbEntity
  8
0
  6
Continuous
 62
     7
100
AcDbLine
 10
85.66907904770001
 20
11.6997421792
 30
0.0
 11
78.71906903760001
 21
11.6997421792
 31
0.0
  0
LINE
  5
379
330
1FF
100
AcDbEntity
  8
0
  6
Continuous
 62
     7
100
AcDbLine
 10
78.71906903750001
 20
11.8997424672
 30
0.0
 11
85.66907904770001
 21
11.8997424672
 31
0.0
  0
LINE
  5
37A
330
1FF
100
AcDbEntity
  8
0
  6
Continuous
 62
     7
100
AcDbLine
 10
85.66907904770001
 20
11.9497425393
 30
0.0
 11
78.71906903750001
 21
11.9497425393
 31
0.0
  0
LINE
  5
37B
330
1FF
100
AcDbEntity
  8
0
  6
Continuous
 62
     7
100
AcDbLine
 10
109.3190675972
 20
11.9897378734
 30
0.0
 11
102.9690678243
 21
11.9897378734
 31
0.0
  0
LINE
  5
37C
330
1FF
100
AcDbEntity
  8
0
  6
Continuous
 62
     7
100
AcDbLine
 10
109.4190675972
 20
12.2397379879
 30
0.0
 11
102.8690678205
 21
12.2397379879
 31
0.0
  0
LINE
  5
37D
330
1FF
100
AcDbEntity
  8
0
  6
Continuous
 62
     7
100
AcDbLine
 10
102.4733795618
 20
12.2397382396
 30
0.0
 11
86.63384793590001
 21
12.239738043
 31
0.0
  0
LINE
  5
37E
330
1FF
100
AcDbEntity
  8
0
  6
Continuous
 62
     7
100
AcDbLine
 10
127.6690675972
 20
12.2397379879
 30
0.0
 11
109.8147561275
 21
12.2397383207
 31
0.0
  0
LINE
  5
37F
330
1FF
100
AcDbEntity
  8
0
  6
Continuous
 62
     7
100
AcDbLine
 10
77.7542918617
 20
12.2397400527
 30
0.0
 11
58.9690675972
 21
12.2397379879
 31
0.0
  0
LINE
  5
380
330
1FF
100
AcDbEntity
  8
0
  6
Continuous
 62
     7
100
AcDbLine
 10
85.66907904770001
 20
12.2497425393
 30
0.0
 11
78.71906903760001
 21
12.2497425393
 31
0.0
  0
LINE
  5
381
330
1FF
100
AcDbEntity
  8
0
  6
Continuous
 62
     7
100
AcDbLine
 10
109.4190675972
 20
12.5811593441
 30
0.0
 11
102.8690677872
 21
12.5811593488
 31
0.0
  0
LINE
  5
382
330
1FF
100
AcDbEntity
  8
0
  6
Continuous
 62
     7
100
AcDbLine
 10
78.71906903750001
 20
12.5911638955
 30
0.0
 11
85.66907904770001
 21
12.5911638955
 31
0.0
  0
LINE
  5
383
330
1FF
100
AcDbEntity
  8
0
  6
Continuous
 62
     7
100
AcDbLine
 10
103.4190678082
 20
10.3847379308
 30
0.0
 11
103.2690678136
 21
10.2347379362
 31
0.0
  0
LINE
  5
384
330
1FF
100
AcDbEntity
  8
0
  6
Continuous
 62
     7
100
AcDbLine
 10
103.9190677904
 20
10.3847379308
 30
0.0
 11
103.7690677957
 21
10.2347379362
 31
0.0
  0
LINE
  5
385
330
1FF
100
AcDbEntity
  8
0
  6
Continuous
 62
     7
100
AcDbLine
 10
125.4690675966
 20
14.4397379879
 30
0.0
 11
61.1690675976
 21
14.4397379879
 31
0.0
  0
LINE
  5
386
330
1FF
100
AcDbEntity
  8
0
  6
Continuous
 62
     7
100
AcDbLine
 10
102.6690678243
 20
8.589737984299999
 30
0.0
 11
102.6690678243
 21
12.0397379879
 31
0.0
  0
LINE
  5
387
330
1FF
100
AcDbEntity
  8
0
  6
Continuous
 62
     7
100
AcDbLine
 10
102.8690678243
 20
12.2397379879
 30
0.0
 11
102.8690678243
 21
12.5811593441
 31
0.0
  0
LINE
  5
388
330
1FF
100
AcDbEntity
  8
0
  6
Continuous
 62
     7
100
AcDbLine
 10
102.9690678243
 20
11.9897378734
 30
0.0
 11
102.9690678243
 21
9.289737969999999
 31
0.0
  0
LINE
  5
389
330
1FF
100
AcDbEntity
  8
0
  6
Continuous
 62
     7
100
AcDbLine
 10
103.9190677904
 20
9.364737967299999
 30
0.0
 11
103.7690677957
 21
9.2147379727
 31
0.0
  0
LINE
  5
38A
330
1FF
100
AcDbEntity
  8
0
  6
Continuous
 62
     7
100
AcDbLine
 10
104.7440677609
 20
9.964737945899999
 30
0.0
 11
104.6911696685
 21
9.9118398535
 31
0.0
  0
LINE
  5
38B
330
1FF
100
AcDbEntity
  8
0
  6
Continuous
 62
     7
100
AcDbLine
 10
104.5969658603
 20
9.6676360507
 30
0.0
 11
104.544067768
 21
9.614737958400001
 31
0.0
  0
LINE
  5
38C
330
1FF
100
AcDbEntity
  8
0
  6
Continuous
 62
     7
100
AcDbLine
 10
105.7440677251
 20
9.964737945899999
 30
0.0
 11
105.6911696328
 21
9.9118398535
 31
0.0
  0
LINE
  5
38D
330
1FF
100
AcDbEntity
  8
0
  6
Continuous
 62
     7
100
AcDbLine
 10
105.5969658246
 20
9.6676360507
 30
0.0
 11
105.5440677322
 21
9.614737958400001
 31
0.0
  0
LINE
  5
38E
330
1FF
100
AcDbEntity
  8
0
  6
Continuous
 62
     7
100
AcDbLine
 10
106.7440676893
 20
9.964737945899999
 30
0.0
 11
106.691169597
 21
9.9118398535
 31
0.0
  0
LINE
  5
38F
330
1FF
100
AcDbEntity
  8
0
  6
Continuous
 62
     7
100
AcDbLine
 10
108.5190676259
 20
11.6647378851
 30
0.0
 11
108.3690676312
 21
11.5147378904
 31
0.0
  0
LINE
  5
390
330
1FF
100
AcDbEntity
  8
0
  6
Continuous
 62
     7
100
AcDbLine
 10
106.5969657888
 20
9.6676360507
 30
0.0
 11
106.5440676965
 21
9.614737958400001
 31
0.0
  0
LINE
  5
391
330
1FF
100
AcDbEntity
  8
0
  6
Continuous
 62
     7
100
AcDbLine
 10
108.3690676312
 20
11.0547379069
 30
0.0
 11
108.5190676259
 21
11.2047379015
 31
0.0
  0
LINE
  5
392
330
1FF
100
AcDbEntity
  8
0
  6
Continuous
 62
     7
100
AcDbLine
 10
107.7440676536
 20
9.964737945899999
 30
0.0
 11
107.6911695612
 21
9.9118398535
 31
0.0
  0
LINE
  5
393
330
1FF
100
AcDbEntity
  8
0
  6
Continuous
 62
     7
100
AcDbLine
 10
108.8690676133
 20
11.0547379069
 30
0.0
 11
109.019067608
 21
11.2047379015
 31
0.0
  0
LINE
  5
394
330
1FF
100
AcDbEntity
  8
0
  6
Continuous
 62
     7
100
AcDbLine
 10
104.7440677609
 20
9.614737958400001
 30
0.0
 11
104.6911696685
 21
9.6676360507
 31
0.0
  0
LINE
  5
395
330
1FF
100
AcDbEntity
  8
0
  6
Continuous
 62
     7
100
AcDbLine
 10
103.4190678082
 20
11.0547379069
 30
0.0
 11
103.2690678136
 21
11.2047379015
 31
0.0
  0
LINE
  5
396
330
1FF
100
AcDbEntity
  8
0
  6
Continuous
 62
     7
100
AcDbLine
 10
104.5969658603
 20
9.9118398535
 30
0.0
 11
104.544067768
 21
9.964737945899999
 31
0.0
  0
LINE
  5
397
330
1FF
100
AcDbEntity
  8
0
  6
Continuous
 62
     7
100
AcDbLine
 10
103.7690677957
 20
11.2047379015
 30
0.0
 11
103.9190677904
 21
11.0547379069
 31
0.0
  0
LINE
  5
398
330
1FF
100
AcDbEntity
  8
0
  6
Continuous
 62
     7
100
AcDbLine
 10
105.7440677251
 20
9.614737958400001
 30
0.0
 11
105.6911696328
 21
9.6676360507
 31
0.0
  0
LINE
  5
399
330
1FF
100
AcDbEntity
  8
0
  6
Continuous
 62
     7
100
AcDbLine
 10
103.7690677957
 20
11.6647378851
 30
0.0
 11
103.9190677904
 21
11.5147378904
 31
0.0
  0
LINE
  5
39A
330
1FF
100
AcDbEntity
  8
0
  6
Continuous
 62
     7
100
AcDbLine
 10
105.5969658246
 20
9.9118398535
 30
0.0
 11
105.5440677322
 21
9.964737945899999
 31
0.0
  0
LINE
  5
39B
330
1FF
100
AcDbEntity
  8
0
  6
Continuous
 62
     7
100
AcDbLine
 10
103.2690678136
 20
9.4397379646
 30
0.0
 11
103.2690678136
 21
8.789737987899998
 31
0.0
  0
LINE
  5
39C
330
1FF
100
AcDbEntity
  8
0
  6
Continuous
 62
     7
100
AcDbLine
 10
103.2690678136
 20
10.2347379362
 30
0.0
 11
103.2690678136
 21
11.2047379015
 31
0.0
  0
LINE
  5
39D
330
1FF
100
AcDbEntity
  8
0
  6
Continuous
 62
     7
100
AcDbLine
 10
103.4190678082
 20
11.0547379069
 30
0.0
 11
103.4190678082
 21
10.3847379308
 31
0.0
  0
LINE
  5
39E
330
1FF
100
AcDbEntity
  8
0
  6
Continuous
 62
     7
100
AcDbLine
 10
103.4690678065
 20
8.789737987899998
 30
0.0
 11
103.4690678065
 21
9.4397379646
 31
0.0
  0
LINE
  5
39F
330
1FF
100
AcDbEntity
  8
0
  6
Continuous
 62
     7
100
AcDbLine
 10
103.7690677957
 20
9.2147379727
 30
0.0
 11
103.7690677957
 21
10.2347379362
 31
0.0
  0
LINE
  5
3A0
330
1FF
100
AcDbEntity
  8
0
  6
Continuous
 62
     7
100
AcDbLine
 10
103.7690677957
 20
11.2047379015
 30
0.0
 11
103.7690677957
 21
11.6647378851
 31
0.0
  0
LINE
  5
3A1
330
1FF
100
AcDbEntity
  8
0
  6
Continuous
 62
     7
100
AcDbLine
 10
103.9190677904
 20
11.5147378904
 30
0.0
 11
103.9190677904
 21
9.364737967299999
 31
0.0
  0
LINE
  5
3A2
330
1FF
100
AcDbEntity
  8
0
  6
Continuous
 62
     7
100
AcDbLine
 10
104.544067768
 20
8.889737984299999
 30
0.0
 11
104.544067768
 21
8.789737987899998
 31
0.0
  0
LINE
  5
3A3
330
1FF
100
AcDbEntity
  8
0
  6
Continuous
 62
     7
100
AcDbLine
 10
104.544067768
 20
9.614737958400001
 30
0.0
 11
104.544067768
 21
9.964737945899999
 31
0.0
  0
LINE
  5
3A4
330
1FF
100
AcDbEntity
  8
0
  6
Continuous
 62
     7
100
AcDbLine
 10
104.544067768
 20
10.8397379146
 30
0.0
 11
104.544067768
 21
11.3397378967
 31
0.0
  0
LINE
  5
3A5
330
1FF
100
AcDbEntity
  8
0
  6
Continuous
 62
     7
100
AcDbLine
 10
104.5969658603
 20
11.1665328221
 30
0.0
 11
104.5969658603
 21
11.0129429891
 31
0.0
  0
LINE
  5
3A6
330
1FF
100
AcDbEntity
  8
0
  6
Continuous
 62
     7
100
AcDbLine
 10
104.5969658603
 20
9.9118398535
 30
0.0
 11
104.5969658603
 21
9.6676360507
 31
0.0
  0
LINE
  5
3A7
330
1FF
100
AcDbEntity
  8
0
  6
Continuous
 62
     7
100
AcDbLine
 10
104.6911696685
 20
9.6676360507
 30
0.0
 11
104.6911696685
 21
9.9118398535
 31
0.0
  0
LINE
  5
3A8
330
1FF
100
AcDbEntity
  8
0
  6
Continuous
 62
     7
100
AcDbLine
 10
104.6911696685
 20
11.0129429891
 30
0.0
 11
104.6911696685
 21
11.1665328221
 31
0.0
  0
LINE
  5
3A9
330
1FF
100
AcDbEntity
  8
0
  6
Continuous
 62
     7
100
AcDbLine
 10
104.7440677609
 20
11.3397378967
 30
0.0
 11
104.7440677609
 21
10.8397379146
 31
0.0
  0
LINE
  5
3AA
330
1FF
100
AcDbEntity
  8
0
  6
Continuous
 62
     7
100
AcDbLine
 10
104.7440677609
 20
9.964737945899999
 30
0.0
 11
104.7440677609
 21
9.614737958400001
 31
0.0
  0
LINE
  5
3AB
330
1FF
100
AcDbEntity
  8
0
  6
Continuous
 62
     7
100
AcDbLine
 10
104.7440677609
 20
8.789737987899998
 30
0.0
 11
104.7440677609
 21
8.889737984299999
 31
0.0
  0
LINE
  5
3AC
330
1FF
100
AcDbEntity
  8
0
  6
Continuous
 62
     7
100
AcDbLine
 10
104.5969658603
 20
11.0129429891
 30
0.0
 11
104.544067768
 21
10.8397379146
 31
0.0
  0
LINE
  5
3AD
330
1FF
100
AcDbEntity
  8
0
  6
Continuous
 62
     7
100
AcDbLine
 10
104.6911696685
 20
11.1665328221
 30
0.0
 11
104.7440677609
 21
11.3397378967
 31
0.0
  0
LINE
  5
3AE
330
1FF
100
AcDbEntity
  8
0
  6
Continuous
 62
     7
100
AcDbLine
 10
105.5969658246
 20
11.0129429891
 30
0.0
 11
105.5440677322
 21
10.8397379146
 31
0.0
  0
LINE
  5
3AF
330
1FF
100
AcDbEntity
  8
0
  6
Continuous
 62
     7
100
AcDbLine
 10
105.6911696328
 20
11.1665328221
 30
0.0
 11
105.7440677251
 21
11.3397378967
 31
0.0
  0
LINE
  5
3B0
330
1FF
100
AcDbEntity
  8
0
  6
Continuous
 62
     7
100
AcDbLine
 10
107.596965753
 20
9.6676360507
 30
0.0
 11
107.5440676607
 21
9.614737958400001
 31
0.0
  0
LINE
  5
3B1
330
1FF
100
AcDbEntity
  8
0
  6
Continuous
 62
     7
100
AcDbLine
 10
106.7440676893
 20
9.614737958400001
 30
0.0
 11
106.691169597
 21
9.6676360507
 31
0.0
  0
LINE
  5
3B2
330
1FF
100
AcDbEntity
  8
0
  6
Continuous
 62
     7
100
AcDbLine
 10
106.5969657888
 20
9.9118398535
 30
0.0
 11
106.5440676965
 21
9.964737945899999
 31
0.0
  0
LINE
  5
3B3
330
1FF
100
AcDbEntity
  8
0
  6
Continuous
 62
     7
100
AcDbLine
 10
107.7440676536
 20
9.614737958400001
 30
0.0
 11
107.6911695612
 21
9.6676360507
 31
0.0
  0
LINE
  5
3B4
330
1FF
100
AcDbEntity
  8
0
  6
Continuous
 62
     7
100
AcDbLine
 10
107.596965753
 20
9.9118398535
 30
0.0
 11
107.5440676607
 21
9.964737945899999
 31
0.0
  0
LINE
  5
3B5
330
1FF
100
AcDbEntity
  8
0
  6
Continuous
 62
     7
100
AcDbLine
 10
108.3690676312
 20
9.364737967299999
 30
0.0
 11
108.5190676259
 21
9.2147379727
 31
0.0
  0
LINE
  5
3B6
330
1FF
100
AcDbEntity
  8
0
  6
Continuous
 62
     7
100
AcDbLine
 10
108.5190676259
 20
10.2347379362
 30
0.0
 11
108.3690676312
 21
10.3847379308
 31
0.0
  0
LINE
  5
3B7
330
1FF
100
AcDbEntity
  8
0
  6
Continuous
 62
     7
100
AcDbLine
 10
108.8690676133
 20
10.3847379308
 30
0.0
 11
109.019067608
 21
10.2347379362
 31
0.0
  0
LINE
  5
3B8
330
1FF
100
AcDbEntity
  8
0
  6
Continuous
 62
     7
100
AcDbLine
 10
104.544067768
 20
11.3397378967
 30
0.0
 11
104.5969658603
 21
11.1665328221
 31
0.0
  0
LINE
  5
3B9
330
1FF
100
AcDbEntity
  8
0
  6
Continuous
 62
     7
100
AcDbLine
 10
104.7440677609
 20
10.8397379146
 30
0.0
 11
104.6911696685
 21
11.0129429891
 31
0.0
  0
LINE
  5
3BA
330
1FF
100
AcDbEntity
  8
0
  6
Continuous
 62
     7
100
AcDbLine
 10
105.5440677322
 20
8.889737984299999
 30
0.0
 11
105.5440677322
 21
8.789737987899998
 31
0.0
  0
LINE
  5
3BB
330
1FF
100
AcDbEntity
  8
0
  6
Continuous
 62
     7
100
AcDbLine
 10
105.5440677322
 20
9.614737958400001
 30
0.0
 11
105.5440677322
 21
9.964737945899999
 31
0.0
  0
LINE
  5
3BC
330
1FF
100
AcDbEntity
  8
0
  6
Continuous
 62
     7
100
AcDbLine
 10
105.5440677322
 20
10.8397379146
 30
0.0
 11
105.5440677322
 21
11.3397378967
 31
0.0
  0
LINE
  5
3BD
330
1FF
100
AcDbEntity
  8
0
  6
Continuous
 62
     7
100
AcDbLine
 10
105.5969658246
 20
11.1665328221
 30
0.0
 11
105.5969658246
 21
11.0129429891
 31
0.0
  0
LINE
  5
3BE
330
1FF
100
AcDbEntity
  8
0
  6
Continuous
 62
     7
100
AcDbLine
 10
105.5969658246
 20
9.9118398535
 30
0.0
 11
105.5969658246
 21
9.6676360507
 31
0.0
  0
LINE
  5
3BF
330
1FF
100
AcDbEntity
  8
0
  6
Continuous
 62
     7
100
AcDbLine
 10
105.6911696328
 20
9.6676360507
 30
0.0
 11
105.6911696328
 21
9.9118398535
 31
0.0
  0
LINE
  5
3C0
330
1FF
100
AcDbEntity
  8
0
  6
Continuous
 62
     7
100
AcDbLine
 10
105.6911696328
 20
11.0129429891
 30
0.0
 11
105.6911696328
 21
11.1665328221
 31
0.0
  0
LINE
  5
3C1
330
1FF
100
AcDbEntity
  8
0
  6
Continuous
 62
     7
100
AcDbLine
 10
105.7440677251
 20
11.3397378967
 30
0.0
 11
105.7440677251
 21
10.8397379146
 31
0.0
  0
LINE
  5
3C2
330
1FF
100
AcDbEntity
  8
0
  6
Continuous
 62
     7
100
AcDbLine
 10
105.7440677251
 20
9.964737945899999
 30
0.0
 11
105.7440677251
 21
9.614737958400001
 31
0.0
  0
LINE
  5
3C3
330
1FF
100
AcDbEntity
  8
0
  6
Continuous
 62
     7
100
AcDbLine
 10
105.7440677251
 20
8.789737987899998
 30
0.0
 11
105.7440677251
 21
8.889737984299999
 31
0.0
  0
LINE
  5
3C4
330
1FF
100
AcDbEntity
  8
0
  6
Continuous
 62
     7
100
AcDbLine
 10
106.5440676965
 20
8.889737984299999
 30
0.0
 11
106.5440676965
 21
8.789737987899998
 31
0.0
  0
LINE
  5
3C5
330
1FF
100
AcDbEntity
  8
0
  6
Continuous
 62
     7
100
AcDbLine
 10
106.5440676965
 20
9.614737958400001
 30
0.0
 11
106.5440676965
 21
9.964737945899999
 31
0.0
  0
LINE
  5
3C6
330
1FF
100
AcDbEntity
  8
0
  6
Continuous
 62
     7
100
AcDbLine
 10
106.5440676965
 20
10.8397379146
 30
0.0
 11
106.5440676965
 21
11.3397378967
 31
0.0
  0
LINE
  5
3C7
330
1FF
100
AcDbEntity
  8
0
  6
Continuous
 62
     7
100
AcDbLine
 10
106.5969657888
 20
11.1665328221
 30
0.0
 11
106.5969657888
 21
11.0129429891
 31
0.0
  0
LINE
  5
3C8
330
1FF
100
AcDbEntity
  8
0
  6
Continuous
 62
     7
100
AcDbLine
 10
106.5969657888
 20
9.9118398535
 30
0.0
 11
106.5969657888
 21
9.6676360507
 31
0.0
  0
LINE
  5
3C9
330
1FF
100
AcDbEntity
  8
0
  6
Continuous
 62
     7
100
AcDbLine
 10
106.691169597
 20
9.6676360507
 30
0.0
 11
106.691169597
 21
9.9118398535
 31
0.0
  0
LINE
  5
3CA
330
1FF
100
AcDbEntity
  8
0
  6
Continuous
 62
     7
100
AcDbLine
 10
106.691169597
 20
11.0129429891
 30
0.0
 11
106.691169597
 21
11.1665328221
 31
0.0
  0
LINE
  5
3CB
330
1FF
100
AcDbEntity
  8
0
  6
Continuous
 62
     7
100
AcDbLine
 10
106.7440676893
 20
11.3397378967
 30
0.0
 11
106.7440676893
 21
10.8397379146
 31
0.0
  0
LINE
  5
3CC
330
1FF
100
AcDbEntity
  8
0
  6
Continuous
 62
     7
100
AcDbLine
 10
106.7440676893
 20
9.964737945899999
 30
0.0
 11
106.7440676893
 21
9.614737958400001
 31
0.0
  0
LINE
  5
3CD
330
1FF
100
AcDbEntity
  8
0
  6
Continuous
 62
     7
100
AcDbLine
 10
106.7440676893
 20
8.789737987899998
 30
0.0
 11
106.7440676893
 21
8.889737984299999
 31
0.0
  0
LINE
  5
3CE
330
1FF
100
AcDbEntity
  8
0
  6
Continuous
 62
     7
100
AcDbLine
 10
107.5440676607
 20
8.889737984299999
 30
0.0
 11
107.5440676607
 21
8.789737987899998
 31
0.0
  0
LINE
  5
3CF
330
1FF
100
AcDbEntity
  8
0
  6
Continuous
 62
     7
100
AcDbLine
 10
107.5440676607
 20
9.614737958400001
 30
0.0
 11
107.5440676607
 21
9.964737945899999
 31
0.0
  0
LINE
  5
3D0
330
1FF
100
AcDbEntity
  8
0
  6
Continuous
 62
     7
100
AcDbLine
 10
107.5440676607
 20
10.8397379146
 30
0.0
 11
107.5440676607
 21
11.3397378967
 31
0.0
  0
LINE
  5
3D1
330
1FF
100
AcDbEntity
  8
0
  6
Continuous
 62
     7
100
AcDbLine
 10
107.596965753
 20
11.1665328221
 30
0.0
 11
107.596965753
 21
11.0129429891
 31
0.0
  0
LINE
  5
3D2
330
1FF
100
AcDbEntity
  8
0
  6
Continuous
 62
     7
100
AcDbLine
 10
107.596965753
 20
9.9118398535
 30
0.0
 11
107.596965753
 21
9.6676360507
 31
0.0
  0
LINE
  5
3D3
330
1FF
100
AcDbEntity
  8
0
  6
Continuous
 62
     7
100
AcDbLine
 10
106.5969657888
 20
11.0129429891
 30
0.0
 11
106.5440676965
 21
10.8397379146
 31
0.0
  0
LINE
  5
3D4
330
1FF
100
AcDbEntity
  8
0
  6
Continuous
 62
     7
100
AcDbLine
 10
106.691169597
 20
11.1665328221
 30
0.0
 11
106.7440676893
 21
11.3397378967
 31
0.0
  0
LINE
  5
3D5
330
1FF
100
AcDbEntity
  8
0
  6
Continuous
 62
     7
100
AcDbLine
 10
107.596965753
 20
11.0129429891
 30
0.0
 11
107.5440676607
 21
10.8397379146
 31
0.0
  0
LINE
  5
3D6
330
1FF
100
AcDbEntity
  8
0
  6
Continuous
 62
     7
100
AcDbLine
 10
107.6911695612
 20
11.1665328221
 30
0.0
 11
107.7440676536
 21
11.3397378967
 31
0.0
  0
LINE
  5
3D7
330
1FF
100
AcDbEntity
  8
0
  6
Continuous
 62
     7
100
AcDbLine
 10
105.5440677322
 20
11.3397378967
 30
0.0
 11
105.5969658246
 21
11.1665328221
 31
0.0
  0
LINE
  5
3D8
330
1FF
100
AcDbEntity
  8
0
  6
Continuous
 62
     7
100
AcDbLine
 10
105.7440677251
 20
10.8397379146
 30
0.0
 11
105.6911696328
 21
11.0129429891
 31
0.0
  0
LINE
  5
3D9
330
1FF
100
AcDbEntity
  8
0
  6
Continuous
 62
     7
100
AcDbLine
 10
106.5440676965
 20
11.3397378967
 30
0.0
 11
106.5969657888
 21
11.1665328221
 31
0.0
  0
LINE
  5
3DA
330
1FF
100
AcDbEntity
  8
0
  6
Continuous
 62
     7
100
AcDbLine
 10
106.7440676893
 20
10.8397379146
 30
0.0
 11
106.691169597
 21
11.0129429891
 31
0.0
  0
LINE
  5
3DB
330
1FF
100
AcDbEntity
  8
0
  6
Continuous
 62
     7
100
AcDbLine
 10
107.5440676607
 20
11.3397378967
 30
0.0
 11
107.596965753
 21
11.1665328221
 31
0.0
  0
LINE
  5
3DC
330
1FF
100
AcDbEntity
  8
0
  6
Continuous
 62
     7
100
AcDbLine
 10
107.7440676536
 20
10.8397379146
 30
0.0
 11
107.6911695612
 21
11.0129429891
 31
0.0
  0
LINE
  5
3DD
330
1FF
100
AcDbEntity
  8
0
  6
Continuous
 62
     7
100
AcDbLine
 10
107.6911695612
 20
9.6676360507
 30
0.0
 11
107.6911695612
 21
9.9118398535
 31
0.0
  0
LINE
  5
3DE
330
1FF
100
AcDbEntity
  8
0
  6
Continuous
 62
     7
100
AcDbLine
 10
107.6911695612
 20
11.0129429891
 30
0.0
 11
107.6911695612
 21
11.1665328221
 31
0.0
  0
LINE
  5
3DF
330
1FF
100
AcDbEntity
  8
0
  6
Continuous
 62
     7
100
AcDbLine
 10
107.7440676536
 20
11.3397378967
 30
0.0
 11
107.7440676536
 21
10.8397379146
 31
0.0
  0
LINE
  5
3E0
330
1FF
100
AcDbEntity
  8
0
  6
Continuous
 62
     7
100
AcDbLine
 10
107.7440676536
 20
9.964737945899999
 30
0.0
 11
107.7440676536
 21
9.614737958400001
 31
0.0
  0
LINE
  5
3E1
330
1FF
100
AcDbEntity
  8
0
  6
Continuous
 62
     7
100
AcDbLine
 10
107.7440676536
 20
8.789737987899998
 30
0.0
 11
107.7440676536
 21
8.889737984299999
 31
0.0
  0
LINE
  5
3E2
330
1FF
100
AcDbEntity
  8
0
  6
Continuous
 62
     7
100
AcDbLine
 10
108.3690676312
 20
9.364737967299999
 30
0.0
 11
108.3690676312
 21
11.5147378904
 31
0.0
  0
LINE
  5
3E3
330
1FF
100
AcDbEntity
  8
0
  6
Continuous
 62
     7
100
AcDbLine
 10
108.5190676259
 20
11.6647378851
 30
0.0
 11
108.5190676259
 21
11.2047379015
 31
0.0
  0
LINE
  5
3E4
330
1FF
100
AcDbEntity
  8
0
  6
Continuous
 62
     7
100
AcDbLine
 10
108.5190676259
 20
10.2347379362
 30
0.0
 11
108.5190676259
 21
9.2147379727
 31
0.0
  0
LINE
  5
3E5
330
1FF
100
AcDbEntity
  8
0
  6
Continuous
 62
     7
100
AcDbLine
 10
108.8190676151
 20
9.4397379646
 30
0.0
 11
108.8190676151
 21
8.789737987899998
 31
0.0
  0
LINE
  5
3E6
330
1FF
100
AcDbEntity
  8
0
  6
Continuous
 62
     7
100
AcDbLine
 10
108.8690676133
 20
10.3847379308
 30
0.0
 11
108.8690676133
 21
11.0547379069
 31
0.0
  0
LINE
  5
3E7
330
1FF
100
AcDbEntity
  8
0
  6
Continuous
 62
     7
100
AcDbLine
 10
108.9190675972
 20
11.9897378734
 30
0.0
 11
108.9190675972
 21
12.2397379879
 31
0.0
  0
LINE
  5
3E8
330
1FF
100
AcDbEntity
  8
0
  6
Continuous
 62
     7
100
AcDbLine
 10
109.019067608
 20
11.2047379015
 30
0.0
 11
109.019067608
 21
10.2347379362
 31
0.0
  0
LINE
  5
3E9
330
1FF
100
AcDbEntity
  8
0
  6
Continuous
 62
     7
100
AcDbLine
 10
109.019067608
 20
8.789737987899998
 30
0.0
 11
109.019067608
 21
9.4397379646
 31
0.0
  0
LINE
  5
3EA
330
1FF
100
AcDbEntity
  8
0
  6
Continuous
 62
     7
100
AcDbLine
 10
109.3190675972
 20
9.289737969999999
 30
0.0
 11
109.3190675972
 21
11.9897378734
 31
0.0
  0
LINE
  5
3EB
330
1FF
100
AcDbEntity
  8
0
  6
Continuous
 62
     7
100
AcDbLine
 10
109.4190676193
 20
12.2397379879
 30
0.0
 11
109.4190676193
 21
12.5811593441
 31
0.0
  0
LINE
  5
3EC
330
1FF
100
AcDbEntity
  8
0
  6
Continuous
 62
     7
100
AcDbLine
 10
109.6190675972
 20
8.589737984299999
 30
0.0
 11
109.6190675972
 21
12.0173409004
 31
0.0
  0
LINE
  5
3ED
330
1FF
100
AcDbEntity
  8
0
  6
Continuous
 62
     7
100
AcDbLine
 10
116.5690675972
 20
3.839253166499999
 30
0.0
 11
116.5690675658
 21
14.4397379883
 31
0.0
  0
LINE
  5
3EE
330
1FF
100
AcDbEntity
  8
0
  6
Continuous
 62
     7
100
AcDbLine
 10
127.6690675966
 20
12.2397379885
 30
0.0
 11
125.4690675966
 21
14.4397379886
 31
0.0
  0
LINE
  5
3EF
330
1FF
100
AcDbEntity
  8
0
  6
Continuous
 62
     7
100
AcDbLine
 10
127.6690675972
 20
4.5397379879
 30
0.0
 11
127.6690675972
 21
12.2397379885
 31
0.0
  0
LINE
  5
3F0
330
1FF
100
AcDbEntity
  8
0
  6
Continuous
 62
     7
100
AcDbLine
 10
128.0190675972
 20
7.2684671488
 30
0.0
 11
128.0190675972
 21
11.1110088269
 31
0.0
  0
LINE
  5
3F1
330
1FF
100
AcDbEntity
  8
0
  6
Continuous
 62
     7
100
AcDbLine
 10
13.8881300111
 20
35.55147035760001
 30
0.0
 11
21.5881300117
 21
35.55147035760001
 31
0.0
  0
LINE
  5
3F2
330
1FF
100
AcDbEntity
  8
0
  6
Continuous
 62
     7
100
AcDbLine
 10
13.1876451897
 20
46.6514703576
 30
0.0
 11
23.7881300115
 21
46.65147038899999
 31
0.0
  0
LINE
  5
3F3
330
1FF
100
AcDbEntity
  8
0
  6
Continuous
 62
     7
100
AcDbLine
 10
20.3381300111
 20
50.2289365509
 30
0.0
 11
17.9381300111
 21
50.2289365509
 31
0.0
  0
LINE
  5
3F4
330
1FF
100
AcDbEntity
  8
0
  6
Continuous
 62
     7
100
AcDbLine
 10
20.3381300111
 20
54.4264703576
 30
0.0
 11
20.1381300111
 21
54.4264703576
 31
0.0
  0
LINE
  5
3F5
330
1FF
100
AcDbEntity
  8
0
  6
Continuous
 62
     7
100
AcDbLine
 10
20.3381300111
 20
55.1264703576
 30
0.0
 11
20.1381300111
 21
55.1264703576
 31
0.0
  0
LINE
  5
3F6
330
1FF
100
AcDbEntity
  8
0
  6
Continuous
 62
     7
100
AcDbLine
 10
20.3381300111
 20
59.4264703576
 30
0.0
 11
20.1381300111
 21
59.4264703576
 31
0.0
  0
LINE
  5
3F7
330
1FF
100
AcDbEntity
  8
0
  6
Continuous
 62
     7
100
AcDbLine
 10
20.3381300111
 20
60.1264703576
 30
0.0
 11
20.1381300111
 21
60.1264703576
 31
0.0
  0
LINE
  5
3F8
330
1FF
100
AcDbEntity
  8
0
  6
Continuous
 62
     7
100
AcDbLine
 10
20.3381300111
 20
60.3429115509
 30
0.0
 11
20.1381300111
 21
60.3429115509
 31
0.0
  0
LINE
  5
3F9
330
1FF
100
AcDbEntity
  8
0
  6
Continuous
 62
     7
100
AcDbLine
 10
18.1381300111
 20
62.4289365509
 30
0.0
 11
20.1381300111
 21
62.4289365509
 31
0.0
  0
LINE
  5
3FA
330
1FF
100
AcDbEntity
  8
0
  6
Continuous
 62
     7
100
AcDbLine
 10
17.9381300111
 20
62.7289365509
 30
0.0
 11
20.3381300111
 21
62.7289365509
 31
0.0
  0
LINE
  5
3FB
330
1FF
100
AcDbEntity
  8
0
  6
Continuous
 62
     7
100
AcDbLine
 10
16.9381300111
 20
75.7014703576
 30
0.0
 11
20.1381300111
 21
75.7014703576
 31
0.0
  0
LINE
  5
3FC
330
1FF
100
AcDbEntity
  8
0
  6
Continuous
 62
     7
100
AcDbLine
 10
20.0381300111
 20
75.80147035759999
 30
0.0
 11
19.9381300111
 21
75.80147035759999
 31
0.0
  0
LINE
  5
3FD
330
1FF
100
AcDbEntity
  8
0
  6
Continuous
 62
     7
100
AcDbLine
 10
18.4381300111
 20
75.82110979879999
 30
0.0
 11
19.9381300111
 21
75.82110979879999
 31
0.0
  0
LINE
  5
3FE
330
1FF
100
AcDbEntity
  8
0
  6
Continuous
 62
     7
100
AcDbLine
 10
18.4381300111
 20
75.8276562792
 30
0.0
 11
17.0381300111
 21
75.8276562792
 31
0.0
  0
LINE
  5
3FF
330
1FF
100
AcDbEntity
  8
0
  6
Continuous
 62
     7
100
AcDbLine
 10
20.0381300106
 20
75.8803708561
 30
0.0
 11
17.0381300116
 21
75.8803708561
 31
0.0
  0
LINE
  5
400
330
1FF
100
AcDbEntity
  8
0
  6
Continuous
 62
     7
100
AcDbLine
 10
17.0381300111
 20
76.38019951850001
 30
0.0
 11
20.0381300111
 21
76.38019951850001
 31
0.0
  0
LINE
  5
401
330
1FF
100
AcDbEntity
  8
0
  6
Continuous
 62
     7
100
AcDbLine
 10
16.0643159327
 20
76.8014703576
 30
0.0
 11
16.616859172
 21
76.8014703576
 31
0.0
  0
LINE
  5
402
330
1FF
100
AcDbEntity
  8
0
  6
Continuous
 62
     7
100
AcDbLine
 10
20.4594008501
 20
76.8014703576
 30
0.0
 11
21.0381300111
 21
76.8014703576
 31
0.0
  0
LINE
  5
403
330
1FF
100
AcDbEntity
  8
0
  6
Continuous
 62
     7
100
AcDbLine
 10
16.0486043797
 20
78.8014703576
 30
0.0
 11
16.0643159327
 21
78.8014703576
 31
0.0
  0
LINE
  5
404
330
1FF
100
AcDbEntity
  8
0
  6
Continuous
 62
     7
100
AcDbLine
 10
21.0381300111
 20
79.80147035759999
 30
0.0
 11
20.4594008501
 21
79.80147035759999
 31
0.0
  0
LINE
  5
405
330
1FF
100
AcDbEntity
  8
0
  6
Continuous
 62
     7
100
AcDbLine
 10
16.616859172
 20
79.80147035759999
 30
0.0
 11
16.0643159327
 21
79.80147035759999
 31
0.0
  0
LINE
  5
406
330
1FF
100
AcDbEntity
  8
0
  6
Continuous
 62
     7
100
AcDbLine
 10
21.1381300111
 20
79.95547035760001
 30
0.0
 11
21.0177988104
 21
79.95547035760001
 31
0.0
  0
LINE
  5
407
330
1FF
100
AcDbEntity
  8
0
  6
Continuous
 62
     7
100
AcDbLine
 10
20.0381300111
 20
80.2227411966
 30
0.0
 11
17.0381300111
 21
80.2227411966
 31
0.0
  0
LINE
  5
408
330
1FF
100
AcDbEntity
  8
0
  6
Continuous
 62
     7
100
AcDbLine
 10
17.0381300116
 20
80.7225698591
 30
0.0
 11
20.0381300106
 21
80.7225698591
 31
0.0
  0
LINE
  5
409
330
1FF
100
AcDbEntity
  8
0
  6
Continuous
 62
     7
100
AcDbLine
 10
18.4381300111
 20
80.775284436
 30
0.0
 11
17.0381300111
 21
80.775284436
 31
0.0
  0
LINE
  5
40A
330
1FF
100
AcDbEntity
  8
0
  6
Continuous
 62
     7
100
AcDbLine
 10
18.4381300111
 20
80.78183091639999
 30
0.0
 11
19.9381300111
 21
80.78183091639999
 31
0.0
  0
LINE
  5
40B
330
1FF
100
AcDbEntity
  8
0
  6
Continuous
 62
     7
100
AcDbLine
 10
20.0381300111
 20
80.80147035759999
 30
0.0
 11
19.9381300111
 21
80.80147035759999
 31
0.0
  0
LINE
  5
40C
330
1FF
100
AcDbEntity
  8
0
  6
Continuous
 62
     7
100
AcDbLine
 10
16.9381300111
 20
80.90147035760001
 30
0.0
 11
20.1381300111
 21
80.90147035760001
 31
0.0
  0
LINE
  5
40D
330
1FF
100
AcDbEntity
  8
0
  6
Continuous
 62
     7
100
AcDbLine
 10
16.9381300111
 20
87.7014703576
 30
0.0
 11
20.1381300111
 21
87.7014703576
 31
0.0
  0
LINE
  5
40E
330
1FF
100
AcDbEntity
  8
0
  6
Continuous
 62
     7
100
AcDbLine
 10
20.0381300111
 20
87.8014703576
 30
0.0
 11
19.9381300111
 21
87.8014703576
 31
0.0
  0
LINE
  5
40F
330
1FF
100
AcDbEntity
  8
0
  6
Continuous
 62
     7
100
AcDbLine
 10
18.4381300111
 20
87.8211097988
 30
0.0
 11
19.9381300111
 21
87.8211097988
 31
0.0
  0
LINE
  5
410
330
1FF
100
AcDbEntity
  8
0
  6
Continuous
 62
     7
100
AcDbLine
 10
18.4381300111
 20
87.82765627919999
 30
0.0
 11
17.0381300111
 21
87.82765627919999
 31
0.0
  0
LINE
  5
411
330
1FF
100
AcDbEntity
  8
0
  6
Continuous
 62
     7
100
AcDbLine
 10
20.0381300106
 20
87.8803708561
 30
0.0
 11
17.0381300116
 21
87.8803708561
 31
0.0
  0
LINE
  5
412
330
1FF
100
AcDbEntity
  8
0
  6
Continuous
 62
     7
100
AcDbLine
 10
17.0381300111
 20
88.3801995185
 30
0.0
 11
20.0381300111
 21
88.3801995185
 31
0.0
  0
LINE
  5
413
330
1FF
100
AcDbEntity
  8
0
  6
Continuous
 62
     7
100
AcDbLine
 10
16.0643159327
 20
88.8014703576
 30
0.0
 11
16.616859172
 21
88.8014703576
 31
0.0
  0
LINE
  5
414
330
1FF
100
AcDbEntity
  8
0
  6
Continuous
 62
     7
100
AcDbLine
 10
20.4594008501
 20
88.8014703576
 30
0.0
 11
21.0381300111
 21
88.8014703576
 31
0.0
  0
LINE
  5
415
330
1FF
100
AcDbEntity
  8
0
  6
Continuous
 62
     7
100
AcDbLine
 10
16.0643159327
 20
89.30147035759999
 30
0.0
 11
16.0486043797
 21
89.30147035759999
 31
0.0
  0
LINE
  5
416
330
1FF
100
AcDbEntity
  8
0
  6
Continuous
 62
     7
100
AcDbLine
 10
16.0486043797
 20
89.80147035759999
 30
0.0
 11
16.0643159327
 21
89.80147035759999
 31
0.0
  0
LINE
  5
417
330
1FF
100
AcDbEntity
  8
0
  6
Continuous
 62
     7
100
AcDbLine
 10
21.0381300111
 20
91.80147035759999
 30
0.0
 11
20.4594008501
 21
91.80147035759999
 31
0.0
  0
LINE
  5
418
330
1FF
100
AcDbEntity
  8
0
  6
Continuous
 62
     7
100
AcDbLine
 10
16.616859172
 20
91.80147035759999
 30
0.0
 11
16.0643159327
 21
91.80147035759999
 31
0.0
  0
LINE
  5
419
330
1FF
100
AcDbEntity
  8
0
  6
Continuous
 62
     7
100
AcDbLine
 10
13.1881300111
 20
35.9514703576
 30
0.0
 11
13.1881300111
 21
164.3014703576
 31
0.0
  0
LINE
  5
41A
330
1FF
100
AcDbEntity
  8
0
  6
Continuous
 62
     7
100
AcDbLine
 10
13.8881300111
 20
164.7014703576
 30
0.0
 11
13.8881300111
 21
35.55147035760001
 31
0.0
  0
LINE
  5
41B
330
1FF
100
AcDbEntity
  8
0
  6
Continuous
 62
     7
100
AcDbLine
 10
20.0381300111
 20
92.22274119659999
 30
0.0
 11
17.0381300111
 21
92.22274119659999
 31
0.0
  0
LINE
  5
41C
330
1FF
100
AcDbEntity
  8
0
  6
Continuous
 62
     7
100
AcDbLine
 10
17.0381300116
 20
92.72256985910001
 30
0.0
 11
20.0381300106
 21
92.72256985910001
 31
0.0
  0
LINE
  5
41D
330
1FF
100
AcDbEntity
  8
0
  6
Continuous
 62
     7
100
AcDbLine
 10
18.4381300111
 20
92.77528443600001
 30
0.0
 11
17.0381300111
 21
92.77528443600001
 31
0.0
  0
LINE
  5
41E
330
1FF
100
AcDbEntity
  8
0
  6
Continuous
 62
     7
100
AcDbLine
 10
18.4381300111
 20
92.7818309164
 30
0.0
 11
19.9381300111
 21
92.7818309164
 31
0.0
  0
LINE
  5
41F
330
1FF
100
AcDbEntity
  8
0
  6
Continuous
 62
     7
100
AcDbLine
 10
20.0381300111
 20
92.8014703576
 30
0.0
 11
19.9381300111
 21
92.8014703576
 31
0.0
  0
LINE
  5
420
330
1FF
100
AcDbEntity
  8
0
  6
Continuous
 62
     7
100
AcDbLine
 10
16.9381300111
 20
92.9014703576
 30
0.0
 11
20.1381300111
 21
92.9014703576
 31
0.0
  0
LINE
  5
421
330
1FF
100
AcDbEntity
  8
0
  6
Continuous
 62
     7
100
AcDbLine
 10
15.9381300111
 20
76.7014703576
 30
0.0
 11
15.9381300111
 21
79.9014703576
 31
0.0
  0
LINE
  5
422
330
1FF
100
AcDbEntity
  8
0
  6
Continuous
 62
     7
100
AcDbLine
 10
15.9381300111
 20
88.7014703576
 30
0.0
 11
15.9381300111
 21
91.9014703576
 31
0.0
  0
LINE
  5
423
330
1FF
100
AcDbEntity
  8
0
  6
Continuous
 62
     7
100
AcDbLine
 10
16.0486043797
 20
80.33136009199999
 30
0.0
 11
16.0486043797
 21
78.8014703576
 31
0.0
  0
LINE
  5
424
330
1FF
100
AcDbEntity
  8
0
  6
Continuous
 62
     7
100
AcDbLine
 10
16.0486043797
 20
88.271581685
 30
0.0
 11
16.0486043797
 21
89.80147035759999
 31
0.0
  0
LINE
  5
425
330
1FF
100
AcDbEntity
  8
0
  6
Continuous
 62
     7
100
AcDbLine
 10
16.0643159327
 20
88.8014703576
 30
0.0
 11
16.0643159327
 21
88.24080677259999
 31
0.0
  0
LINE
  5
426
330
1FF
100
AcDbEntity
  8
0
  6
Continuous
 62
     7
100
AcDbLine
 10
16.0643159327
 20
80.3621386921
 30
0.0
 11
16.0643159327
 21
79.80147035759999
 31
0.0
  0
LINE
  5
427
330
1FF
100
AcDbEntity
  8
0
  6
Continuous
 62
     7
100
AcDbLine
 10
16.0643159327
 20
76.8014703576
 30
0.0
 11
16.0643159327
 21
78.8014703576
 31
0.0
  0
LINE
  5
428
330
1FF
100
AcDbEntity
  8
0
  6
Continuous
 62
     7
100
AcDbLine
 10
16.0643159327
 20
89.30147035759999
 30
0.0
 11
16.0643159327
 21
91.80147035759999
 31
0.0
  0
LINE
  5
429
330
1FF
100
AcDbEntity
  8
0
  6
Continuous
 62
     7
100
AcDbLine
 10
16.1170305096
 20
76.80147035819999
 30
0.0
 11
16.1170305096
 21
79.80147035699999
 31
0.0
  0
LINE
  5
42A
330
1FF
100
AcDbEntity
  8
0
  6
Continuous
 62
     7
100
AcDbLine
 10
16.1170305096
 20
88.8014703582
 30
0.0
 11
16.1170305096
 21
91.80147035700001
 31
0.0
  0
LINE
  5
42B
330
1FF
100
AcDbEntity
  8
0
  6
Continuous
 62
     7
100
AcDbLine
 10
16.616859172
 20
91.80147035759999
 30
0.0
 11
16.616859172
 21
88.8014703576
 31
0.0
  0
LINE
  5
42C
330
1FF
100
AcDbEntity
  8
0
  6
Continuous
 62
     7
100
AcDbLine
 10
16.616859172
 20
79.80147035759999
 30
0.0
 11
16.616859172
 21
76.8014703576
 31
0.0
  0
LINE
  5
42D
330
1FF
100
AcDbEntity
  8
0
  6
Continuous
 62
     7
100
AcDbLine
 10
16.7381300111
 20
80.727922655
 30
0.0
 11
16.7381300111
 21
80.86968439399999
 31
0.0
  0
LINE
  5
42E
330
1FF
100
AcDbEntity
  8
0
  6
Continuous
 62
     7
100
AcDbLine
 10
16.7381300111
 20
87.73325233989998
 30
0.0
 11
16.7381300111
 21
87.87501806020001
 31
0.0
  0
LINE
  5
42F
330
1FF
100
AcDbEntity
  8
0
  6
Continuous
 62
     7
100
AcDbLine
 10
17.0381300111
 20
92.77528443600001
 30
0.0
 11
17.0381300111
 21
92.22274119659999
 31
0.0
  0
LINE
  5
430
330
1FF
100
AcDbEntity
  8
0
  6
Continuous
 62
     7
100
AcDbLine
 10
17.0381300111
 20
80.775284436
 30
0.0
 11
17.0381300111
 21
80.2227411966
 31
0.0
  0
LINE
  5
431
330
1FF
100
AcDbEntity
  8
0
  6
Continuous
 62
     7
100
AcDbLine
 10
17.0381300111
 20
88.3801995185
 30
0.0
 11
17.0381300111
 21
87.82765627919999
 31
0.0
  0
LINE
  5
432
330
1FF
100
AcDbEntity
  8
0
  6
Continuous
 62
     7
100
AcDbLine
 10
17.0381300111
 20
76.38019951850001
 30
0.0
 11
17.0381300111
 21
75.8276562792
 31
0.0
  0
LINE
  5
433
330
1FF
100
AcDbEntity
  8
0
  6
Continuous
 62
     7
100
AcDbLine
 10
17.1381300111
 20
75.7014703576
 30
0.0
 11
17.1381300111
 21
75.8276562792
 31
0.0
  0
LINE
  5
434
330
1FF
100
AcDbEntity
  8
0
  6
Continuous
 62
     7
100
AcDbLine
 10
17.1381300111
 20
80.775284436
 30
0.0
 11
17.1381300111
 21
80.90147035760001
 31
0.0
  0
LINE
  5
435
330
1FF
100
AcDbEntity
  8
0
  6
Continuous
 62
     7
100
AcDbLine
 10
17.1381300111
 20
87.7014703576
 30
0.0
 11
17.1381300111
 21
87.82765627919999
 31
0.0
  0
LINE
  5
436
330
1FF
100
AcDbEntity
  8
0
  6
Continuous
 62
     7
100
AcDbLine
 10
17.1381300111
 20
92.77528443600001
 30
0.0
 11
17.1381300111
 21
92.9014703576
 31
0.0
  0
LINE
  5
437
330
1FF
100
AcDbEntity
  8
0
  6
Continuous
 62
     7
100
AcDbLine
 10
17.9381300111
 20
50.2289365509
 30
0.0
 11
17.9381300111
 21
62.7289365509
 31
0.0
  0
LINE
  5
438
330
1FF
100
AcDbEntity
  8
0
  6
Continuous
 62
     7
100
AcDbLine
 10
18.1381300111
 20
92.9014703576
 30
0.0
 11
18.1381300111
 21
92.77528443600001
 31
0.0
  0
LINE
  5
439
330
1FF
100
AcDbEntity
  8
0
  6
Continuous
 62
     7
100
AcDbLine
 10
18.1381300111
 20
87.82765627919999
 30
0.0
 11
18.1381300111
 21
87.7014703576
 31
0.0
  0
LINE
  5
43A
330
1FF
100
AcDbEntity
  8
0
  6
Continuous
 62
     7
100
AcDbLine
 10
18.1381300111
 20
80.90147035760001
 30
0.0
 11
18.1381300111
 21
80.775284436
 31
0.0
  0
LINE
  5
43B
330
1FF
100
AcDbEntity
  8
0
  6
Continuous
 62
     7
100
AcDbLine
 10
18.1381300111
 20
75.8276562792
 30
0.0
 11
18.1381300111
 21
75.7014703576
 31
0.0
  0
LINE
  5
43C
330
1FF
100
AcDbEntity
  8
0
  6
Continuous
 62
     7
100
AcDbLine
 10
18.1381300111
 20
62.7289365509
 30
0.0
 11
18.1381300111
 21
50.2289365509
 31
0.0
  0
LINE
  5
43D
330
1FF
100
AcDbEntity
  8
0
  6
Continuous
 62
     7
100
AcDbLine
 10
18.4381300111
 20
87.82765627919999
 30
0.0
 11
18.4381300111
 21
87.7014703576
 31
0.0
  0
LINE
  5
43E
330
1FF
100
AcDbEntity
  8
0
  6
Continuous
 62
     7
100
AcDbLine
 10
18.4381300111
 20
75.8276562792
 30
0.0
 11
18.4381300111
 21
75.7014703576
 31
0.0
  0
LINE
  5
43F
330
1FF
100
AcDbEntity
  8
0
  6
Continuous
 62
     7
100
AcDbLine
 10
18.4381300111
 20
80.775284436
 30
0.0
 11
18.4381300111
 21
80.90147035760001
 31
0.0
  0
LINE
  5
440
330
1FF
100
AcDbEntity
  8
0
  6
Continuous
 62
     7
100
AcDbLine
 10
18.4381300111
 20
92.77528443600001
 30
0.0
 11
18.4381300111
 21
92.9014703576
 31
0.0
  0
LINE
  5
441
330
1FF
100
AcDbEntity
  8
0
  6
Continuous
 62
     7
100
AcDbLine
 10
19.9381300111
 20
92.9014703576
 30
0.0
 11
19.9381300111
 21
92.7818309164
 31
0.0
  0
LINE
  5
442
330
1FF
100
AcDbEntity
  8
0
  6
Continuous
 62
     7
100
AcDbLine
 10
19.9381300111
 20
87.8211097988
 30
0.0
 11
19.9381300111
 21
87.7014703576
 31
0.0
  0
LINE
  5
443
330
1FF
100
AcDbEntity
  8
0
  6
Continuous
 62
     7
100
AcDbLine
 10
19.9381300111
 20
80.90147035760001
 30
0.0
 11
19.9381300111
 21
80.78183091639999
 31
0.0
  0
LINE
  5
444
330
1FF
100
AcDbEntity
  8
0
  6
Continuous
 62
     7
100
AcDbLine
 10
19.9381300111
 20
75.82110979879999
 30
0.0
 11
19.9381300111
 21
75.7014703576
 31
0.0
  0
LINE
  5
445
330
1FF
100
AcDbEntity
  8
0
  6
Continuous
 62
     7
100
AcDbLine
 10
20.0381300111
 20
75.80147035759999
 30
0.0
 11
20.0381300111
 21
76.38019951850001
 31
0.0
  0
LINE
  5
446
330
1FF
100
AcDbEntity
  8
0
  6
Continuous
 62
     7
100
AcDbLine
 10
20.0381300111
 20
87.8014703576
 30
0.0
 11
20.0381300111
 21
88.3801995185
 31
0.0
  0
LINE
  5
447
330
1FF
100
AcDbEntity
  8
0
  6
Continuous
 62
     7
100
AcDbLine
 10
20.0381300111
 20
80.2227411966
 30
0.0
 11
20.0381300111
 21
80.80147035759999
 31
0.0
  0
LINE
  5
448
330
1FF
100
AcDbEntity
  8
0
  6
Continuous
 62
     7
100
AcDbLine
 10
20.0381300111
 20
92.22274119659999
 30
0.0
 11
20.0381300111
 21
92.8014703576
 31
0.0
  0
LINE
  5
449
330
1FF
100
AcDbEntity
  8
0
  6
Continuous
 62
     7
100
AcDbLine
 10
20.1381300111
 20
50.2289365509
 30
0.0
 11
20.1381300111
 21
62.4289365509
 31
0.0
  0
LINE
  5
44A
330
1FF
100
AcDbEntity
  8
0
  6
Continuous
 62
     7
100
AcDbLine
 10
20.3381300111
 20
50.2289365509
 30
0.0
 11
20.3381300111
 21
62.7289365509
 31
0.0
  0
LINE
  5
44B
330
1FF
100
AcDbEntity
  8
0
  6
Continuous
 62
     7
100
AcDbLine
 10
20.4594008501
 20
76.8014703576
 30
0.0
 11
20.4594008501
 21
79.80147035759999
 31
0.0
  0
LINE
  5
44C
330
1FF
100
AcDbEntity
  8
0
  6
Continuous
 62
     7
100
AcDbLine
 10
20.4594008501
 20
88.8014703576
 30
0.0
 11
20.4594008501
 21
91.80147035759999
 31
0.0
  0
LINE
  5
44D
330
1FF
100
AcDbEntity
  8
0
  6
Continuous
 62
     7
100
AcDbLine
 10
20.9592295126
 20
91.80147035700001
 30
0.0
 11
20.9592295126
 21
88.8014703582
 31
0.0
  0
LINE
  5
44E
330
1FF
100
AcDbEntity
  8
0
  6
Continuous
 62
     7
100
AcDbLine
 10
20.9592295126
 20
79.80147035699999
 30
0.0
 11
20.9592295126
 21
76.80147035819999
 31
0.0
  0
LINE
  5
44F
330
1FF
100
AcDbEntity
  8
0
  6
Continuous
 62
     7
100
AcDbLine
 10
21.0381300111
 20
76.8014703576
 30
0.0
 11
21.0381300111
 21
79.80147035759999
 31
0.0
  0
LINE
  5
450
330
1FF
100
AcDbEntity
  8
0
  6
Continuous
 62
     7
100
AcDbLine
 10
21.0381300111
 20
88.8014703576
 30
0.0
 11
21.0381300111
 21
91.80147035759999
 31
0.0
  0
LINE
  5
451
330
1FF
100
AcDbEntity
  8
0
  6
Continuous
 62
     7
100
AcDbLine
 10
21.1381300111
 20
91.9014703576
 30
0.0
 11
21.1381300111
 21
88.7014703576
 31
0.0
  0
LINE
  5
452
330
1FF
100
AcDbEntity
  8
0
  6
Continuous
 62
     7
100
AcDbLine
 10
21.1381300111
 20
79.9014703576
 30
0.0
 11
21.1381300111
 21
76.7014703576
 31
0.0
  0
LINE
  5
453
330
1FF
100
AcDbEntity
  8
0
  6
Continuous
 62
     7
100
AcDbLine
 10
21.5881300111
 20
35.55147035760001
 30
0.0
 11
21.5881300111
 21
164.7014703576
 31
0.0
  0
LINE
  5
454
330
1FF
100
AcDbEntity
  8
0
  6
Continuous
 62
     7
100
AcDbLine
 10
23.7881300111
 20
37.7514703583
 30
0.0
 11
23.7881300111
 21
162.5014703572
 31
0.0
  0
LINE
  5
455
330
1FF
100
AcDbEntity
  8
0
  6
Continuous
 62
     7
100
AcDbLine
 10
21.5881300117
 20
35.5514703582
 30
0.0
 11
23.7881300118
 21
37.7514703583
 31
0.0
  0
LINE
  5
456
330
1FF
100
AcDbEntity
  8
0
  6
Continuous
 62
     7
100
AcDbLine
 10
21.5881300115
 20
164.7014703572
 30
0.0
 11
23.7881300115
 21
162.5014703572
 31
0.0
  0
LINE
  5
457
330
1FF
100
AcDbEntity
  8
0
  6
Continuous
 62
     7
100
AcDbLine
 10
13.1876451897
 20
153.6014703576
 30
0.0
 11
23.7881300118
 21
153.601470325
 31
0.0
  0
LINE
  5
458
330
1FF
100
AcDbEntity
  8
0
  6
Continuous
 62
     7
100
AcDbLine
 10
13.8881300111
 20
164.7014703576
 30
0.0
 11
21.5881300115
 21
164.7014703576
 31
0.0
  0
LINE
  5
459
330
1FF
100
AcDbEntity
  8
0
  6
Continuous
 62
     7
100
AcDbLine
 10
180.2982788158
 20
35.55147035760001
 30
0.0
 11
172.5982788154
 21
35.55147035760001
 31
0.0
  0
LINE
  5
45A
330
1FF
100
AcDbEntity
  8
0
  6
Continuous
 62
     7
100
AcDbLine
 10
180.9987636372
 20
46.6514703576
 30
0.0
 11
170.3982788151
 21
46.6514703902
 31
0.0
  0
LINE
  5
45B
330
1FF
100
AcDbEntity
  8
0
  6
Continuous
 62
     7
100
AcDbLine
 10
172.5982788150999
 20
164.701470357
 30
0.0
 11
170.3982788151
 21
162.5014703569
 31
0.0
  0
LINE
  5
45C
330
1FF
100
AcDbEntity
  8
0
  6
Continuous
 62
     7
100
AcDbLine
 10
172.5982788154
 20
35.55147035800001
 30
0.0
 11
170.3982788154
 21
37.751470358
 31
0.0
  0
LINE
  5
45D
330
1FF
100
AcDbEntity
  8
0
  6
Continuous
 62
     7
100
AcDbLine
 10
174.0482788158
 20
75.7014703576
 30
0.0
 11
177.2482788158
 21
75.7014703576
 31
0.0
  0
LINE
  5
45E
330
1FF
100
AcDbEntity
  8
0
  6
Continuous
 62
     7
100
AcDbLine
 10
174.1482788158
 20
75.80147035759999
 30
0.0
 11
174.2482788158
 21
75.80147035759999
 31
0.0
  0
LINE
  5
45F
330
1FF
100
AcDbEntity
  8
0
  6
Continuous
 62
     7
100
AcDbLine
 10
175.7482788158
 20
75.82110979879999
 30
0.0
 11
174.2482788158
 21
75.82110979879999
 31
0.0
  0
LINE
  5
460
330
1FF
100
AcDbEntity
  8
0
  6
Continuous
 62
     7
100
AcDbLine
 10
175.7482788158
 20
75.8276562792
 30
0.0
 11
177.1482788158
 21
75.8276562792
 31
0.0
  0
LINE
  5
461
330
1FF
100
AcDbEntity
  8
0
  6
Continuous
 62
     7
100
AcDbLine
 10
177.1482788152
 20
75.8803708561
 30
0.0
 11
174.1482788163
 21
75.8803708561
 31
0.0
  0
LINE
  5
462
330
1FF
100
AcDbEntity
  8
0
  6
Continuous
 62
     7
100
AcDbLine
 10
174.1482788158
 20
76.38019951850001
 30
0.0
 11
177.1482788158
 21
76.38019951850001
 31
0.0
  0
LINE
  5
463
330
1FF
100
AcDbEntity
  8
0
  6
Continuous
 62
     7
100
AcDbLine
 10
173.1482788158
 20
76.8014703576
 30
0.0
 11
173.7270079766999
 21
76.8014703576
 31
0.0
  0
LINE
  5
464
330
1FF
100
AcDbEntity
  8
0
  6
Continuous
 62
     7
100
AcDbLine
 10
177.5695496548
 20
76.8014703576
 30
0.0
 11
178.1220928942
 21
76.8014703576
 31
0.0
  0
LINE
  5
465
330
1FF
100
AcDbEntity
  8
0
  6
Continuous
 62
     7
100
AcDbLine
 10
178.1378044471
 20
78.8014703576
 30
0.0
 11
178.1220928942
 21
78.8014703576
 31
0.0
  0
LINE
  5
466
330
1FF
100
AcDbEntity
  8
0
  6
Continuous
 62
     7
100
AcDbLine
 10
178.1220928942
 20
79.3014703576
 30
0.0
 11
178.1378044471
 21
79.3014703576
 31
0.0
  0
LINE
  5
467
330
1FF
100
AcDbEntity
  8
0
  6
Continuous
 62
     7
100
AcDbLine
 10
178.1220928942
 20
79.80147035759999
 30
0.0
 11
177.5695496548
 21
79.80147035759999
 31
0.0
  0
LINE
  5
468
330
1FF
100
AcDbEntity
  8
0
  6
Continuous
 62
     7
100
AcDbLine
 10
173.7270079766999
 20
79.80147035759999
 30
0.0
 11
173.1482788158
 21
79.80147035759999
 31
0.0
  0
LINE
  5
469
330
1FF
100
AcDbEntity
  8
0
  6
Continuous
 62
     7
100
AcDbLine
 10
173.0482788158
 20
79.95547035760001
 30
0.0
 11
173.1686115585
 21
79.95547035760001
 31
0.0
  0
LINE
  5
46A
330
1FF
100
AcDbEntity
  8
0
  6
Continuous
 62
     7
100
AcDbLine
 10
177.1482788157
 20
80.2227411966
 30
0.0
 11
174.1482788158
 21
80.2227411966
 31
0.0
  0
LINE
  5
46B
330
1FF
100
AcDbEntity
  8
0
  6
Continuous
 62
     7
100
AcDbLine
 10
174.1482788163
 20
80.7225698591
 30
0.0
 11
177.1482788152
 21
80.7225698591
 31
0.0
  0
LINE
  5
46C
330
1FF
100
AcDbEntity
  8
0
  6
Continuous
 62
     7
100
AcDbLine
 10
175.7482788158
 20
80.775284436
 30
0.0
 11
177.1482788158
 21
80.775284436
 31
0.0
  0
LINE
  5
46D
330
1FF
100
AcDbEntity
  8
0
  6
Continuous
 62
     7
100
AcDbLine
 10
175.7482788158
 20
80.78183091639999
 30
0.0
 11
174.2482788158
 21
80.78183091639999
 31
0.0
  0
LINE
  5
46E
330
1FF
100
AcDbEntity
  8
0
  6
Continuous
 62
     7
100
AcDbLine
 10
174.1482788158
 20
80.80147035759999
 30
0.0
 11
174.2482788158
 21
80.80147035759999
 31
0.0
  0
LINE
  5
46F
330
1FF
100
AcDbEntity
  8
0
  6
Continuous
 62
     7
100
AcDbLine
 10
177.2482788158
 20
80.90147035760001
 30
0.0
 11
174.0482788158
 21
80.90147035760001
 31
0.0
  0
LINE
  5
470
330
1FF
100
AcDbEntity
  8
0
  6
Continuous
 62
     7
100
AcDbLine
 10
174.0482788158
 20
87.7014703576
 30
0.0
 11
177.2482788158
 21
87.7014703576
 31
0.0
  0
LINE
  5
471
330
1FF
100
AcDbEntity
  8
0
  6
Continuous
 62
     7
100
AcDbLine
 10
174.1482788158
 20
87.8014703576
 30
0.0
 11
174.2482788158
 21
87.8014703576
 31
0.0
  0
LINE
  5
472
330
1FF
100
AcDbEntity
  8
0
  6
Continuous
 62
     7
100
AcDbLine
 10
175.7482788158
 20
87.8211097988
 30
0.0
 11
174.2482788158
 21
87.8211097988
 31
0.0
  0
LINE
  5
473
330
1FF
100
AcDbEntity
  8
0
  6
Continuous
 62
     7
100
AcDbLine
 10
175.7482788158
 20
87.82765627919999
 30
0.0
 11
177.1482788158
 21
87.82765627919999
 31
0.0
  0
LINE
  5
474
330
1FF
100
AcDbEntity
  8
0
  6
Continuous
 62
     7
100
AcDbLine
 10
177.1482788152
 20
87.8803708561
 30
0.0
 11
174.1482788163
 21
87.8803708561
 31
0.0
  0
LINE
  5
475
330
1FF
100
AcDbEntity
  8
0
  6
Continuous
 62
     7
100
AcDbLine
 10
174.1482788158
 20
88.3801995185
 30
0.0
 11
177.1482788157
 21
88.3801995185
 31
0.0
  0
LINE
  5
476
330
1FF
100
AcDbEntity
  8
0
  6
Continuous
 62
     7
100
AcDbLine
 10
173.1482788158
 20
88.8014703576
 30
0.0
 11
173.7270079766999
 21
88.8014703576
 31
0.0
  0
LINE
  5
477
330
1FF
100
AcDbEntity
  8
0
  6
Continuous
 62
     7
100
AcDbLine
 10
177.5695496548
 20
88.8014703576
 30
0.0
 11
178.1220928942
 21
88.8014703576
 31
0.0
  0
LINE
  5
478
330
1FF
100
AcDbEntity
  8
0
  6
Continuous
 62
     7
100
AcDbLine
 10
178.1378044471
 20
89.80147035759999
 30
0.0
 11
178.1220928942
 21
89.80147035759999
 31
0.0
  0
LINE
  5
479
330
1FF
100
AcDbEntity
  8
0
  6
Continuous
 62
     7
100
AcDbLine
 10
178.1220928942
 20
91.80147035759999
 30
0.0
 11
177.5695496548
 21
91.80147035759999
 31
0.0
  0
LINE
  5
47A
330
1FF
100
AcDbEntity
  8
0
  6
Continuous
 62
     7
100
AcDbLine
 10
173.7270079766999
 20
91.80147035759999
 30
0.0
 11
173.1482788158
 21
91.80147035759999
 31
0.0
  0
LINE
  5
47B
330
1FF
100
AcDbEntity
  8
0
  6
Continuous
 62
     7
100
AcDbLine
 10
170.3982788158
 20
162.5014703569
 30
0.0
 11
170.3982788158
 21
37.751470358
 31
0.0
  0
LINE
  5
47C
330
1FF
100
AcDbEntity
  8
0
  6
Continuous
 62
     7
100
AcDbLine
 10
177.1482788157
 20
92.22274119659999
 30
0.0
 11
174.1482788158
 21
92.22274119659999
 31
0.0
  0
LINE
  5
47D
330
1FF
100
AcDbEntity
  8
0
  6
Continuous
 62
     7
100
AcDbLine
 10
174.1482788163
 20
92.72256985910001
 30
0.0
 11
177.1482788152
 21
92.72256985910001
 31
0.0
  0
LINE
  5
47E
330
1FF
100
AcDbEntity
  8
0
  6
Continuous
 62
     7
100
AcDbLine
 10
175.7482788158
 20
92.77528443600001
 30
0.0
 11
177.1482788158
 21
92.77528443600001
 31
0.0
  0
LINE
  5
47F
330
1FF
100
AcDbEntity
  8
0
  6
Continuous
 62
     7
100
AcDbLine
 10
175.7482788158
 20
92.7818309164
 30
0.0
 11
174.2482788158
 21
92.7818309164
 31
0.0
  0
LINE
  5
480
330
1FF
100
AcDbEntity
  8
0
  6
Continuous
 62
     7
100
AcDbLine
 10
174.1482788158
 20
92.8014703576
 30
0.0
 11
174.2482788158
 21
92.8014703576
 31
0.0
  0
LINE
  5
481
330
1FF
100
AcDbEntity
  8
0
  6
Continuous
 62
     7
100
AcDbLine
 10
177.2482788158
 20
92.9014703576
 30
0.0
 11
174.0482788158
 21
92.9014703576
 31
0.0
  0
LINE
  5
482
330
1FF
100
AcDbEntity
  8
0
  6
Continuous
 62
     7
100
AcDbLine
 10
172.5982788158
 20
164.7014703576
 30
0.0
 11
172.5982788158
 21
35.55147035760001
 31
0.0
  0
LINE
  5
483
330
1FF
100
AcDbEntity
  8
0
  6
Continuous
 62
     7
100
AcDbLine
 10
173.0482788158
 20
91.9014703576
 30
0.0
 11
173.0482788158
 21
88.7014703576
 31
0.0
  0
LINE
  5
484
330
1FF
100
AcDbEntity
  8
0
  6
Continuous
 62
     7
100
AcDbLine
 10
173.0482788158
 20
79.9014703576
 30
0.0
 11
173.0482788158
 21
76.7014703576
 31
0.0
  0
LINE
  5
485
330
1FF
100
AcDbEntity
  8
0
  6
Continuous
 62
     7
100
AcDbLine
 10
173.1482788158
 20
91.80147035759999
 30
0.0
 11
173.1482788158
 21
88.8014703576
 31
0.0
  0
LINE
  5
486
330
1FF
100
AcDbEntity
  8
0
  6
Continuous
 62
     7
100
AcDbLine
 10
173.1482788158
 20
79.80147035759999
 30
0.0
 11
173.1482788158
 21
76.8014703576
 31
0.0
  0
LINE
  5
487
330
1FF
100
AcDbEntity
  8
0
  6
Continuous
 62
     7
100
AcDbLine
 10
173.2271793142
 20
76.80147035819999
 30
0.0
 11
173.2271793142
 21
79.80147035699999
 31
0.0
  0
LINE
  5
488
330
1FF
100
AcDbEntity
  8
0
  6
Continuous
 62
     7
100
AcDbLine
 10
173.2271793142
 20
88.8014703582
 30
0.0
 11
173.2271793142
 21
91.80147035700001
 31
0.0
  0
LINE
  5
489
330
1FF
100
AcDbEntity
  8
0
  6
Continuous
 62
     7
100
AcDbLine
 10
173.7270079766999
 20
91.80147035759999
 30
0.0
 11
173.7270079766999
 21
88.8014703576
 31
0.0
  0
LINE
  5
48A
330
1FF
100
AcDbEntity
  8
0
  6
Continuous
 62
     7
100
AcDbLine
 10
173.7270079766999
 20
79.80147035759999
 30
0.0
 11
173.7270079766999
 21
76.8014703576
 31
0.0
  0
LINE
  5
48B
330
1FF
100
AcDbEntity
  8
0
  6
Continuous
 62
     7
100
AcDbLine
 10
174.1482788158
 20
92.8014703576
 30
0.0
 11
174.1482788158
 21
92.22274119659999
 31
0.0
  0
LINE
  5
48C
330
1FF
100
AcDbEntity
  8
0
  6
Continuous
 62
     7
100
AcDbLine
 10
174.1482788158
 20
88.3801995185
 30
0.0
 11
174.1482788158
 21
87.8014703576
 31
0.0
  0
LINE
  5
48D
330
1FF
100
AcDbEntity
  8
0
  6
Continuous
 62
     7
100
AcDbLine
 10
174.1482788158
 20
80.80147035759999
 30
0.0
 11
174.1482788158
 21
80.2227411966
 31
0.0
  0
LINE
  5
48E
330
1FF
100
AcDbEntity
  8
0
  6
Continuous
 62
     7
100
AcDbLine
 10
174.1482788158
 20
76.38019951850001
 30
0.0
 11
174.1482788158
 21
75.80147035759999
 31
0.0
  0
LINE
  5
48F
330
1FF
100
AcDbEntity
  8
0
  6
Continuous
 62
     7
100
AcDbLine
 10
174.2482788158
 20
75.7014703576
 30
0.0
 11
174.2482788158
 21
75.82110979879999
 31
0.0
  0
LINE
  5
490
330
1FF
100
AcDbEntity
  8
0
  6
Continuous
 62
     7
100
AcDbLine
 10
174.2482788158
 20
80.78183091639999
 30
0.0
 11
174.2482788158
 21
80.90147035760001
 31
0.0
  0
LINE
  5
491
330
1FF
100
AcDbEntity
  8
0
  6
Continuous
 62
     7
100
AcDbLine
 10
174.2482788158
 20
87.7014703576
 30
0.0
 11
174.2482788158
 21
87.8211097988
 31
0.0
  0
LINE
  5
492
330
1FF
100
AcDbEntity
  8
0
  6
Continuous
 62
     7
100
AcDbLine
 10
174.2482788158
 20
92.7818309164
 30
0.0
 11
174.2482788158
 21
92.9014703576
 31
0.0
  0
LINE
  5
493
330
1FF
100
AcDbEntity
  8
0
  6
Continuous
 62
     7
100
AcDbLine
 10
175.7482788158
 20
75.7014703576
 30
0.0
 11
175.7482788158
 21
75.8276562792
 31
0.0
  0
LINE
  5
494
330
1FF
100
AcDbEntity
  8
0
  6
Continuous
 62
     7
100
AcDbLine
 10
175.7482788158
 20
80.775284436
 30
0.0
 11
175.7482788158
 21
80.90147035760001
 31
0.0
  0
LINE
  5
495
330
1FF
100
AcDbEntity
  8
0
  6
Continuous
 62
     7
100
AcDbLine
 10
175.7482788158
 20
87.7014703576
 30
0.0
 11
175.7482788158
 21
87.82765627919999
 31
0.0
  0
LINE
  5
496
330
1FF
100
AcDbEntity
  8
0
  6
Continuous
 62
     7
100
AcDbLine
 10
175.7482788158
 20
92.77528443600001
 30
0.0
 11
175.7482788158
 21
92.9014703576
 31
0.0
  0
LINE
  5
497
330
1FF
100
AcDbEntity
  8
0
  6
Continuous
 62
     7
100
AcDbLine
 10
176.0482788158
 20
92.9014703576
 30
0.0
 11
176.0482788158
 21
92.77528443600001
 31
0.0
  0
LINE
  5
498
330
1FF
100
AcDbEntity
  8
0
  6
Continuous
 62
     7
100
AcDbLine
 10
176.0482788158
 20
87.82765627919999
 30
0.0
 11
176.0482788158
 21
87.7014703576
 31
0.0
  0
LINE
  5
499
330
1FF
100
AcDbEntity
  8
0
  6
Continuous
 62
     7
100
AcDbLine
 10
176.0482788158
 20
80.90147035760001
 30
0.0
 11
176.0482788158
 21
80.775284436
 31
0.0
  0
LINE
  5
49A
330
1FF
100
AcDbEntity
  8
0
  6
Continuous
 62
     7
100
AcDbLine
 10
176.0482788158
 20
75.8276562792
 30
0.0
 11
176.0482788158
 21
75.7014703576
 31
0.0
  0
LINE
  5
49B
330
1FF
100
AcDbEntity
  8
0
  6
Continuous
 62
     7
100
AcDbLine
 10
177.0482788158
 20
75.7014703576
 30
0.0
 11
177.0482788158
 21
75.8276562792
 31
0.0
  0
LINE
  5
49C
330
1FF
100
AcDbEntity
  8
0
  6
Continuous
 62
     7
100
AcDbLine
 10
177.0482788158
 20
80.775284436
 30
0.0
 11
177.0482788158
 21
80.90147035760001
 31
0.0
  0
LINE
  5
49D
330
1FF
100
AcDbEntity
  8
0
  6
Continuous
 62
     7
100
AcDbLine
 10
177.0482788158
 20
87.7014703576
 30
0.0
 11
177.0482788158
 21
87.82765627919999
 31
0.0
  0
LINE
  5
49E
330
1FF
100
AcDbEntity
  8
0
  6
Continuous
 62
     7
100
AcDbLine
 10
177.0482788158
 20
92.77528443600001
 30
0.0
 11
177.0482788158
 21
92.9014703576
 31
0.0
  0
LINE
  5
49F
330
1FF
100
AcDbEntity
  8
0
  6
Continuous
 62
     7
100
AcDbLine
 10
177.1482788158
 20
75.8276562792
 30
0.0
 11
177.1482788158
 21
76.38019951850001
 31
0.0
  0
LINE
  5
4A0
330
1FF
100
AcDbEntity
  8
0
  6
Continuous
 62
     7
100
AcDbLine
 10
177.1482788158
 20
87.82765627919999
 30
0.0
 11
177.1482788158
 21
88.3801995185
 31
0.0
  0
LINE
  5
4A1
330
1FF
100
AcDbEntity
  8
0
  6
Continuous
 62
     7
100
AcDbLine
 10
177.1482788158
 20
92.22274119659999
 30
0.0
 11
177.1482788158
 21
92.77528443600001
 31
0.0
  0
LINE
  5
4A2
330
1FF
100
AcDbEntity
  8
0
  6
Continuous
 62
     7
100
AcDbLine
 10
177.1482788158
 20
80.2227411966
 30
0.0
 11
177.1482788158
 21
80.775284436
 31
0.0
  0
LINE
  5
4A3
330
1FF
100
AcDbEntity
  8
0
  6
Continuous
 62
     7
100
AcDbLine
 10
177.4482788158
 20
87.87501806020001
 30
0.0
 11
177.4482788158
 21
87.7332563212
 31
0.0
  0
LINE
  5
4A4
330
1FF
100
AcDbEntity
  8
0
  6
Continuous
 62
     7
100
AcDbLine
 10
177.4482788158
 20
80.86968837529999
 30
0.0
 11
177.4482788158
 21
80.727922655
 31
0.0
  0
LINE
  5
4A5
330
1FF
100
AcDbEntity
  8
0
  6
Continuous
 62
     7
100
AcDbLine
 10
177.5695496548
 20
76.8014703576
 30
0.0
 11
177.5695496548
 21
79.80147035759999
 31
0.0
  0
LINE
  5
4A6
330
1FF
100
AcDbEntity
  8
0
  6
Continuous
 62
     7
100
AcDbLine
 10
177.5695496548
 20
88.8014703576
 30
0.0
 11
177.5695496548
 21
91.80147035759999
 31
0.0
  0
LINE
  5
4A7
330
1FF
100
AcDbEntity
  8
0
  6
Continuous
 62
     7
100
AcDbLine
 10
178.0693783173
 20
91.80147035700001
 30
0.0
 11
178.0693783173
 21
88.8014703582
 31
0.0
  0
LINE
  5
4A8
330
1FF
100
AcDbEntity
  8
0
  6
Continuous
 62
     7
100
AcDbLine
 10
178.0693783173
 20
79.80147035699999
 30
0.0
 11
178.0693783173
 21
76.80147035819999
 31
0.0
  0
LINE
  5
4A9
330
1FF
100
AcDbEntity
  8
0
  6
Continuous
 62
     7
100
AcDbLine
 10
178.1220928942
 20
91.80147035759999
 30
0.0
 11
178.1220928942
 21
89.80147035759999
 31
0.0
  0
LINE
  5
4AA
330
1FF
100
AcDbEntity
  8
0
  6
Continuous
 62
     7
100
AcDbLine
 10
178.1220928942
 20
79.3014703576
 30
0.0
 11
178.1220928942
 21
76.8014703576
 31
0.0
  0
LINE
  5
4AB
330
1FF
100
AcDbEntity
  8
0
  6
Continuous
 62
     7
100
AcDbLine
 10
178.1220928942
 20
79.80147035759999
 30
0.0
 11
178.1220928942
 21
80.3621339426
 31
0.0
  0
LINE
  5
4AC
330
1FF
100
AcDbEntity
  8
0
  6
Continuous
 62
     7
100
AcDbLine
 10
178.1220928942
 20
88.24080202309998
 30
0.0
 11
178.1220928942
 21
88.8014703576
 31
0.0
  0
LINE
  5
4AD
330
1FF
100
AcDbEntity
  8
0
  6
Continuous
 62
     7
100
AcDbLine
 10
178.1378044471
 20
78.8014703576
 30
0.0
 11
178.1378044471
 21
80.33135903020001
 31
0.0
  0
LINE
  5
4AE
330
1FF
100
AcDbEntity
  8
0
  6
Continuous
 62
     7
100
AcDbLine
 10
178.1378044471
 20
88.2715806232
 30
0.0
 11
178.1378044471
 21
89.80147035759999
 31
0.0
  0
LINE
  5
4AF
330
1FF
100
AcDbEntity
  8
0
  6
Continuous
 62
     7
100
AcDbLine
 10
178.2482788158
 20
76.7014703576
 30
0.0
 11
178.2482788158
 21
79.9014703576
 31
0.0
  0
LINE
  5
4B0
330
1FF
100
AcDbEntity
  8
0
  6
Continuous
 62
     7
100
AcDbLine
 10
178.2482788158
 20
88.7014703576
 30
0.0
 11
178.2482788158
 21
91.9014703576
 31
0.0
  0
LINE
  5
4B1
330
1FF
100
AcDbEntity
  8
0
  6
Continuous
 62
     7
100
AcDbLine
 10
180.2982788158
 20
35.55147035760001
 30
0.0
 11
180.2982788158
 21
164.7014703576
 31
0.0
  0
LINE
  5
4B2
330
1FF
100
AcDbEntity
  8
0
  6
Continuous
 62
     7
100
AcDbLine
 10
180.9982788158
 20
35.9514703576
 30
0.0
 11
180.9982788158
 21
164.3014703576
 31
0.0
  0
LINE
  5
4B3
330
1FF
100
AcDbEntity
  8
0
  6
Continuous
 62
     7
100
AcDbLine
 10
180.9987636372
 20
153.6014703576
 30
0.0
 11
170.3982788154
 21
153.6014703262
 31
0.0
  0
LINE
  5
4B4
330
1FF
100
AcDbEntity
  8
0
  6
Continuous
 62
     7
100
AcDbLine
 10
172.5982788150999
 20
164.7014703576
 30
0.0
 11
180.2982788158
 21
164.7014703576
 31
0.0
  0
LINE
  5
4B5
330
1FF
100
AcDbEntity
  8
0
  6
Continuous
 62
     7
100
AcDbLine
 10
271.2654126945
 20
35.55147035760001
 30
0.0
 11
224.7654126945
 21
35.55147035760001
 31
0.0
  0
LINE
  5
4B6
330
1FF
100
AcDbEntity
  8
0
  6
Continuous
 62
     7
100
AcDbLine
 10
224.7654126945
 20
35.9514703576
 30
0.0
 11
271.2654126945
 21
35.9514703576
 31
0.0
  0
LINE
  5
4B7
330
1FF
100
AcDbEntity
  8
0
  6
Continuous
 62
     7
100
AcDbLine
 10
224.7654126945
 20
36.55147035760001
 30
0.0
 11
271.2654126945
 21
36.55147035760001
 31
0.0
  0
LINE
  5
4B8
330
1FF
100
AcDbEntity
  8
0
  6
Continuous
 62
     7
100
AcDbLine
 10
224.7654126945
 20
36.6469822646
 30
0.0
 11
271.2654126945
 21
36.6469822646
 31
0.0
  0
LINE
  5
4B9
330
1FF
100
AcDbEntity
  8
0
  6
Continuous
 62
     7
100
AcDbLine
 10
271.2654126945
 20
36.6514703576
 30
0.0
 11
224.7654126945
 21
36.6514703576
 31
0.0
  0
LINE
  5
4BA
330
1FF
100
AcDbEntity
  8
0
  6
Continuous
 62
     7
100
AcDbLine
 10
224.7654126945
 20
39.1514703576
 30
0.0
 11
271.2654126945
 21
39.1514703576
 31
0.0
  0
LINE
  5
4BB
330
1FF
100
AcDbEntity
  8
0
  6
Continuous
 62
     7
100
AcDbLine
 10
278.9036979683
 20
40.2715590229
 30
0.0
 11
279.0953059835
 21
40.2715738036
 31
0.0
  0
LINE
  5
4BC
330
1FF
100
AcDbEntity
  8
0
  6
Continuous
 62
     7
100
AcDbLine
 10
216.9355450785
 20
40.2715738016
 30
0.0
 11
216.9982308502
 21
40.271568966
 31
0.0
  0
LINE
  5
4BD
330
1FF
100
AcDbEntity
  8
0
  6
Continuous
 62
     7
100
AcDbLine
 10
217.265412695
 20
46.6514703576
 30
0.0
 11
214.7609246015
 21
46.6514703576
 31
0.0
  0
LINE
  5
4BE
330
1FF
100
AcDbEntity
  8
0
  6
Continuous
 62
     7
100
AcDbLine
 10
214.0653566757
 20
46.6514703576
 30
0.0
 11
213.6650463288
 21
46.6514703576
 31
0.0
  0
LINE
  5
4BF
330
1FF
100
AcDbEntity
  8
0
  6
Continuous
 62
     7
100
AcDbLine
 10
278.7654126939
 20
46.6514703576
 30
0.0
 11
281.2699007875
 21
46.6514703576
 31
0.0
  0
LINE
  5
4C0
330
1FF
100
AcDbEntity
  8
0
  6
Continuous
 62
     7
100
AcDbLine
 10
281.9654687133
 20
46.6514703576
 30
0.0
 11
282.3657790602
 21
46.6514703576
 31
0.0
  0
LINE
  5
4C1
330
1FF
100
AcDbEntity
  8
0
  6
Continuous
 62
     7
100
AcDbLine
 10
213.3154126945
 20
76.38019951850001
 30
0.0
 11
213.3154126945
 21
80.2227411966
 31
0.0
  0
LINE
  5
4C2
330
1FF
100
AcDbEntity
  8
0
  6
Continuous
 62
     7
100
AcDbLine
 10
213.3154126945
 20
88.3801995185
 30
0.0
 11
213.3154126945
 21
92.22274119659999
 31
0.0
  0
LINE
  5
4C3
330
1FF
100
AcDbEntity
  8
0
  6
Continuous
 62
     7
100
AcDbLine
 10
213.6654126945
 20
46.6514703576
 30
0.0
 11
213.6654126945
 21
153.6014703576
 31
0.0
  0
LINE
  5
4C4
330
1FF
100
AcDbEntity
  8
0
  6
Continuous
 62
     7
100
AcDbLine
 10
214.0654126945
 20
153.6014703576
 30
0.0
 11
214.0654126945
 21
46.6514703576
 31
0.0
  0
LINE
  5
4C5
330
1FF
100
AcDbEntity
  8
0
  6
Continuous
 62
     7
100
AcDbLine
 10
214.6654126945
 20
153.6014703576
 30
0.0
 11
214.6654126945
 21
46.6514703576
 31
0.0
  0
LINE
  5
4C6
330
1FF
100
AcDbEntity
  8
0
  6
Continuous
 62
     7
100
AcDbLine
 10
214.7609246015
 20
153.6014703576
 30
0.0
 11
214.7609246015
 21
46.6514703576
 31
0.0
  0
LINE
  5
4C7
330
1FF
100
AcDbEntity
  8
0
  6
Continuous
 62
     7
100
AcDbLine
 10
214.7654126945
 20
46.6514703576
 30
0.0
 11
214.7654126945
 21
153.6014703576
 31
0.0
  0
LINE
  5
4C8
330
1FF
100
AcDbEntity
  8
0
  6
Continuous
 62
     7
100
AcDbLine
 10
216.9354563616
 20
40.50426645269999
 30
0.0
 11
216.9354630871
 21
40.2716550442
 31
0.0
  0
LINE
  5
4C9
330
1FF
100
AcDbEntity
  8
0
  6
Continuous
 62
     7
100
AcDbLine
 10
217.2654126945
 20
153.6014703576
 30
0.0
 11
217.2654126945
 21
46.6514703576
 31
0.0
  0
LINE
  5
4CA
330
1FF
100
AcDbEntity
  8
0
  6
Continuous
 62
     7
100
AcDbLine
 10
224.7654126945
 20
39.1514703582
 30
0.0
 11
224.7654126945
 21
36.6469822646
 31
0.0
  0
LINE
  5
4CB
330
1FF
100
AcDbEntity
  8
0
  6
Continuous
 62
     7
100
AcDbLine
 10
224.7654126945
 20
35.9514143388
 30
0.0
 11
224.7654126945
 21
35.5511039919
 31
0.0
  0
LINE
  5
4CC
330
1FF
100
AcDbEntity
  8
0
  6
Continuous
 62
     7
100
AcDbLine
 10
224.7654126945
 20
161.101470357
 30
0.0
 11
224.7654126945
 21
163.6059584506
 31
0.0
  0
LINE
  5
4CD
330
1FF
100
AcDbEntity
  8
0
  6
Continuous
 62
     7
100
AcDbLine
 10
224.7654126945
 20
164.3015263764
 30
0.0
 11
224.7654126945
 21
164.7018367233
 31
0.0
  0
LINE
  5
4CE
330
1FF
100
AcDbEntity
  8
0
  6
Continuous
 62
     7
100
AcDbLine
 10
213.3154126945
 20
76.8014703576
 30
0.0
 11
213.6654126945
 21
76.8014703576
 31
0.0
  0
LINE
  5
4CF
330
1FF
100
AcDbEntity
  8
0
  6
Continuous
 62
     7
100
AcDbLine
 10
282.3654126945
 20
76.8014703576
 30
0.0
 11
282.7154126945
 21
76.8014703576
 31
0.0
  0
LINE
  5
4D0
330
1FF
100
AcDbEntity
  8
0
  6
Continuous
 62
     7
100
AcDbLine
 10
282.7154126945
 20
79.80147035759999
 30
0.0
 11
282.3654126945
 21
79.80147035759999
 31
0.0
  0
LINE
  5
4D1
330
1FF
100
AcDbEntity
  8
0
  6
Continuous
 62
     7
100
AcDbLine
 10
213.6654126945
 20
79.80147035759999
 30
0.0
 11
213.3154126945
 21
79.80147035759999
 31
0.0
  0
LINE
  5
4D2
330
1FF
100
AcDbEntity
  8
0
  6
Continuous
 62
     7
100
AcDbLine
 10
213.3154126945
 20
88.8014703576
 30
0.0
 11
213.6654126945
 21
88.8014703576
 31
0.0
  0
LINE
  5
4D3
330
1FF
100
AcDbEntity
  8
0
  6
Continuous
 62
     7
100
AcDbLine
 10
282.3654126945
 20
88.8014703576
 30
0.0
 11
282.7154126945
 21
88.8014703576
 31
0.0
  0
LINE
  5
4D4
330
1FF
100
AcDbEntity
  8
0
  6
Continuous
 62
     7
100
AcDbLine
 10
282.7154126945
 20
91.80147035759999
 30
0.0
 11
282.3654126945
 21
91.80147035759999
 31
0.0
  0
LINE
  5
4D5
330
1FF
100
AcDbEntity
  8
0
  6
Continuous
 62
     7
100
AcDbLine
 10
213.6654126945
 20
91.80147035759999
 30
0.0
 11
213.3154126945
 21
91.80147035759999
 31
0.0
  0
LINE
  5
4D6
330
1FF
100
AcDbEntity
  8
0
  6
Continuous
 62
     7
100
AcDbLine
 10
271.2654126945
 20
39.1514703582
 30
0.0
 11
271.2654126945
 21
36.6469822646
 31
0.0
  0
LINE
  5
4D7
330
1FF
100
AcDbEntity
  8
0
  6
Continuous
 62
     7
100
AcDbLine
 10
271.2654126945
 20
35.9514143388
 30
0.0
 11
271.2654126945
 21
35.5511039919
 31
0.0
  0
LINE
  5
4D8
330
1FF
100
AcDbEntity
  8
0
  6
Continuous
 62
     7
100
AcDbLine
 10
271.2654126945
 20
161.101470357
 30
0.0
 11
271.2654126945
 21
163.6059584506
 31
0.0
  0
LINE
  5
4D9
330
1FF
100
AcDbEntity
  8
0
  6
Continuous
 62
     7
100
AcDbLine
 10
271.2654126945
 20
164.3015263764
 30
0.0
 11
271.2654126945
 21
164.7018367233
 31
0.0
  0
LINE
  5
4DA
330
1FF
100
AcDbEntity
  8
0
  6
Continuous
 62
     7
100
AcDbLine
 10
278.7654126945
 20
46.6514703576
 30
0.0
 11
278.7654126945
 21
153.6014703576
 31
0.0
  0
LINE
  5
4DB
330
1FF
100
AcDbEntity
  8
0
  6
Continuous
 62
     7
100
AcDbLine
 10
279.0953623025
 20
40.27167810239999
 30
0.0
 11
279.0953645102
 21
40.34803402219999
 31
0.0
  0
LINE
  5
4DC
330
1FF
100
AcDbEntity
  8
0
  6
Continuous
 62
     7
100
AcDbLine
 10
281.2654126945
 20
153.6014703576
 30
0.0
 11
281.2654126945
 21
46.6514703576
 31
0.0
  0
LINE
  5
4DD
330
1FF
100
AcDbEntity
  8
0
  6
Continuous
 62
     7
100
AcDbLine
 10
281.2699007875
 20
46.6514703576
 30
0.0
 11
281.2699007875
 21
153.6014703576
 31
0.0
  0
LINE
  5
4DE
330
1FF
100
AcDbEntity
  8
0
  6
Continuous
 62
     7
100
AcDbLine
 10
281.3654126945
 20
46.6514703576
 30
0.0
 11
281.3654126945
 21
153.6014703576
 31
0.0
  0
LINE
  5
4DF
330
1FF
100
AcDbEntity
  8
0
  6
Continuous
 62
     7
100
AcDbLine
 10
281.9654126945
 20
46.6514703576
 30
0.0
 11
281.9654126945
 21
153.6014703576
 31
0.0
  0
LINE
  5
4E0
330
1FF
100
AcDbEntity
  8
0
  6
Continuous
 62
     7
100
AcDbLine
 10
282.3654126945
 20
153.6014703576
 30
0.0
 11
282.3654126945
 21
46.6514703576
 31
0.0
  0
LINE
  5
4E1
330
1FF
100
AcDbEntity
  8
0
  6
Continuous
 62
     7
100
AcDbLine
 10
282.7154126945
 20
76.38019951850001
 30
0.0
 11
282.7154126945
 21
80.2227411966
 31
0.0
  0
LINE
  5
4E2
330
1FF
100
AcDbEntity
  8
0
  6
Continuous
 62
     7
100
AcDbLine
 10
282.7154126945
 20
88.3801995185
 30
0.0
 11
282.7154126945
 21
92.22274119659999
 31
0.0
  0
LINE
  5
4E3
330
1FF
100
AcDbEntity
  8
0
  6
Continuous
 62
     7
100
AcDbLine
 10
217.265412695
 20
153.6014703576
 30
0.0
 11
214.7609246015
 21
153.6014703576
 31
0.0
  0
LINE
  5
4E4
330
1FF
100
AcDbEntity
  8
0
  6
Continuous
 62
     7
100
AcDbLine
 10
214.0653566757
 20
153.6014703576
 30
0.0
 11
213.6650463288
 21
153.6014703576
 31
0.0
  0
LINE
  5
4E5
330
1FF
100
AcDbEntity
  8
0
  6
Continuous
 62
     7
100
AcDbLine
 10
278.7654126939
 20
153.6014703576
 30
0.0
 11
281.2699007875
 21
153.6014703576
 31
0.0
  0
LINE
  5
4E6
330
1FF
100
AcDbEntity
  8
0
  6
Continuous
 62
     7
100
AcDbLine
 10
281.9654687133
 20
153.6014703576
 30
0.0
 11
282.3657790602
 21
153.6014703576
 31
0.0
  0
LINE
  5
4E7
330
1FF
100
AcDbEntity
  8
0
  6
Continuous
 62
     7
100
AcDbLine
 10
271.2654126945
 20
161.1014703576
 30
0.0
 11
224.7654126945
 21
161.1014703576
 31
0.0
  0
LINE
  5
4E8
330
1FF
100
AcDbEntity
  8
0
  6
Continuous
 62
     7
100
AcDbLine
 10
224.7654126945
 20
163.6014703576
 30
0.0
 11
271.2654126945
 21
163.6014703576
 31
0.0
  0
LINE
  5
4E9
330
1FF
100
AcDbEntity
  8
0
  6
Continuous
 62
     7
100
AcDbLine
 10
271.2654126945
 20
163.6059584506
 30
0.0
 11
224.7654126945
 21
163.6059584506
 31
0.0
  0
LINE
  5
4EA
330
1FF
100
AcDbEntity
  8
0
  6
Continuous
 62
     7
100
AcDbLine
 10
271.2654126945
 20
163.7014703576
 30
0.0
 11
224.7654126945
 21
163.7014703576
 31
0.0
  0
LINE
  5
4EB
330
1FF
100
AcDbEntity
  8
0
  6
Continuous
 62
     7
100
AcDbLine
 10
271.2654126945
 20
164.3014703576
 30
0.0
 11
224.7654126945
 21
164.3014703576
 31
0.0
  0
LINE
  5
4EC
330
1FF
100
AcDbEntity
  8
0
  6
Continuous
 62
     7
100
AcDbLine
 10
224.7654126945
 20
164.7014703576
 30
0.0
 11
271.2654126945
 21
164.7014703576
 31
0.0
  0
ARC
  5
4ED
330
1FF
100
AcDbEntity
  8
0
  6
Continuous
 62
     7
100
AcDbCircle
 10
70.0690675972
 20
46.6514703576
 30
0.0
 40
11.1
100
AcDbArc
 50
179.9999999242
 51
270.0000000787
  0
ARC
  5
4EE
330
1FF
100
AcDbEntity
  8
0
  6
Continuous
 62
     7
100
AcDbCircle
 10
70.0690675972
 20
46.6514703576
 30
0.0
 40
8.9
100
AcDbArc
 50
180.0000000263
 51
269.9999999556
  0
ARC
  5
4EF
330
1FF
100
AcDbEntity
  8
0
  6
Continuous
 62
     7
100
AcDbCircle
 10
77.71906759720001
 20
64.72647035760001
 30
0.0
 40
2.5
100
AcDbArc
 50
90.0000024302
 51
179.9999999816999
  0
ARC
  5
4F0
330
1FF
100
AcDbEntity
  8
0
  6
Continuous
 62
     7
100
AcDbCircle
 10
77.71906759720001
 20
53.5264703576
 30
0.0
 40
2.5
100
AcDbArc
 50
180.000001295
 51
269.9999999817
  0
ARC
  5
4F1
330
1FF
100
AcDbEntity
  8
0
  6
Continuous
 62
     7
100
AcDbCircle
 10
77.71906759720001
 20
64.72647035760001
 30
0.0
 40
2.0
100
AcDbArc
 50
90.0
 51
179.9999999925
  0
ARC
  5
4F2
330
1FF
100
AcDbEntity
  8
0
  6
Continuous
 62
     7
100
AcDbCircle
 10
77.71906759720001
 20
53.5264703576
 30
0.0
 40
2.0
100
AcDbArc
 50
180.0000004258
 51
269.9999999925
  0
ARC
  5
4F3
330
1FF
100
AcDbEntity
  8
0
  6
Continuous
 62
     7
100
AcDbCircle
 10
77.7190623908
 20
64.726502881
 30
0.0
 40
1.9
100
AcDbArc
 50
90.0
 51
180.0
  0
ARC
  5
4F4
330
1FF
100
AcDbEntity
  8
0
  6
Continuous
 62
     7
100
AcDbCircle
 10
77.7190623908
 20
53.52650288100001
 30
0.0
 40
1.9
100
AcDbArc
 50
180.0
 51
270.0
  0
ARC
  5
4F5
330
1FF
100
AcDbEntity
  8
0
  6
Continuous
 62
     7
100
AcDbCircle
 10
77.71906759720001
 20
64.72647035760001
 30
0.0
 40
1.8
100
AcDbArc
 50
90.0
 51
180.0
  0
ARC
  5
4F6
330
1FF
100
AcDbEntity
  8
0
  6
Continuous
 62
     7
100
AcDbCircle
 10
77.71906759720001
 20
53.5264703576
 30
0.0
 40
1.8
100
AcDbArc
 50
180.0
 51
270.0
  0
ARC
  5
4F8
330
1FF
100
AcDbEntity
  8
0
  6
Continuous
 62
     7
100
AcDbCircle
 10
85.66884765080001
 20
34.4023894971
 30
0.0
 40
1.500537404
100
AcDbArc
 50
49.9763975944
 51
64.2254367753
  0
ARC
  5
4F9
330
1FF
100
AcDbEntity
  8
0
  6
Continuous
 62
     7
100
AcDbCircle
 10
85.3190675972
 20
69.2264703576
 30
0.0
 40
1.3
100
AcDbArc
 50
90.00000002770001
 51
179.9999999896
  0
ARC
  5
4FA
330
1FF
100
AcDbEntity
  8
0
  6
Continuous
 62
     7
100
AcDbCircle
 10
85.3190675972
 20
68.92647035759999
 30
0.0
 40
1.3
100
AcDbArc
 50
180.0000000283
 51
269.9999999901
  0
ARC
  5
4FB
330
1FF
100
AcDbEntity
  8
0
  6
Continuous
 62
     7
100
AcDbCircle
 10
85.3190675972
 20
69.2264703576
 30
0.0
 40
1.0
100
AcDbArc
 50
89.999999665
 51
180.0
  0
ARC
  5
4FC
330
1FF
100
AcDbEntity
  8
0
  6
Continuous
 62
     7
100
AcDbCircle
 10
85.3190675972
 20
68.92647035759999
 30
0.0
 40
1.0
100
AcDbArc
 50
179.9999996652
 51
270.0
  0
CIRCLE
  5
4FD
330
1FF
100
AcDbEntity
  8
0
  6
Continuous
 62
     7
100
AcDbCircle
 10
72.96906759720001
 20
42.5268491165
 30
0.0
 40
0.8
  0
ARC
  5
4FE
330
1FF
100
AcDbEntity
  8
0
  6
Continuous
 62
     7
100
AcDbCircle
 10
59.1190675972
 20
76.38019951850001
 30
0.0
 40
0.5
100
AcDbArc
 50
179.9999999997
 51
252.4667476712
  0
ARC
  5
4FF
330
1FF
100
AcDbEntity
  8
0
  6
Continuous
 62
     7
100
AcDbCircle
 10
59.1190675972
 20
80.2227411966
 30
0.0
 40
0.5
100
AcDbArc
 50
107.5520547363
 51
180.0000000003
  0
ARC
  5
500
330
1FF
100
AcDbEntity
  8
0
  6
Continuous
 62
     7
100
AcDbCircle
 10
59.1190675972
 20
92.22274119659999
 30
0.0
 40
0.5
100
AcDbArc
 50
107.552054733
 51
180.0000000009
  0
ARC
  5
501
330
1FF
100
AcDbEntity
  8
0
  6
Continuous
 62
     7
100
AcDbCircle
 10
59.1190675972
 20
88.3801995185
 30
0.0
 40
0.5
100
AcDbArc
 50
179.9999999997
 51
252.4667476746
  0
ARC
  5
502
330
1FF
100
AcDbEntity
  8
0
  6
Continuous
 62
     7
100
AcDbCircle
 10
91.26906759719998
 20
66.1764703576
 30
0.0
 40
0.25
100
AcDbArc
 50
180.0
 51
270.0
  0
ARC
  5
503
330
1FF
100
AcDbEntity
  8
0
  6
Continuous
 62
     7
100
AcDbCircle
 10
90.76906759719999
 20
66.2764703576
 30
0.0
 40
0.25
100
AcDbArc
 50
0.0
 51
90.0
  0
ARC
  5
504
330
1FF
100
AcDbEntity
  8
0
  6
Continuous
 62
     7
100
AcDbCircle
 10
81.76906759720001
 20
51.9764703576
 30
0.0
 40
0.25
100
AcDbArc
 50
270.0
 51
360.0
  0
ARC
  5
505
330
1FF
100
AcDbEntity
  8
0
  6
Continuous
 62
     7
100
AcDbCircle
 10
82.2690675972
 20
51.9764703576
 30
0.0
 40
0.25
100
AcDbArc
 50
90.0
 51
180.0
  0
ARC
  5
506
330
1FF
100
AcDbEntity
  8
0
  6
Continuous
 62
     7
100
AcDbCircle
 10
86.36906759719998
 20
51.9764703576
 30
0.0
 40
0.25
100
AcDbArc
 50
0.0
 51
90.0
  0
ARC
  5
507
330
1FF
100
AcDbEntity
  8
0
  6
Continuous
 62
     7
100
AcDbCircle
 10
86.86906759719999
 20
51.9764703576
 30
0.0
 40
0.25
100
AcDbArc
 50
180.0
 51
270.0
  0
ARC
  5
508
330
1FF
100
AcDbEntity
  8
0
  6
Continuous
 62
     7
100
AcDbCircle
 10
70.0690675972
 20
153.6014703576
 30
0.0
 40
11.1
100
AcDbArc
 50
89.99999992419999
 51
180.0000000787
  0
ARC
  5
509
330
1FF
100
AcDbEntity
  8
0
  6
Continuous
 62
     7
100
AcDbCircle
 10
70.0690675972
 20
153.6014703576
 30
0.0
 40
8.9
100
AcDbArc
 50
90.00000002629999
 51
179.9999999556
  0
CIRCLE
  5
50C
330
1FF
100
AcDbEntity
  8
0
  6
Continuous
 62
     7
100
AcDbCircle
 10
69.91906759719999
 20
107.1264703576
 30
0.0
 40
0.8
  0
CIRCLE
  5
50D
330
1FF
100
AcDbEntity
  8
0
  6
Continuous
 62
     7
100
AcDbCircle
 10
66.3190675972
 20
155.3955371001
 30
0.0
 40
0.8
  0
ARC
  5
50E
330
1FF
100
AcDbEntity
  8
0
  6
Continuous
 62
     7
100
AcDbCircle
 10
116.5690675972
 20
46.6514703576
 30
0.0
 40
11.1
100
AcDbArc
 50
269.9999999242
 51
360.0
  0
ARC
  5
50F
330
1FF
100
AcDbEntity
  8
0
  6
Continuous
 62
     7
100
AcDbCircle
 10
116.5690675972
 20
46.6514703576
 30
0.0
 40
8.9
100
AcDbArc
 50
270.0000000263
 51
359.9999999556
  0
ARC
  5
510
330
1FF
100
AcDbEntity
  8
0
  6
Continuous
 62
     7
100
AcDbCircle
 10
108.9190675972
 20
53.5264703576
 30
0.0
 40
2.5
100
AcDbArc
 50
270.000001295
 51
359.9999999817
  0
ARC
  5
511
330
1FF
100
AcDbEntity
  8
0
  6
Continuous
 62
     7
100
AcDbCircle
 10
108.9190675972
 20
64.72647035760001
 30
0.0
 40
2.5
100
AcDbArc
 50
0.000001295
 51
89.9999999817
  0
ARC
  5
512
330
1FF
100
AcDbEntity
  8
0
  6
Continuous
 62
     7
100
AcDbCircle
 10
108.9190675972
 20
53.5264703576
 30
0.0
 40
2.0
100
AcDbArc
 50
270.0000004258
 51
359.9999999925
  0
ARC
  5
513
330
1FF
100
AcDbEntity
  8
0
  6
Continuous
 62
     7
100
AcDbCircle
 10
108.9190675972
 20
64.72647035760001
 30
0.0
 40
2.0
100
AcDbArc
 50
0.0000004258
 51
90.0
  0
ARC
  5
514
330
1FF
100
AcDbEntity
  8
0
  6
Continuous
 62
     7
100
AcDbCircle
 10
108.9190728037
 20
64.726502881
 30
0.0
 40
1.9
100
AcDbArc
 50
0.0
 51
90.0
  0
ARC
  5
515
330
1FF
100
AcDbEntity
  8
0
  6
Continuous
 62
     7
100
AcDbCircle
 10
108.9190728037
 20
53.52650288100001
 30
0.0
 40
1.9
100
AcDbArc
 50
270.0
 51
360.0
  0
ARC
  5
516
330
1FF
100
AcDbEntity
  8
0
  6
Continuous
 62
     7
100
AcDbCircle
 10
108.9190675972
 20
53.5264703576
 30
0.0
 40
1.8
100
AcDbArc
 50
270.0
 51
360.0
  0
ARC
  5
517
330
1FF
100
AcDbEntity
  8
0
  6
Continuous
 62
     7
100
AcDbCircle
 10
108.9190675972
 20
64.72647035760001
 30
0.0
 40
1.8
100
AcDbArc
 50
0.0
 51
90.0
  0
ARC
  5
519
330
1FF
100
AcDbEntity
  8
0
  6
Continuous
 62
     7
100
AcDbCircle
 10
101.3190675972
 20
69.2264703576
 30
0.0
 40
1.3
100
AcDbArc
 50
0.0000000283
 51
89.9999999901
  0
ARC
  5
51A
330
1FF
100
AcDbEntity
  8
0
  6
Continuous
 62
     7
100
AcDbCircle
 10
101.3190675972
 20
68.92647035759999
 30
0.0
 40
1.3
100
AcDbArc
 50
269.9999991344
 51
359.9999999896
  0
ARC
  5
51B
330
1FF
100
AcDbEntity
  8
0
  6
Continuous
 62
     7
100
AcDbCircle
 10
101.3190675972
 20
68.92647035759999
 30
0.0
 40
1.0
100
AcDbArc
 50
269.999999665
 51
360.0
  0
ARC
  5
51C
330
1FF
100
AcDbEntity
  8
0
  6
Continuous
 62
     7
100
AcDbCircle
 10
101.3190675972
 20
69.2264703576
 30
0.0
 40
1.0
100
AcDbArc
 50
359.9999996652
 51
90.0
  0
CIRCLE
  5
51D
330
1FF
100
AcDbEntity
  8
0
  6
Continuous
 62
     7
100
AcDbCircle
 10
113.6690675972
 20
42.5268491165
 30
0.0
 40
0.8
  0
ARC
  5
51E
330
1FF
100
AcDbEntity
  8
0
  6
Continuous
 62
     7
100
AcDbCircle
 10
127.5190675972
 20
92.22274119659999
 30
0.0
 40
0.5
100
AcDbArc
 50
0.0
 51
72.46674768
  0
ARC
  5
51F
330
1FF
100
AcDbEntity
  8
0
  6
Continuous
 62
     7
100
AcDbCircle
 10
127.5190675972
 20
88.3801995185
 30
0.0
 40
0.5
100
AcDbArc
 50
287.5520547273
 51
360.0
  0
ARC
  5
520
330
1FF
100
AcDbEntity
  8
0
  6
Continuous
 62
     7
100
AcDbCircle
 10
127.5190675972
 20
76.38019951850001
 30
0.0
 40
0.5
100
AcDbArc
 50
287.5520547241
 51
360.0
  0
ARC
  5
521
330
1FF
100
AcDbEntity
  8
0
  6
Continuous
 62
     7
100
AcDbCircle
 10
127.5190675972
 20
80.2227411966
 30
0.0
 40
0.5
100
AcDbArc
 50
0.0
 51
72.4667476834
  0
ARC
  5
522
330
1FF
100
AcDbEntity
  8
0
  6
Continuous
 62
     7
100
AcDbCircle
 10
102.8688021506
 20
35.4934667967
 30
0.0
 40
0.3994821008
100
AcDbArc
 50
143.4547631161
 51
150.8689945315
  0
ARC
  5
523
330
1FF
100
AcDbEntity
  8
0
  6
Continuous
 62
     7
100
AcDbCircle
 10
102.8682519746
 20
35.4934458339
 30
0.0
 40
0.3990527277
100
AcDbArc
 50
130.5880102103
 51
143.405307524
  0
ARC
  5
524
330
1FF
100
AcDbEntity
  8
0
  6
Continuous
 62
     7
100
AcDbCircle
 10
99.7690675972
 20
51.9764703576
 30
0.0
 40
0.25
100
AcDbArc
 50
270.0
 51
360.0
  0
ARC
  5
525
330
1FF
100
AcDbEntity
  8
0
  6
Continuous
 62
     7
100
AcDbCircle
 10
100.2690675972
 20
51.9764703576
 30
0.0
 40
0.25
100
AcDbArc
 50
90.0
 51
180.0
  0
ARC
  5
526
330
1FF
100
AcDbEntity
  8
0
  6
Continuous
 62
     7
100
AcDbCircle
 10
104.3690675972
 20
51.9764703576
 30
0.0
 40
0.25
100
AcDbArc
 50
0.0
 51
90.0
  0
ARC
  5
527
330
1FF
100
AcDbEntity
  8
0
  6
Continuous
 62
     7
100
AcDbCircle
 10
104.8690675972
 20
51.9764703576
 30
0.0
 40
0.25
100
AcDbArc
 50
180.0
 51
270.0
  0
ARC
  5
528
330
1FF
100
AcDbEntity
  8
0
  6
Continuous
 62
     7
100
AcDbCircle
 10
95.86906759719999
 20
66.2764703576
 30
0.0
 40
0.25
100
AcDbArc
 50
90.0
 51
180.0
  0
ARC
  5
529
330
1FF
100
AcDbEntity
  8
0
  6
Continuous
 62
     7
100
AcDbCircle
 10
95.36906759719999
 20
66.1764703576
 30
0.0
 40
0.25
100
AcDbArc
 50
270.0
 51
360.0
  0
ARC
  5
52A
330
1FF
100
AcDbEntity
  8
0
  6
Continuous
 62
     7
100
AcDbCircle
 10
116.5690675972
 20
153.6014703576
 30
0.0
 40
11.1
100
AcDbArc
 50
0.0
 51
90.0000000786
  0
ARC
  5
52B
330
1FF
100
AcDbEntity
  8
0
  6
Continuous
 62
     7
100
AcDbCircle
 10
116.5690675972
 20
153.6014703576
 30
0.0
 40
8.9
100
AcDbArc
 50
0.0000000263
 51
89.99999995559999
  0
CIRCLE
  5
52E
330
1FF
100
AcDbEntity
  8
0
  6
Continuous
 62
     7
100
AcDbCircle
 10
121.3190675972
 20
107.7393006662
 30
0.0
 40
0.8
  0
CIRCLE
  5
52F
330
1FF
100
AcDbEntity
  8
0
  6
Continuous
 62
     7
100
AcDbCircle
 10
120.3190675972
 20
155.3955371001
 30
0.0
 40
0.8
  0
CIRCLE
  5
532
330
1FF
100
AcDbEntity
  8
0
  6
Continuous
 62
     7
100
AcDbCircle
 10
112.8190675972
 20
189.4734048603
 30
0.0
 40
1.8
  0
CIRCLE
  5
533
330
1FF
100
AcDbEntity
  8
0
  6
Continuous
 62
     7
100
AcDbCircle
 10
73.8190675972
 20
189.4734048603
 30
0.0
 40
1.8
  0
ARC
  5
534
330
1FF
100
AcDbEntity
  8
0
  6
Continuous
 62
     7
100
AcDbCircle
 10
127.5190675972
 20
191.5446756994
 30
0.0
 40
0.5
100
AcDbArc
 50
0.0
 51
72.4667476189
  0
ARC
  5
535
330
1FF
100
AcDbEntity
  8
0
  6
Continuous
 62
     7
100
AcDbCircle
 10
127.5190675972
 20
187.7021340212
 30
0.0
 40
0.5
100
AcDbArc
 50
287.55205479
 51
360.0
  0
ARC
  5
536
330
1FF
100
AcDbEntity
  8
0
  6
Continuous
 62
     7
100
AcDbCircle
 10
59.1190675972
 20
191.5446756994
 30
0.0
 40
0.5
100
AcDbArc
 50
107.5520547901
 51
180.0000000008
  0
ARC
  5
537
330
1FF
100
AcDbEntity
  8
0
  6
Continuous
 62
     7
100
AcDbCircle
 10
59.1190675972
 20
187.7021340213
 30
0.0
 40
0.5
100
AcDbArc
 50
179.9999999992
 51
252.466747619
  0
ARC
  5
538
330
1FF
100
AcDbEntity
  8
0
  6
Continuous
 62
     7
100
AcDbCircle
 10
78.71906903750001
 20
9.7897394282
 30
0.0
 40
1.300001440299999
100
AcDbArc
 50
179.9999999994
 51
269.9999999999
  0
ARC
  5
539
330
1FF
100
AcDbEntity
  8
0
  6
Continuous
 62
     7
100
AcDbCircle
 10
85.66907904770001
 20
9.7897394282
 30
0.0
 40
1.300001440299999
100
AcDbArc
 50
270.0000000001
 51
359.9999999998999
  0
ARC
  5
53A
330
1FF
100
AcDbEntity
  8
0
  6
Continuous
 62
     7
100
AcDbCircle
 10
85.66907904770001
 20
10.9497410989
 30
0.0
 40
1.300001440299999
100
AcDbArc
 50
0.0000000001
 51
89.99999999939999
  0
ARC
  5
53B
330
1FF
100
AcDbEntity
  8
0
  6
Continuous
 62
     7
100
AcDbCircle
 10
78.71906903750001
 20
10.9497410989
 30
0.0
 40
1.300001440299999
100
AcDbArc
 50
90.0
 51
180.0000000007
  0
ARC
  5
53C
330
1FF
100
AcDbEntity
  8
0
  6
Continuous
 62
     7
100
AcDbCircle
 10
78.71906903750001
 20
9.7897394282
 30
0.0
 40
1.000001440299999
100
AcDbArc
 50
180.0
 51
270.0000000001
  0
ARC
  5
53D
330
1FF
100
AcDbEntity
  8
0
  6
Continuous
 62
     7
100
AcDbCircle
 10
85.66907904770001
 20
9.7897394282
 30
0.0
 40
1.000001440299999
100
AcDbArc
 50
270.0
 51
360.0
  0
ARC
  5
53E
330
1FF
100
AcDbEntity
  8
0
  6
Continuous
 62
     7
100
AcDbCircle
 10
85.66907904770001
 20
10.9497410989
 30
0.0
 40
1.000001440299999
100
AcDbArc
 50
0.0
 51
90.0
  0
ARC
  5
53F
330
1FF
100
AcDbEntity
  8
0
  6
Continuous
 62
     7
100
AcDbCircle
 10
78.71906903750001
 20
10.9497410989
 30
0.0
 40
1.000001440299999
100
AcDbArc
 50
90.0
 51
180.0
  0
ARC
  5
540
330
1FF
100
AcDbEntity
  8
0
  6
Continuous
 62
     7
100
AcDbCircle
 10
78.71906903750001
 20
9.7897394282
 30
0.0
 40
0.9500013683
100
AcDbArc
 50
179.9999999999
 51
269.9999999997999
  0
ARC
  5
541
330
1FF
100
AcDbEntity
  8
0
  6
Continuous
 62
     7
100
AcDbCircle
 10
85.66907904770001
 20
9.7897394282
 30
0.0
 40
0.9500013683
100
AcDbArc
 50
270.0000000004
 51
359.9999999998
  0
ARC
  5
542
330
1FF
100
AcDbEntity
  8
0
  6
Continuous
 62
     7
100
AcDbCircle
 10
85.66907904770001
 20
10.9497410989
 30
0.0
 40
0.9500013683
100
AcDbArc
 50
0.0000000002
 51
89.99999999979999
  0
ARC
  5
543
330
1FF
100
AcDbEntity
  8
0
  6
Continuous
 62
     7
100
AcDbCircle
 10
78.71906903750001
 20
10.9497410989
 30
0.0
 40
0.9500013683
100
AcDbArc
 50
90.0
 51
180.0000000001
  0
ARC
  5
544
330
1FF
100
AcDbEntity
  8
0
  6
Continuous
 62
     7
100
AcDbCircle
 10
85.66907904770001
 20
9.7897394282
 30
0.0
 40
0.7500010802000001
100
AcDbArc
 50
270.0000000001
 51
359.9999999998
  0
ARC
  5
545
330
1FF
100
AcDbEntity
  8
0
  6
Continuous
 62
     7
100
AcDbCircle
 10
78.71906903750001
 20
9.7897394282
 30
0.0
 40
0.7500010802000001
100
AcDbArc
 50
179.9999999998
 51
270.0000000002
  0
ARC
  5
546
330
1FF
100
AcDbEntity
  8
0
  6
Continuous
 62
     7
100
AcDbCircle
 10
78.71906903750001
 20
10.9497410989
 30
0.0
 40
0.7500010802000001
100
AcDbArc
 50
89.99999999979999
 51
180.0000000002
  0
ARC
  5
547
330
1FF
100
AcDbEntity
  8
0
  6
Continuous
 62
     7
100
AcDbCircle
 10
85.66907904770001
 20
10.9497410989
 30
0.0
 40
0.7500010802000001
100
AcDbArc
 50
0.0000000002
 51
90.0
  0
ARC
  5
548
330
1FF
100
AcDbEntity
  8
0
  6
Continuous
 62
     7
100
AcDbCircle
 10
78.71906903750001
 20
10.9497410989
 30
0.0
 40
0.7000010082
100
AcDbArc
 50
90.0
 51
180.0
  0
ARC
  5
549
330
1FF
100
AcDbEntity
  8
0
  6
Continuous
 62
     7
100
AcDbCircle
 10
78.71906903750001
 20
9.7897394282
 30
0.0
 40
0.7000010082
100
AcDbArc
 50
180.0
 51
270.0
  0
ARC
  5
54A
330
1FF
100
AcDbEntity
  8
0
  6
Continuous
 62
     7
100
AcDbCircle
 10
85.66907904770001
 20
10.9497410989
 30
0.0
 40
0.7000010082
100
AcDbArc
 50
0.0
 51
90.0
  0
ARC
  5
54B
330
1FF
100
AcDbEntity
  8
0
  6
Continuous
 62
     7
100
AcDbCircle
 10
85.66907904770001
 20
9.7897394282
 30
0.0
 40
0.7000010082
100
AcDbArc
 50
270.0
 51
360.0
  0
ARC
  5
54C
330
1FF
100
AcDbEntity
  8
0
  6
Continuous
 62
     7
100
AcDbCircle
 10
102.09638202
 20
11.8777978637
 30
0.0
 40
0.5894404782000001
100
AcDbArc
 50
13.6936671743
 51
15.7738055559
  0
ARC
  5
54D
330
1FF
100
AcDbEntity
  8
0
  6
Continuous
 62
     7
100
AcDbCircle
 10
110.1909787835
 20
11.8779967546
 30
0.0
 40
0.5886418231000001
100
AcDbArc
 50
164.2243680936
 51
166.3068819008
  0
ARC
  5
54E
330
1FF
100
AcDbEntity
  8
0
  6
Continuous
 62
     7
100
AcDbCircle
 10
59.1190675972
 20
7.2684671488
 30
0.0
 40
0.5
100
AcDbArc
 50
179.9999999994
 51
252.4667476189
  0
ARC
  5
54F
330
1FF
100
AcDbEntity
  8
0
  6
Continuous
 62
     7
100
AcDbCircle
 10
59.1190675972
 20
11.1110088269
 30
0.0
 40
0.5
100
AcDbArc
 50
107.55205479
 51
180.0000000009
  0
ARC
  5
550
330
1FF
100
AcDbEntity
  8
0
  6
Continuous
 62
     7
100
AcDbCircle
 10
127.5190675972
 20
7.2684671488
 30
0.0
 40
0.5
100
AcDbArc
 50
287.5520547901
 51
360.0
  0
ARC
  5
551
330
1FF
100
AcDbEntity
  8
0
  6
Continuous
 62
     7
100
AcDbCircle
 10
127.5190675972
 20
11.1110088269
 30
0.0
 40
0.5
100
AcDbArc
 50
0.0
 51
72.466747619
  0
ARC
  5
552
330
1FF
100
AcDbEntity
  8
0
  6
Continuous
 62
     7
100
AcDbCircle
 10
109.4190675972
 20
12.0397379879
 30
0.0
 40
0.2
100
AcDbArc
 50
0.0000000002
 51
90.0
  0
ARC
  5
553
330
1FF
100
AcDbEntity
  8
0
  6
Continuous
 62
     7
100
AcDbCircle
 10
102.8690678243
 20
12.0397379879
 30
0.0
 40
0.2
100
AcDbArc
 50
90.0000005426
 51
180.0
  0
ARC
  5
554
330
1FF
100
AcDbEntity
  8
0
  6
Continuous
 62
     7
100
AcDbCircle
 10
20.0381300111
 20
76.8014703576
 30
0.0
 40
1.0
100
AcDbArc
 50
270.0
 51
360.0
  0
ARC
  5
555
330
1FF
100
AcDbEntity
  8
0
  6
Continuous
 62
     7
100
AcDbCircle
 10
20.0381300111
 20
79.80147035759999
 30
0.0
 40
1.0
100
AcDbArc
 50
0.0
 51
90.0
  0
ARC
  5
556
330
1FF
100
AcDbEntity
  8
0
  6
Continuous
 62
     7
100
AcDbCircle
 10
20.0381300111
 20
91.80147035759999
 30
0.0
 40
1.0
100
AcDbArc
 50
0.0
 51
90.0
  0
ARC
  5
557
330
1FF
100
AcDbEntity
  8
0
  6
Continuous
 62
     7
100
AcDbCircle
 10
20.0381300111
 20
88.8014703576
 30
0.0
 40
1.0
100
AcDbArc
 50
270.0
 51
360.0
  0
ARC
  5
558
330
1FF
100
AcDbEntity
  8
0
  6
Continuous
 62
     7
100
AcDbCircle
 10
16.9381300111
 20
79.9014703576
 30
0.0
 40
1.0
100
AcDbArc
 50
90.0
 51
180.0
  0
ARC
  5
559
330
1FF
100
AcDbEntity
  8
0
  6
Continuous
 62
     7
100
AcDbCircle
 10
20.1381300111
 20
79.9014703576
 30
0.0
 40
1.0
100
AcDbArc
 50
0.0
 51
90.0
  0
ARC
  5
55A
330
1FF
100
AcDbEntity
  8
0
  6
Continuous
 62
     7
100
AcDbCircle
 10
20.1381300111
 20
76.7014703576
 30
0.0
 40
1.0
100
AcDbArc
 50
270.0
 51
360.0
  0
ARC
  5
55B
330
1FF
100
AcDbEntity
  8
0
  6
Continuous
 62
     7
100
AcDbCircle
 10
16.9381300111
 20
76.7014703576
 30
0.0
 40
1.0
100
AcDbArc
 50
180.0
 51
270.0
  0
ARC
  5
55C
330
1FF
100
AcDbEntity
  8
0
  6
Continuous
 62
     7
100
AcDbCircle
 10
16.9381300111
 20
88.7014703576
 30
0.0
 40
1.0
100
AcDbArc
 50
180.0
 51
270.0
  0
ARC
  5
55D
330
1FF
100
AcDbEntity
  8
0
  6
Continuous
 62
     7
100
AcDbCircle
 10
16.9381300111
 20
91.9014703576
 30
0.0
 40
1.0
100
AcDbArc
 50
90.0
 51
180.0
  0
ARC
  5
55E
330
1FF
100
AcDbEntity
  8
0
  6
Continuous
 62
     7
100
AcDbCircle
 10
20.1381300111
 20
91.9014703576
 30
0.0
 40
1.0
100
AcDbArc
 50
0.0
 51
90.0
  0
ARC
  5
55F
330
1FF
100
AcDbEntity
  8
0
  6
Continuous
 62
     7
100
AcDbCircle
 10
20.1381300111
 20
88.7014703576
 30
0.0
 40
1.0
100
AcDbArc
 50
270.0
 51
360.0
  0
ARC
  5
560
330
1FF
100
AcDbEntity
  8
0
  6
Continuous
 62
     7
100
AcDbCircle
 10
17.0381300111
 20
76.8014703576
 30
0.0
 40
0.9738140784
100
AcDbArc
 50
179.9999999999
 51
269.9999999996
  0
ARC
  5
561
330
1FF
100
AcDbEntity
  8
0
  6
Continuous
 62
     7
100
AcDbCircle
 10
17.0381300111
 20
91.80147035759999
 30
0.0
 40
0.9738140784
100
AcDbArc
 50
89.9999999999
 51
180.0000000001
  0
ARC
  5
562
330
1FF
100
AcDbEntity
  8
0
  6
Continuous
 62
     7
100
AcDbCircle
 10
17.0381300111
 20
88.8014703576
 30
0.0
 40
0.9738140784
100
AcDbArc
 50
179.9999999999
 51
269.9999999991
  0
ARC
  5
563
330
1FF
100
AcDbEntity
  8
0
  6
Continuous
 62
     7
100
AcDbCircle
 10
17.0381300111
 20
79.80147035759999
 30
0.0
 40
0.9738140784
100
AcDbArc
 50
90.0000000009
 51
180.0000000001
  0
ARC
  5
564
330
1FF
100
AcDbEntity
  8
0
  6
Continuous
 62
     7
100
AcDbCircle
 10
17.0381300111
 20
76.8014703576
 30
0.0
 40
0.9210995015000001
100
AcDbArc
 50
179.9999999813
 51
269.9999999999
  0
ARC
  5
565
330
1FF
100
AcDbEntity
  8
0
  6
Continuous
 62
     7
100
AcDbCircle
 10
17.0381300111
 20
91.80147035759999
 30
0.0
 40
0.9210995015000001
100
AcDbArc
 50
89.99999998379999
 51
180.0000000185
  0
ARC
  5
566
330
1FF
100
AcDbEntity
  8
0
  6
Continuous
 62
     7
100
AcDbCircle
 10
20.0381300111
 20
76.8014703576
 30
0.0
 40
0.9210995015000001
100
AcDbArc
 50
269.9999999842
 51
360.0
  0
ARC
  5
567
330
1FF
100
AcDbEntity
  8
0
  6
Continuous
 62
     7
100
AcDbCircle
 10
20.0381300111
 20
91.80147035759999
 30
0.0
 40
0.9210995015000001
100
AcDbArc
 50
0.0
 51
89.9999999999
  0
ARC
  5
568
330
1FF
100
AcDbEntity
  8
0
  6
Continuous
 62
     7
100
AcDbCircle
 10
20.0381300111
 20
79.80147035759999
 30
0.0
 40
0.9210995015000001
100
AcDbArc
 50
0.0
 51
90.0000000002
  0
ARC
  5
569
330
1FF
100
AcDbEntity
  8
0
  6
Continuous
 62
     7
100
AcDbCircle
 10
20.0381300111
 20
88.8014703576
 30
0.0
 40
0.9210995015000001
100
AcDbArc
 50
269.9999999841
 51
360.0
  0
ARC
  5
56A
330
1FF
100
AcDbEntity
  8
0
  6
Continuous
 62
     7
100
AcDbCircle
 10
17.0381300111
 20
79.80147035759999
 30
0.0
 40
0.9210995015000001
100
AcDbArc
 50
89.9999999839
 51
180.0000000185
  0
ARC
  5
56B
330
1FF
100
AcDbEntity
  8
0
  6
Continuous
 62
     7
100
AcDbCircle
 10
17.0381300111
 20
88.8014703576
 30
0.0
 40
0.9210995015000001
100
AcDbArc
 50
179.9999999815
 51
269.9999999999
  0
ARC
  5
56C
330
1FF
100
AcDbEntity
  8
0
  6
Continuous
 62
     7
100
AcDbCircle
 10
17.0381300111
 20
76.8014703576
 30
0.0
 40
0.4212708390000001
100
AcDbArc
 50
179.9999999996
 51
270.000000003
  0
ARC
  5
56D
330
1FF
100
AcDbEntity
  8
0
  6
Continuous
 62
     7
100
AcDbCircle
 10
20.0381300111
 20
88.8014703576
 30
0.0
 40
0.4212708390000001
100
AcDbArc
 50
269.9999999974
 51
359.9999999998999
  0
ARC
  5
56E
330
1FF
100
AcDbEntity
  8
0
  6
Continuous
 62
     7
100
AcDbCircle
 10
20.0381300111
 20
91.80147035759999
 30
0.0
 40
0.4212708390000001
100
AcDbArc
 50
0.0
 51
90.0
  0
ARC
  5
56F
330
1FF
100
AcDbEntity
  8
0
  6
Continuous
 62
     7
100
AcDbCircle
 10
17.0381300111
 20
91.80147035759999
 30
0.0
 40
0.4212708390000001
100
AcDbArc
 50
90.0
 51
180.0000000001
  0
ARC
  5
570
330
1FF
100
AcDbEntity
  8
0
  6
Continuous
 62
     7
100
AcDbCircle
 10
17.0381300111
 20
88.8014703576
 30
0.0
 40
0.4212708390000001
100
AcDbArc
 50
179.9999999996
 51
270.0000000029
  0
ARC
  5
571
330
1FF
100
AcDbEntity
  8
0
  6
Continuous
 62
     7
100
AcDbCircle
 10
17.0381300111
 20
79.80147035759999
 30
0.0
 40
0.4212708390000001
100
AcDbArc
 50
89.99999999709999
 51
180.0000000004
  0
ARC
  5
572
330
1FF
100
AcDbEntity
  8
0
  6
Continuous
 62
     7
100
AcDbCircle
 10
20.0381300111
 20
79.80147035759999
 30
0.0
 40
0.4212708390000001
100
AcDbArc
 50
0.0000000001
 51
90.0000000026
  0
ARC
  5
573
330
1FF
100
AcDbEntity
  8
0
  6
Continuous
 62
     7
100
AcDbCircle
 10
20.0381300111
 20
76.8014703576
 30
0.0
 40
0.4212708390000001
100
AcDbArc
 50
269.9999999974
 51
359.9999999998999
  0
ARC
  5
574
330
1FF
100
AcDbEntity
  8
0
  6
Continuous
 62
     7
100
AcDbCircle
 10
174.1482788158
 20
91.80147035759999
 30
0.0
 40
1.0
100
AcDbArc
 50
90.0
 51
180.0
  0
ARC
  5
575
330
1FF
100
AcDbEntity
  8
0
  6
Continuous
 62
     7
100
AcDbCircle
 10
174.1482788158
 20
88.8014703576
 30
0.0
 40
1.0
100
AcDbArc
 50
180.0
 51
270.0
  0
ARC
  5
576
330
1FF
100
AcDbEntity
  8
0
  6
Continuous
 62
     7
100
AcDbCircle
 10
174.1482788158
 20
76.8014703576
 30
0.0
 40
1.0
100
AcDbArc
 50
180.0
 51
270.0
  0
ARC
  5
577
330
1FF
100
AcDbEntity
  8
0
  6
Continuous
 62
     7
100
AcDbCircle
 10
174.1482788158
 20
79.80147035759999
 30
0.0
 40
1.0
100
AcDbArc
 50
90.0
 51
180.0
  0
ARC
  5
578
330
1FF
100
AcDbEntity
  8
0
  6
Continuous
 62
     7
100
AcDbCircle
 10
177.2482788158
 20
91.9014703576
 30
0.0
 40
1.0
100
AcDbArc
 50
0.0
 51
90.0
  0
ARC
  5
579
330
1FF
100
AcDbEntity
  8
0
  6
Continuous
 62
     7
100
AcDbCircle
 10
177.2482788158
 20
88.7014703576
 30
0.0
 40
1.0
100
AcDbArc
 50
270.0
 51
360.0
  0
ARC
  5
57A
330
1FF
100
AcDbEntity
  8
0
  6
Continuous
 62
     7
100
AcDbCircle
 10
174.0482788158
 20
88.7014703576
 30
0.0
 40
1.0
100
AcDbArc
 50
180.0
 51
270.0
  0
ARC
  5
57B
330
1FF
100
AcDbEntity
  8
0
  6
Continuous
 62
     7
100
AcDbCircle
 10
174.0482788158
 20
91.9014703576
 30
0.0
 40
1.0
100
AcDbArc
 50
90.0
 51
180.0
  0
ARC
  5
57C
330
1FF
100
AcDbEntity
  8
0
  6
Continuous
 62
     7
100
AcDbCircle
 10
174.0482788158
 20
79.9014703576
 30
0.0
 40
1.0
100
AcDbArc
 50
90.0
 51
180.0
  0
ARC
  5
57D
330
1FF
100
AcDbEntity
  8
0
  6
Continuous
 62
     7
100
AcDbCircle
 10
177.2482788158
 20
79.9014703576
 30
0.0
 40
1.0
100
AcDbArc
 50
0.0
 51
90.0
  0
ARC
  5
57E
330
1FF
100
AcDbEntity
  8
0
  6
Continuous
 62
     7
100
AcDbCircle
 10
177.2482788158
 20
76.7014703576
 30
0.0
 40
1.0
100
AcDbArc
 50
270.0
 51
360.0
  0
ARC
  5
57F
330
1FF
100
AcDbEntity
  8
0
  6
Continuous
 62
     7
100
AcDbCircle
 10
174.0482788158
 20
76.7014703576
 30
0.0
 40
1.0
100
AcDbArc
 50
180.0
 51
270.0
  0
ARC
  5
580
330
1FF
100
AcDbEntity
  8
0
  6
Continuous
 62
     7
100
AcDbCircle
 10
177.1482788158
 20
91.80147035759999
 30
0.0
 40
0.9738140784
100
AcDbArc
 50
0.0
 51
89.99999999959999
  0
ARC
  5
581
330
1FF
100
AcDbEntity
  8
0
  6
Continuous
 62
     7
100
AcDbCircle
 10
177.1482788158
 20
76.8014703576
 30
0.0
 40
0.9738140784
100
AcDbArc
 50
269.9999999999
 51
360.0
  0
ARC
  5
582
330
1FF
100
AcDbEntity
  8
0
  6
Continuous
 62
     7
100
AcDbCircle
 10
177.1482788158
 20
79.80147035759999
 30
0.0
 40
0.9738140784
100
AcDbArc
 50
0.0
 51
89.9999999991
  0
ARC
  5
583
330
1FF
100
AcDbEntity
  8
0
  6
Continuous
 62
     7
100
AcDbCircle
 10
177.1482788158
 20
88.8014703576
 30
0.0
 40
0.9738140784
100
AcDbArc
 50
270.0000000009
 51
360.0
  0
ARC
  5
584
330
1FF
100
AcDbEntity
  8
0
  6
Continuous
 62
     7
100
AcDbCircle
 10
177.1482788158
 20
91.80147035759999
 30
0.0
 40
0.9210995015000001
100
AcDbArc
 50
0.0
 51
89.9999999999
  0
ARC
  5
585
330
1FF
100
AcDbEntity
  8
0
  6
Continuous
 62
     7
100
AcDbCircle
 10
177.1482788158
 20
76.8014703576
 30
0.0
 40
0.9210995015000001
100
AcDbArc
 50
269.9999999838
 51
360.0
  0
ARC
  5
586
330
1FF
100
AcDbEntity
  8
0
  6
Continuous
 62
     7
100
AcDbCircle
 10
174.1482788158
 20
91.80147035759999
 30
0.0
 40
0.9210995015000001
100
AcDbArc
 50
89.99999998419999
 51
180.0000000182
  0
ARC
  5
587
330
1FF
100
AcDbEntity
  8
0
  6
Continuous
 62
     7
100
AcDbCircle
 10
174.1482788158
 20
76.8014703576
 30
0.0
 40
0.9210995015000001
100
AcDbArc
 50
179.9999999818999
 51
269.9999999999
  0
ARC
  5
588
330
1FF
100
AcDbEntity
  8
0
  6
Continuous
 62
     7
100
AcDbCircle
 10
174.1482788158
 20
88.8014703576
 30
0.0
 40
0.9210995015000001
100
AcDbArc
 50
179.9999999816
 51
270.0000000002
  0
ARC
  5
589
330
1FF
100
AcDbEntity
  8
0
  6
Continuous
 62
     7
100
AcDbCircle
 10
174.1482788158
 20
79.80147035759999
 30
0.0
 40
0.9210995015000001
100
AcDbArc
 50
89.9999999841
 51
180.0000000184
  0
ARC
  5
58A
330
1FF
100
AcDbEntity
  8
0
  6
Continuous
 62
     7
100
AcDbCircle
 10
177.1482788158
 20
88.8014703576
 30
0.0
 40
0.9210995015000001
100
AcDbArc
 50
269.9999999839
 51
360.0
  0
ARC
  5
58B
330
1FF
100
AcDbEntity
  8
0
  6
Continuous
 62
     7
100
AcDbCircle
 10
177.1482788158
 20
79.80147035759999
 30
0.0
 40
0.9210995015000001
100
AcDbArc
 50
0.0
 51
89.9999999999
  0
ARC
  5
58C
330
1FF
100
AcDbEntity
  8
0
  6
Continuous
 62
     7
100
AcDbCircle
 10
177.1482788158
 20
91.80147035759999
 30
0.0
 40
0.4212708390000001
100
AcDbArc
 50
0.0
 51
90.000000003
  0
ARC
  5
58D
330
1FF
100
AcDbEntity
  8
0
  6
Continuous
 62
     7
100
AcDbCircle
 10
174.1482788158
 20
79.80147035759999
 30
0.0
 40
0.4212708390000001
100
AcDbArc
 50
89.99999999739999
 51
179.9999999999
  0
ARC
  5
58E
330
1FF
100
AcDbEntity
  8
0
  6
Continuous
 62
     7
100
AcDbCircle
 10
174.1482788158
 20
76.8014703576
 30
0.0
 40
0.4212708390000001
100
AcDbArc
 50
179.9999999999
 51
270.0
  0
ARC
  5
58F
330
1FF
100
AcDbEntity
  8
0
  6
Continuous
 62
     7
100
AcDbCircle
 10
177.1482788158
 20
76.8014703576
 30
0.0
 40
0.4212708390000001
100
AcDbArc
 50
270.0
 51
360.0
  0
ARC
  5
590
330
1FF
100
AcDbEntity
  8
0
  6
Continuous
 62
     7
100
AcDbCircle
 10
177.1482788158
 20
79.80147035759999
 30
0.0
 40
0.4212708390000001
100
AcDbArc
 50
0.0
 51
90.0000000029
  0
ARC
  5
591
330
1FF
100
AcDbEntity
  8
0
  6
Continuous
 62
     7
100
AcDbCircle
 10
177.1482788158
 20
88.8014703576
 30
0.0
 40
0.4212708390000001
100
AcDbArc
 50
269.9999999971
 51
360.0
  0
ARC
  5
592
330
1FF
100
AcDbEntity
  8
0
  6
Continuous
 62
     7
100
AcDbCircle
 10
174.1482788158
 20
88.8014703576
 30
0.0
 40
0.4212708390000001
100
AcDbArc
 50
180.0000000001
 51
270.0000000026
  0
ARC
  5
593
330
1FF
100
AcDbEntity
  8
0
  6
Continuous
 62
     7
100
AcDbCircle
 10
174.1482788158
 20
91.80147035759999
 30
0.0
 40
0.4212708390000001
100
AcDbArc
 50
89.99999999739999
 51
179.9999999999
  0
ARC
  5
594
330
1FF
100
AcDbEntity
  8
0
  6
Continuous
 62
     7
100
AcDbCircle
 10
224.7654126945
 20
46.6514703576
 30
0.0
 40
11.1003663657
100
AcDbArc
 50
180.0
 51
270.0000000758
  0
ARC
  5
595
330
1FF
100
AcDbEntity
  8
0
  6
Continuous
 62
     7
100
AcDbCircle
 10
224.7654126945
 20
46.6514703576
 30
0.0
 40
10.7000560188
100
AcDbArc
 50
180.0
 51
270.0
  0
ARC
  5
596
330
1FF
100
AcDbEntity
  8
0
  6
Continuous
 62
     7
100
AcDbCircle
 10
224.7654126945
 20
46.6514703576
 30
0.0
 40
10.1
100
AcDbArc
 50
180.0
 51
270.0
  0
ARC
  5
597
330
1FF
100
AcDbEntity
  8
0
  6
Continuous
 62
     7
100
AcDbCircle
 10
224.7654126945
 20
46.6514703576
 30
0.0
 40
10.004488093
100
AcDbArc
 50
180.0
 51
270.0
  0
ARC
  5
598
330
1FF
100
AcDbEntity
  8
0
  6
Continuous
 62
     7
100
AcDbCircle
 10
224.7654126945
 20
46.6514703576
 30
0.0
 40
10.0027258795
100
AcDbArc
 50
180.0
 51
270.0
  0
ARC
  5
599
330
1FF
100
AcDbEntity
  8
0
  6
Continuous
 62
     7
100
AcDbCircle
 10
224.7654126945
 20
46.6514703576
 30
0.0
 40
7.4999999994
100
AcDbArc
 50
180.0
 51
270.0
  0
ARC
  5
59A
330
1FF
100
AcDbEntity
  8
0
  6
Continuous
 62
     7
100
AcDbCircle
 10
213.8154126945
 20
92.22274119659999
 30
0.0
 40
0.5
100
AcDbArc
 50
107.55205479
 51
180.0000000006
  0
ARC
  5
59B
330
1FF
100
AcDbEntity
  8
0
  6
Continuous
 62
     7
100
AcDbCircle
 10
213.8154126945
 20
76.38019951850001
 30
0.0
 40
0.5
100
AcDbArc
 50
179.9999999991
 51
252.4667476191
  0
ARC
  5
59C
330
1FF
100
AcDbEntity
  8
0
  6
Continuous
 62
     7
100
AcDbCircle
 10
213.8154126945
 20
80.2227411966
 30
0.0
 40
0.5
100
AcDbArc
 50
107.55205479
 51
180.0000000006
  0
ARC
  5
59D
330
1FF
100
AcDbEntity
  8
0
  6
Continuous
 62
     7
100
AcDbCircle
 10
213.8154126945
 20
88.3801995185
 30
0.0
 40
0.5
100
AcDbArc
 50
179.9999999994
 51
252.4667476191
  0
ARC
  5
59E
330
1FF
100
AcDbEntity
  8
0
  6
Continuous
 62
     7
100
AcDbCircle
 10
224.7654126945
 20
153.6014703576
 30
0.0
 40
11.1003663657
100
AcDbArc
 50
89.99999992139999
 51
180.0
  0
ARC
  5
59F
330
1FF
100
AcDbEntity
  8
0
  6
Continuous
 62
     7
100
AcDbCircle
 10
224.7654126945
 20
153.6014703576
 30
0.0
 40
10.7000560188
100
AcDbArc
 50
90.0
 51
180.0
  0
ARC
  5
5A0
330
1FF
100
AcDbEntity
  8
0
  6
Continuous
 62
     7
100
AcDbCircle
 10
224.7654126945
 20
153.6014703576
 30
0.0
 40
10.1
100
AcDbArc
 50
90.0
 51
180.0
  0
ARC
  5
5A1
330
1FF
100
AcDbEntity
  8
0
  6
Continuous
 62
     7
100
AcDbCircle
 10
224.7654126945
 20
153.6014703576
 30
0.0
 40
10.004488093
100
AcDbArc
 50
90.0
 51
180.0
  0
ARC
  5
5A2
330
1FF
100
AcDbEntity
  8
0
  6
Continuous
 62
     7
100
AcDbCircle
 10
224.7654126945
 20
153.6014703576
 30
0.0
 40
10.0027258795
100
AcDbArc
 50
90.0
 51
180.0
  0
ARC
  5
5A3
330
1FF
100
AcDbEntity
  8
0
  6
Continuous
 62
     7
100
AcDbCircle
 10
224.7654126945
 20
153.6014703576
 30
0.0
 40
7.4999999994
100
AcDbArc
 50
90.0
 51
180.0
  0
ARC
  5
5A4
330
1FF
100
AcDbEntity
  8
0
  6
Continuous
 62
     7
100
AcDbCircle
 10
271.2654126945
 20
46.6514703576
 30
0.0
 40
11.1003663657
100
AcDbArc
 50
269.9999999213
 51
0.0000000758
  0
ARC
  5
5A5
330
1FF
100
AcDbEntity
  8
0
  6
Continuous
 62
     7
100
AcDbCircle
 10
271.2654126945
 20
46.6514703576
 30
0.0
 40
10.7000560188
100
AcDbArc
 50
270.0
 51
360.0
  0
ARC
  5
5A6
330
1FF
100
AcDbEntity
  8
0
  6
Continuous
 62
     7
100
AcDbCircle
 10
271.2654126945
 20
46.6514703576
 30
0.0
 40
10.1
100
AcDbArc
 50
270.0
 51
360.0
  0
ARC
  5
5A7
330
1FF
100
AcDbEntity
  8
0
  6
Continuous
 62
     7
100
AcDbCircle
 10
271.2654126945
 20
46.6514703576
 30
0.0
 40
10.004488093
100
AcDbArc
 50
270.0
 51
360.0
  0
ARC
  5
5A8
330
1FF
100
AcDbEntity
  8
0
  6
Continuous
 62
     7
100
AcDbCircle
 10
271.2654126945
 20
46.6514703576
 30
0.0
 40
10.0027258795
100
AcDbArc
 50
270.0
 51
360.0
  0
ARC
  5
5A9
330
1FF
100
AcDbEntity
  8
0
  6
Continuous
 62
     7
100
AcDbCircle
 10
271.2654126945
 20
46.6514703576
 30
0.0
 40
7.4999999994
100
AcDbArc
 50
270.0
 51
360.0
  0
ARC
  5
5AA
330
1FF
100
AcDbEntity
  8
0
  6
Continuous
 62
     7
100
AcDbCircle
 10
282.2154126945
 20
76.38019951850001
 30
0.0
 40
0.5
100
AcDbArc
 50
287.55205479
 51
360.0
  0
ARC
  5
5AB
330
1FF
100
AcDbEntity
  8
0
  6
Continuous
 62
     7
100
AcDbCircle
 10
282.2154126945
 20
92.22274119659999
 30
0.0
 40
0.5
100
AcDbArc
 50
0.0
 51
72.4667476191
  0
ARC
  5
5AC
330
1FF
100
AcDbEntity
  8
0
  6
Continuous
 62
     7
100
AcDbCircle
 10
282.2154126945
 20
88.3801995185
 30
0.0
 40
0.5
100
AcDbArc
 50
287.55205479
 51
360.0
  0
ARC
  5
5AD
330
1FF
100
AcDbEntity
  8
0
  6
Continuous
 62
     7
100
AcDbCircle
 10
282.2154126945
 20
80.2227411966
 30
0.0
 40
0.5
100
AcDbArc
 50
0.0
 51
72.4667476191
  0
ARC
  5
5AE
330
1FF
100
AcDbEntity
  8
0
  6
Continuous
 62
     7
100
AcDbCircle
 10
271.2654126945
 20
153.6014703576
 30
0.0
 40
11.1003663657
100
AcDbArc
 50
359.9999999212999
 51
90.0000000758
  0
ARC
  5
5AF
330
1FF
100
AcDbEntity
  8
0
  6
Continuous
 62
     7
100
AcDbCircle
 10
271.2654126945
 20
153.6014703576
 30
0.0
 40
10.7000560188
100
AcDbArc
 50
0.0
 51
90.0
  0
ARC
  5
5B0
330
1FF
100
AcDbEntity
  8
0
  6
Continuous
 62
     7
100
AcDbCircle
 10
271.2654126945
 20
153.6014703576
 30
0.0
 40
10.1
100
AcDbArc
 50
0.0
 51
90.0
  0
ARC
  5
5B1
330
1FF
100
AcDbEntity
  8
0
  6
Continuous
 62
     7
100
AcDbCircle
 10
271.2654126945
 20
153.6014703576
 30
0.0
 40
10.004488093
100
AcDbArc
 50
0.0
 51
90.0
  0
ARC
  5
5B2
330
1FF
100
AcDbEntity
  8
0
  6
Continuous
 62
     7
100
AcDbCircle
 10
271.2654126945
 20
153.6014703576
 30
0.0
 40
10.0027258795
100
AcDbArc
 50
0.0
 51
90.0
  0
ARC
  5
5B3
330
1FF
100
AcDbEntity
  8
0
  6
Continuous
 62
     7
100
AcDbCircle
 10
271.2654126945
 20
153.6014703576
 30
0.0
 40
7.4999999994
100
AcDbArc
 50
0.0
 51
90.0
  0
SPLINE
  5
5B4
330
1FF
100
AcDbEntity
  8
0
  6
Continuous
 62
     7
100
AcDbSpline
210
0.0
220
0.0
230
1.0
 70
     8
 71
     3
 72
     9
 73
     5
 74
     0
 42
0.0000001
 43
0.0000000001
 40
0.0
 40
0.0
 40
0.0
 40
0.0
 40
0.2581001669
 40
1.0
 40
1.0
 40
1.0
 40
1.0
 10
78.71906903750001
 20
35.9028962652
 30
0.0
 10
78.6598825
 20
35.9032567033
 30
0.0
 10
78.43067799189999
 20
35.8894317021
 30
0.0
 10
78.2050649696
 20
35.8224015432
 30
0.0
 10
78.0526925316
 20
35.7467193134
 30
0.0
  0
SPLINE
  5
5B5
330
1FF
100
AcDbEntity
  8
0
  6
Continuous
 62
     7
100
AcDbSpline
210
0.0
220
0.0
230
1.0
 70
     8
 71
     3
 72
     9
 73
     5
 74
     0
 42
0.0000001
 43
0.0000000001
 40
0.0
 40
0.0
 40
0.0
 40
0.0
 40
0.258012561
 40
1.0
 40
1.0
 40
1.0
 40
1.0
 10
78.0526925316
 20
35.7467193134
 30
0.0
 10
78.0251888616
 20
35.73305845
 30
0.0
 10
77.92027960449999
 20
35.6767390221
 30
0.0
 10
77.82228320279999
 20
35.6078327016
 30
0.0
 10
77.7542918617
 20
35.5514724224
 30
0.0
  0
SPLINE
  5
5B6
330
1FF
100
AcDbEntity
  8
0
  6
Continuous
 62
     7
100
AcDbSpline
210
0.0
220
0.0
230
1.0
 70
     8
 71
     3
 72
     9
 73
     5
 74
     0
 42
0.0000001
 43
0.0000000001
 40
0.0
 40
0.0
 40
0.0
 40
0.0
 40
0.4886950111
 40
1.0
 40
1.0
 40
1.0
 40
1.0
 10
86.32132836350001
 20
35.7536412946
 30
0.0
 10
86.2225459901
 20
35.801326047
 30
0.0
 10
86.00908353200001
 20
35.87696531050001
 30
0.0
 10
85.78384347560001
 20
35.9028839163
 30
0.0
 10
85.66907904770001
 20
35.9028962652
 30
0.0
  0
SPLINE
  5
5B7
330
1FF
100
AcDbEntity
  8
0
  6
Continuous
 62
     7
100
AcDbSpline
210
0.0
220
0.0
230
1.0
 70
     8
 71
     3
 72
     9
 73
     5
 74
     0
 42
0.0000001
 43
0.0000000001
 40
0.0
 40
0.0
 40
0.0
 40
0.0
 40
0.2534500342
 40
1.0
 40
1.0
 40
1.0
 40
1.0
 10
102.8690677872
 20
35.8928917185
 30
0.0
 10
102.857127644
 20
35.89289513
 30
0.0
 10
102.8100406427
 20
35.8906278834
 30
0.0
 10
102.7633782762
 20
35.8801308788
 30
0.0
 10
102.7303544835
 20
35.868032154
 30
0.0
  0
SPLINE
  5
5B8
330
1FF
100
AcDbEntity
  8
0
  6
Continuous
 62
     7
100
AcDbSpline
210
0.0
220
0.0
230
1.0
 70
     8
 71
     3
 72
     9
 73
     5
 74
     0
 42
0.0000001
 43
0.0000000001
 40
0.0
 40
0.0
 40
0.0
 40
0.0
 40
0.2622857973999999
 40
1.0
 40
1.0
 40
1.0
 40
1.0
 10
102.7303544835
 20
35.868032154
 30
0.0
 10
102.7187268079
 20
35.8637721936
 30
0.0
 10
102.6751754527
 20
35.8454437818
 30
0.0
 10
102.6350630737
 20
35.8191614144
 30
0.0
 10
102.6086221578
 20
35.7964894573
 30
0.0
  0
SPLINE
  5
5B9
330
1FF
100
AcDbEntity
  8
0
  6
Continuous
 62
     7
100
AcDbSpline
210
0.0
220
0.0
230
1.0
 70
     8
 71
     3
 72
     9
 73
     5
 74
     0
 42
0.0000001
 43
0.0000000001
 40
0.0
 40
0.0
 40
0.0
 40
0.0
 40
0.256704148
 40
1.0
 40
1.0
 40
1.0
 40
1.0
 10
102.5198509738
 20
35.6879379387
 30
0.0
 10
102.5138257775
 20
35.6771298379
 30
0.0
 10
102.4922864929
 20
35.6339694774
 30
0.0
 10
102.4787114438
 20
35.5869012666
 30
0.0
 10
102.4733795618
 20
35.5514706093
 30
0.0
  0
SPLINE
  5
5BA
330
1FF
100
AcDbEntity
  8
0
  6
Continuous
 62
     7
100
AcDbSpline
210
0.0
220
0.0
230
1.0
 70
     8
 71
     3
 72
     9
 73
     5
 74
     0
 42
0.0000001
 43
0.0000000001
 40
0.0
 40
0.0
 40
0.0
 40
0.0
 40
0.2547384719
 40
1.0
 40
1.0
 40
1.0
 40
1.0
 10
109.4190675972
 20
35.89289171380001
 30
0.0
 10
109.4307441742
 20
35.8928918177
 30
0.0
 10
109.4765633557
 20
35.89087876550001
 30
0.0
 10
109.5220013752
 20
35.88086575150001
 30
0.0
 10
109.5541490372
 20
35.8693116569
 30
0.0
  0
SPLINE
  5
5BB
330
1FF
100
AcDbEntity
  8
0
  6
Continuous
 62
     7
100
AcDbSpline
210
0.0
220
0.0
230
1.0
 70
     8
 71
     3
 72
     9
 73
     5
 74
     0
 42
0.0000001
 43
0.0000000001
 40
0.0
 40
0.0
 40
0.0
 40
0.0
 40
0.2630851218
 40
1.0
 40
1.0
 40
1.0
 40
1.0
 10
109.5541490372
 20
35.8693116569
 30
0.0
 10
109.5670040615
 20
35.8646914713
 30
0.0
 10
109.6149421877
 20
35.8446514806
 30
0.0
 10
109.6589942057
 20
35.8153544864
 30
0.0
 10
109.6873691386
 20
35.7896856678
 30
0.0
  0
SPLINE
  5
5BC
330
1FF
100
AcDbEntity
  8
0
  6
Continuous
 62
     7
100
AcDbSpline
210
0.0
220
0.0
230
1.0
 70
     8
 71
     3
 72
     9
 73
     5
 74
     0
 42
0.0000001
 43
0.0000000001
 40
0.0
 40
0.0
 40
0.0
 40
0.0
 40
0.2580004128
 40
1.0
 40
1.0
 40
1.0
 40
1.0
 10
109.6873691386
 20
35.7896856678
 30
0.0
 10
109.6939864857
 20
35.7836994165
 30
0.0
 10
109.7188228833
 20
35.7596068967
 30
0.0
 10
109.7404172462
 20
35.7322309618
 30
0.0
 10
109.7544324216
 20
35.7107330108
 30
0.0
  0
SPLINE
  5
5BD
330
1FF
100
AcDbEntity
  8
0
  6
Continuous
 62
     7
100
AcDbSpline
210
0.0
220
0.0
230
1.0
 70
     8
 71
     3
 72
     8
 73
     4
 74
     0
 42
0.0000001
 43
0.0000000001
 40
0.0
 40
0.0
 40
0.0
 40
0.0
 40
1.0
 40
1.0
 40
1.0
 40
1.0
 10
109.7544324216
 20
35.7107330108
 30
0.0
 10
109.767612515
 20
35.69051599650001
 30
0.0
 10
109.7790719477
 20
35.6690491635
 30
0.0
 10
109.7883717968
 20
35.6467791088
 30
0.0
  0
SPLINE
  5
5BE
330
1FF
100
AcDbEntity
  8
0
  6
Continuous
 62
     7
100
AcDbSpline
210
0.0
220
0.0
230
1.0
 70
     8
 71
     3
 72
     8
 73
     4
 74
     0
 42
0.0000001
 43
0.0000000001
 40
0.0
 40
0.0
 40
0.0
 40
0.0
 40
1.0
 40
1.0
 40
1.0
 40
1.0
 10
109.7883717968
 20
35.6467791088
 30
0.0
 10
109.8010744285
 20
35.6163605183
 30
0.0
 10
109.8098485423
 20
35.58406767050001
 30
0.0
 10
109.8147561275
 20
35.5514706904
 30
0.0
  0
SPLINE
  5
5BF
330
1FF
100
AcDbEntity
  8
0
  6
Continuous
 62
     7
100
AcDbSpline
210
0.0
220
0.0
230
1.0
 70
     8
 71
     3
 72
    14
 73
    10
 74
     0
 42
0.0000001
 43
0.0000000001
 40
0.0
 40
0.0
 40
0.0
 40
0.0
 40
0.0044873542
 40
0.0764232035
 40
0.2202949022
 40
0.3641666009
 40
0.5080382996
 40
0.795781697
 40
1.0
 40
1.0
 40
1.0
 40
1.0
 10
127.2691236161
 20
194.9738896817
 30
0.0
 10
127.2705996253
 20
194.9737191358
 30
0.0
 10
127.2955648349
 20
194.970642204
 30
0.0
 10
127.3659683685
 20
194.9602124237
 30
0.0
 10
127.4421943058
 20
194.9044604297
 30
0.0
 10
127.5169758077
 20
194.8208684139
 30
0.0
 10
127.5942709793
 20
194.6869988954
 30
0.0
 10
127.6510796955
 20
194.5104998036
 30
0.0
 10
127.6697864829
 20
194.3486899553
 30
0.0
 10
127.6694339629
 20
194.2734031448
 30
0.0
  0
SPLINE
  5
5C0
330
1FF
100
AcDbEntity
  8
0
  6
Continuous
 62
     7
100
AcDbSpline
210
0.0
220
0.0
230
1.0
 70
     8
 71
     3
 72
    14
 73
    10
 74
     0
 42
0.0000001
 43
0.0000000001
 40
0.0
 40
0.0
 40
0.0
 40
0.0
 40
0.0044873542
 40
0.0764232035
 40
0.2202949022
 40
0.3641666009
 40
0.5080382996
 40
0.795781697
 40
1.0
 40
1.0
 40
1.0
 40
1.0
 10
59.3690115784
 20
194.9738896817
 30
0.0
 10
59.3675355692
 20
194.9737191358
 30
0.0
 10
59.3425703595
 20
194.970642204
 30
0.0
 10
59.2721668259
 20
194.9602124237
 30
0.0
 10
59.1959408886
 20
194.9044604297
 30
0.0
 10
59.1211593868
 20
194.8208684139
 30
0.0
 10
59.0438642151
 20
194.6869988954
 30
0.0
 10
58.9870554989
 20
194.5104998036
 30
0.0
 10
58.9683487116
 20
194.3486899553
 30
0.0
 10
58.9687012315
 20
194.2734031448
 30
0.0
  0
SPLINE
  5
5C1
330
1FF
100
AcDbEntity
  8
0
  6
Continuous
 62
     7
100
AcDbSpline
210
0.0
220
0.0
230
1.0
 70
     8
 71
     3
 72
    14
 73
    10
 74
     0
 42
0.0000001
 43
0.0000000001
 40
0.0
 40
0.0
 40
0.0
 40
0.0
 40
0.0044873542
 40
0.0764232035
 40
0.2202949022
 40
0.3641666009
 40
0.5080382996
 40
0.795781697
 40
1.0
 40
1.0
 40
1.0
 40
1.0
 10
127.2691236161
 20
3.839253166499999
 30
0.0
 10
127.2705996253
 20
3.839423712399999
 30
0.0
 10
127.2955648349
 20
3.8425006442
 30
0.0
 10
127.3659683685
 20
3.852930424499999
 30
0.0
 10
127.4421943058
 20
3.9086824185
 30
0.0
 10
127.5169758077
 20
3.9922744342
 30
0.0
 10
127.5942709793
 20
4.126143952699999
 30
0.0
 10
127.6510796955
 20
4.302643044599999
 30
0.0
 10
127.6697864829
 20
4.464452892899999
 30
0.0
 10
127.6694339629
 20
4.539739703299999
 30
0.0
  0
SPLINE
  5
5C2
330
1FF
100
AcDbEntity
  8
0
  6
Continuous
 62
     7
100
AcDbSpline
210
0.0
220
0.0
230
1.0
 70
     8
 71
     3
 72
    14
 73
    10
 74
     0
 42
0.0000001
 43
0.0000000001
 40
0.0
 40
0.0
 40
0.0
 40
0.0
 40
0.0044873542
 40
0.0764232035
 40
0.2202949022
 40
0.3641666009
 40
0.5080382996
 40
0.795781697
 40
1.0
 40
1.0
 40
1.0
 40
1.0
 10
59.3690115784
 20
3.839253166499999
 30
0.0
 10
59.3675355692
 20
3.839423712399999
 30
0.0
 10
59.3425703595
 20
3.8425006442
 30
0.0
 10
59.2721668259
 20
3.852930424499999
 30
0.0
 10
59.1959408886
 20
3.9086824185
 30
0.0
 10
59.1211593868
 20
3.9922744342
 30
0.0
 10
59.0438642151
 20
4.126143952699999
 30
0.0
 10
58.9870554989
 20
4.302643044599999
 30
0.0
 10
58.9683487116
 20
4.464452892899999
 30
0.0
 10
58.9687012315
 20
4.539739703299999
 30
0.0
  0
SPLINE
  5
5C3
330
1FF
100
AcDbEntity
  8
0
  6
Continuous
 62
     7
100
AcDbSpline
210
0.0
220
0.0
230
1.0
 70
     8
 71
     3
 72
    14
 73
    10
 74
     0
 42
0.0000001
 43
0.0000000001
 40
0.0
 40
0.0
 40
0.0
 40
0.0
 40
0.1250704723
 40
0.2491630223
 40
0.3734680493
 40
0.498635231
 40
0.6240112832
 40
0.7494277697000001
 40
1.0
 40
1.0
 40
1.0
 40
1.0
 10
77.7542918617
 20
12.2397432973
 30
0.0
 10
77.7769111901
 20
12.2397309068
 30
0.0
 10
77.8226159628
 20
12.2339471988
 30
0.0
 10
77.88164151720001
 20
12.1926438299
 30
0.0
 10
77.90154432129999
 20
12.1238568066
 30
0.0
 10
77.8922488468
 20
12.0559554645
 30
0.0
 10
77.86932287279999
 20
11.9916143505
 30
0.0
 10
77.82711289019999
 20
11.911180318
 30
0.0
 10
77.7861150241
 20
11.856192025
 30
0.0
 10
77.755687349
 20
11.8226099389
 30
0.0
  0
SPLINE
  5
5C4
330
1FF
100
AcDbEntity
  8
0
  6
Continuous
 62
     7
100
AcDbSpline
210
0.0
220
0.0
230
1.0
 70
     8
 71
     3
 72
    11
 73
     7
 74
     0
 42
0.0000001
 43
0.0000000001
 40
0.0
 40
0.0
 40
0.0
 40
0.0
 40
0.2488725536
 40
0.4987236232
 40
0.7492447304000001
 40
1.0
 40
1.0
 40
1.0
 40
1.0
 10
102.4733795618
 20
12.2397386351
 30
0.0
 10
102.4979686957
 20
12.2397520795
 30
0.0
 10
102.5480584834
 20
12.2257475595
 30
0.0
 10
102.6032189942
 20
12.1736908997
 30
0.0
 10
102.640335279
 20
12.1087707478
 30
0.0
 10
102.6568845805
 20
12.0618720032
 30
0.0
 10
102.663625569
 20
12.0380315475
 30
0.0
  0
SPLINE
  5
5C5
330
1FF
100
AcDbEntity
  8
0
  6
Continuous
 62
     7
100
AcDbSpline
210
0.0
220
0.0
230
1.0
 70
     8
 71
     3
 72
    11
 73
     7
 74
     0
 42
0.0000001
 43
0.0000000001
 40
0.0
 40
0.0
 40
0.0
 40
0.0
 40
0.2488703501
 40
0.4987217691
 40
0.7492435302000001
 40
1.0
 40
1.0
 40
1.0
 40
1.0
 10
109.8147561275
 20
12.2397388438
 30
0.0
 10
109.7901671623
 20
12.2397522508
 30
0.0
 10
109.7400776221
 20
12.2257475497
 30
0.0
 10
109.6849166119
 20
12.1736913184
 30
0.0
 10
109.6478008547
 20
12.1087704116
 30
0.0
 10
109.6312506363
 20
12.0618718115
 30
0.0
 10
109.624508915
 20
12.0380313885
 30
0.0
  0
SPLINE
  5
5C6
330
1FF
100
AcDbEntity
  8
0
  6
Continuous
 62
     7
100
AcDbSpline
210
0.0
220
0.0
230
1.0
 70
     8
 71
     3
 72
    11
 73
     7
 74
     0
 42
0.0000001
 43
0.0000000001
 40
0.0
 40
0.0
 40
0.0
 40
0.0
 40
0.2906828279
 40
0.5508332653
 40
0.7831932613000001
 40
1.0
 40
1.0
 40
1.0
 40
1.0
 10
109.4190675972
 20
12.5811593441
 30
0.0
 10
109.4739495295
 20
12.5811596703
 30
0.0
 10
109.5792138132
 20
12.5589249934
 30
0.0
 10
109.7039786684
 20
12.4736857512
 30
0.0
 10
109.7832834587
 20
12.3627451485
 30
0.0
 10
109.8086615017
 20
12.2802159338
 30
0.0
 10
109.8147561275
 20
12.2397383207
 30
0.0
  0
SPLINE
  5
5C7
330
1FF
100
AcDbEntity
  8
0
  6
Continuous
 62
     7
100
AcDbSpline
210
0.0
220
0.0
230
1.0
 70
     8
 71
     3
 72
     9
 73
     5
 74
     0
 42
0.0000001
 43
0.0000000001
 40
0.0
 40
0.0
 40
0.0
 40
0.0
 40
0.5280598574999999
 40
1.0
 40
1.0
 40
1.0
 40
1.0
 10
102.8690677872
 20
12.5811593488
 30
0.0
 10
102.8149323257
 20
12.5811665572
 30
0.0
 10
102.7112077575
 20
12.5598426748
 30
0.0
 10
102.6241690329
 20
12.5010824915
 30
0.0
 10
102.5895337699
 20
12.4673003092
 30
0.0
  0
SPLINE
  5
5C8
330
1FF
100
AcDbEntity
  8
0
  6
Continuous
 62
     7
100
AcDbSpline
210
0.0
220
0.0
230
1.0
 70
     8
 71
     3
 72
     9
 73
     5
 74
     0
 42
0.0000001
 43
0.0000000001
 40
0.0
 40
0.0
 40
0.0
 40
0.0
 40
0.5179556129999999
 40
1.0
 40
1.0
 40
1.0
 40
1.0
 10
102.5895337699
 20
12.4673003092
 30
0.0
 10
102.5575359759
 20
12.4360906339
 30
0.0
 10
102.5056472468
 20
12.3647421589
 30
0.0
 10
102.4795706006
 20
12.2808738438
 30
0.0
 10
102.4733795618
 20
12.2397382396
 30
0.0
  0
SPLINE
  5
5C9
330
1FF
100
AcDbEntity
  8
0
  6
Continuous
 62
     7
100
AcDbSpline
210
0.0
220
0.0
230
1.0
 70
     8
 71
     3
 72
     9
 73
     5
 74
     0
 42
0.0000001
 43
0.0000000001
 40
0.0
 40
0.0
 40
0.0
 40
0.0
 40
0.4765006692
 40
1.0
 40
1.0
 40
1.0
 40
1.0
 10
86.63384793590001
 20
12.239738043
 30
0.0
 10
86.50704644559999
 20
12.3462489516
 30
0.0
 10
86.2017154533
 20
12.5266090235
 30
0.0
 10
85.85101210300001
 20
12.5911462745
 30
0.0
 10
85.66907904770001
 20
12.5911638955
 30
0.0
  0
SPLINE
  5
5CA
330
1FF
100
AcDbEntity
  8
0
  6
Continuous
 62
     7
100
AcDbSpline
210
0.0
220
0.0
230
1.0
 70
     8
 71
     3
 72
    10
 73
     6
 74
     0
 42
0.0000001
 43
0.0000000001
 40
0.0
 40
0.0
 40
0.0
 40
0.0
 40
0.5228508223000001
 40
0.7682103609000001
 40
1.0
 40
1.0
 40
1.0
 40
1.0
 10
78.71906903750001
 20
12.5911638955
 30
0.0
 10
78.53707136060001
 20
12.592272237
 30
0.0
 10
78.26634184799999
 20
12.5406899231
 30
0.0
 10
77.9522795429
 20
12.3882957039
 30
0.0
 10
77.8164096262
 20
12.2912315293
 30
0.0
 10
77.7542918617
 20
12.2397400527
 30
0.0
  0
SPLINE
  5
5CB
330
1FF
100
AcDbEntity
  8
0
  6
Continuous
 62
     7
100
AcDbSpline
210
0.0
220
0.0
230
1.0
 70
     8
 71
     3
 72
    14
 73
    10
 74
     0
 42
0.0000001
 43
0.0000000001
 40
0.0
 40
0.0
 40
0.0
 40
0.0
 40
0.1250691665
 40
0.2491626702
 40
0.3734676502000001
 40
0.4986347451000001
 40
0.6240107504
 40
0.7494271841
 40
1.0
 40
1.0
 40
1.0
 40
1.0
 10
86.63384793590001
 20
12.2397381296
 30
0.0
 10
86.6112283634
 20
12.2397251747
 30
0.0
 10
86.5655197717
 20
12.2339571845
 30
0.0
 10
86.50649624020001
 20
12.1926438283
 30
0.0
 10
86.4865925067
 20
12.1238571598
 30
0.0
 10
86.49589225760001
 20
12.0559539216
 30
0.0
 10
86.5188240916
 20
11.9916135383
 30
0.0
 10
86.5610424693
 20
11.9111816722
 30
0.0
 10
86.6020391904
 20
11.8561916711
 30
0.0
 10
86.63246496479999
 20
11.8226064207
 30
0.0
  0
SPLINE
  5
5CC
330
1FF
100
AcDbEntity
  8
0
  6
Continuous
 62
     7
100
AcDbSpline
210
0.0
220
0.0
230
1.0
 70
     8
 71
     3
 72
    14
 73
    10
 74
     0
 42
0.0000001
 43
0.0000000001
 40
0.0
 40
0.0
 40
0.0
 40
0.0
 40
0.0044873542
 40
0.0764232035
 40
0.2202949022
 40
0.3641666009
 40
0.5080382996
 40
0.795781697
 40
1.0
 40
1.0
 40
1.0
 40
1.0
 10
13.1876451897
 20
35.9514143388
 30
0.0
 10
13.1878157356
 20
35.9499383295
 30
0.0
 10
13.1908926674
 20
35.9249731199
 30
0.0
 10
13.2013224477
 20
35.8545695863
 30
0.0
 10
13.2570744417
 20
35.778343649
 30
0.0
 10
13.3406664575
 20
35.7035621471
 30
0.0
 10
13.4745359759
 20
35.6262669755
 30
0.0
 10
13.6510350678
 20
35.5694582593
 30
0.0
 10
13.8128449161
 20
35.550751472
 30
0.0
 10
13.8881317265
 20
35.5511039919
 30
0.0
  0
SPLINE
  5
5CD
330
1FF
100
AcDbEntity
  8
0
  6
Continuous
 62
     7
100
AcDbSpline
210
0.0
220
0.0
230
1.0
 70
     8
 71
     3
 72
    14
 73
    10
 74
     0
 42
0.0000001
 43
0.0000000001
 40
0.0
 40
0.0
 40
0.0
 40
0.0
 40
0.0044873542
 40
0.0764232035
 40
0.2202949022
 40
0.3641666009
 40
0.5080382996
 40
0.795781697
 40
1.0
 40
1.0
 40
1.0
 40
1.0
 10
13.1876451897
 20
164.3015263764
 30
0.0
 10
13.1878157356
 20
164.3030023857
 30
0.0
 10
13.1908926674
 20
164.3279675953
 30
0.0
 10
13.2013224477
 20
164.3983711289
 30
0.0
 10
13.2570744417
 20
164.4745970662
 30
0.0
 10
13.3406664575
 20
164.5493785681
 30
0.0
 10
13.4745359759
 20
164.6266737397
 30
0.0
 10
13.6510350678
 20
164.6834824559
 30
0.0
 10
13.8128449161
 20
164.7021892432
 30
0.0
 10
13.8881317265
 20
164.7018367233
 30
0.0
  0
SPLINE
  5
5CE
330
1FF
100
AcDbEntity
  8
0
  6
Continuous
 62
     7
100
AcDbSpline
210
0.0
220
0.0
230
1.0
 70
     8
 71
     3
 72
    11
 73
     7
 74
     0
 42
0.0000001
 43
0.0000000001
 40
0.0
 40
0.0
 40
0.0
 40
0.0
 40
0.2501297759
 40
0.5001506247
 40
0.7501113279000001
 40
1.0
 40
1.0
 40
1.0
 40
1.0
 10
20.3381300111
 20
60.397485895
 30
0.0
 10
20.6637388312
 20
59.8009554642
 30
0.0
 10
21.1663275067
 20
58.52046081899999
 30
0.0
 10
21.4231954225
 20
56.47789990939999
 30
0.0
 10
21.1657466461
 20
54.4361081186
 30
0.0
 10
20.663423891
 20
53.1564381803
 30
0.0
 10
20.3381300111
 20
52.5604821639
 30
0.0
  0
SPLINE
  5
5CF
330
1FF
100
AcDbEntity
  8
0
  6
Continuous
 62
     7
100
AcDbSpline
210
0.0
220
0.0
230
1.0
 70
     8
 71
     3
 72
    14
 73
    10
 74
     0
 42
0.0000001
 43
0.0000000001
 40
0.0
 40
0.0
 40
0.0
 40
0.0
 40
0.0044873542
 40
0.0764232035
 40
0.2202949022
 40
0.3641666009
 40
0.5080382996
 40
0.795781697
 40
1.0
 40
1.0
 40
1.0
 40
1.0
 10
180.9987636372
 20
35.9514143388
 30
0.0
 10
180.9985930913
 20
35.9499383295
 30
0.0
 10
180.9955161595
 20
35.9249731199
 30
0.0
 10
180.9850863791
 20
35.8545695863
 30
0.0
 10
180.9293343851
 20
35.778343649
 30
0.0
 10
180.8457423694
 20
35.7035621471
 30
0.0
 10
180.7118728509
 20
35.6262669755
 30
0.0
 10
180.535373759
 20
35.5694582593
 30
0.0
 10
180.3735639108
 20
35.550751472
 30
0.0
 10
180.2982771003
 20
35.5511039919
 30
0.0
  0
SPLINE
  5
5D0
330
1FF
100
AcDbEntity
  8
0
  6
Continuous
 62
     7
100
AcDbSpline
210
0.0
220
0.0
230
1.0
 70
     8
 71
     3
 72
    14
 73
    10
 74
     0
 42
0.0000001
 43
0.0000000001
 40
0.0
 40
0.0
 40
0.0
 40
0.0
 40
0.0044873542
 40
0.0764232035
 40
0.2202949022
 40
0.3641666009
 40
0.5080382996
 40
0.795781697
 40
1.0
 40
1.0
 40
1.0
 40
1.0
 10
180.9987636372
 20
164.3015263764
 30
0.0
 10
180.9985930913
 20
164.3030023857
 30
0.0
 10
180.9955161595
 20
164.3279675953
 30
0.0
 10
180.9850863791
 20
164.3983711289
 30
0.0
 10
180.9293343851
 20
164.4745970662
 30
0.0
 10
180.8457423694
 20
164.5493785681
 30
0.0
 10
180.7118728509
 20
164.6266737397
 30
0.0
 10
180.535373759
 20
164.6834824559
 30
0.0
 10
180.3735639108
 20
164.7021892432
 30
0.0
 10
180.2982771003
 20
164.7018367233
 30
0.0
  0
ELLIPSE
  5
5D1
330
1FF
100
AcDbEntity
  8
0
  6
Continuous
 62
     7
100
AcDbEllipse
 10
112.8190675972
 20
167.6014703576
 30
0.0
 11
0.0
 21
3.0
 31
0.0
210
0.0
220
0.0
230
1.0
 40
1.0
 41
-3.4005141956
 42
-2.8826711116
  0
ELLIPSE
  5
5D2
330
1FF
100
AcDbEntity
  8
0
  6
Continuous
 62
     7
100
AcDbEllipse
 10
73.8190675972
 20
167.6014703576
 30
0.0
 11
3.0
 21
0.0
 31
0.0
210
0.0
220
0.0
230
1.0
 40
1.0
 41
-1.829717868799999
 42
-1.3118747848
  0
ELLIPSE
  5
5D3
330
1FF
100
AcDbEntity
  8
0
  6
Continuous
 62
     7
100
AcDbEllipse
 10
80.9940723142
 20
11.149741387
 30
0.0
 11
0.0
 21
0.5000007202000001
 31
0.0
210
0.0
220
0.0
230
1.0
 40
0.1510641434
 41
0.0
 42
0.2139584528
  0
ELLIPSE
  5
5D4
330
1FF
100
AcDbEntity
  8
0
  6
Continuous
 62
     7
100
AcDbEllipse
 10
79.7940705859
 20
11.149741387
 30
0.0
 11
0.0
 21
0.5000007202000001
 31
0.0
210
0.0
220
0.0
230
1.0
 40
0.1510641434
 41
-0.2139584527
 42
0.0
  0
ELLIPSE
  5
5D5
330
1FF
100
AcDbEntity
  8
0
  6
Continuous
 62
     7
100
AcDbEllipse
 10
80.72641304420001
 20
12.4020883995
 30
0.0
 11
0.0
 21
1.1000015843
 31
0.0
210
0.0
220
0.0
230
1.0
 40
0.1510641434
 41
-3.1415926536
 42
-2.927634200899999
  0
ELLIPSE
  5
5D6
330
1FF
100
AcDbEntity
  8
0
  6
Continuous
 62
     7
100
AcDbEllipse
 10
80.06172985600001
 20
12.4020883995
 30
0.0
 11
0.0
 21
1.1000015843
 31
0.0
210
0.0
220
0.0
230
1.0
 40
0.1510641434
 41
-3.3555511063
 42
-3.1415926536
  0
ELLIPSE
  5
5D7
330
1FF
100
AcDbEntity
  8
0
  6
Continuous
 62
     7
100
AcDbEllipse
 10
84.5940774994
 20
11.149741387
 30
0.0
 11
0.0
 21
0.5000007202000001
 31
0.0
210
0.0
220
0.0
230
1.0
 40
0.1510641434
 41
0.0
 42
0.2139584527
  0
ELLIPSE
  5
5D8
330
1FF
100
AcDbEntity
  8
0
  6
Continuous
 62
     7
100
AcDbEllipse
 10
83.39407577100001
 20
11.149741387
 30
0.0
 11
0.0
 21
0.5000007202000001
 31
0.0
210
0.0
220
0.0
230
1.0
 40
0.1510641434
 41
-0.2139584528
 42
0.0
  0
ELLIPSE
  5
5D9
330
1FF
100
AcDbEntity
  8
0
  6
Continuous
 62
     7
100
AcDbEllipse
 10
83.66173504109999
 20
12.4020883995
 30
0.0
 11
0.0
 21
1.1000015843
 31
0.0
210
0.0
220
0.0
230
1.0
 40
0.1510641434
 41
-3.3555511063
 42
-3.1415926536
  0
ELLIPSE
  5
5DA
330
1FF
100
AcDbEntity
  8
0
  6
Continuous
 62
     7
100
AcDbEllipse
 10
84.32641822929999
 20
12.4020883995
 30
0.0
 11
0.0
 21
1.1000015843
 31
0.0
210
0.0
220
0.0
230
1.0
 40
0.1510641434
 41
-3.1415926536
 42
-2.927634200899999
  0
LINE
  5
637
330
1FF
100
AcDbEntity
  8
0
100
AcDbLine
 10
73.05095302239999
 20
186.5734048603
 30
0.0
 11
74.587182172
 21
186.5734048603
 31
0.0
  0
LINE
  5
638
330
1FF
100
AcDbEntity
  8
0
100
AcDbLine
 10
112.0509530224
 20
186.5734048603
 30
0.0
 11
113.587182172
 21
186.5734048603
 31
0.0
  0
DIMENSION
  5
63E
330
1FF
100
AcDbEntity
  8
0
100
AcDbDimension
  2
*D2
 10
75.09110023295851
 20
188.1998535368091
 30
0.0
 11
57.49762896490318
 21
197.5795098813993
 31
0.0
 70
   163
 71
     5
 42
3.600000000000022
  3
STANDARD
100
AcDbDiametricDimension
 15
72.54703496144151
 25
190.7469561837908
 35
0.0
 40
0.0
1001
ACAD
1000
DSTYLE
1002
{
1070
    41
1040
3.0
1070
    43
1040
11.286
1070
    47
1040
0.0
1070
    48
1040
0.0
1070
    78
1070
     0
1070
    79
1070
     0
1070
   140
1040
3.0
1070
   141
1040
2.673
1070
   143
1040
0.0393700787
1070
   171
1070
     2
1070
   176
1070
     3
1070
   177
1070
     3
1070
   178
1070
     3
1070
   179
1070
     0
1070
   284
1070
     0
1070
   341
1005
0
1070
   343
1005
0
1070
   344
1005
0
1002
}
1001
ACAD_DSTYLE_DIMRADIAL_EXTENSION
1070
   387
1070
     1
1070
   388
1040
0.0
1070
   390
1040
0.0
  0
DIMENSION
  5
64B
330
1FF
100
AcDbEntity
  8
0
100
AcDbDimension
  2
*D3
 10
114.1584014561951
 20
188.2708306155444
 30
0.0
 11
95.44263573848187
 21
197.6903824137436
 31
0.0
 70
   163
 71
     5
 42
3.600000000000022
  3
STANDARD
100
AcDbDiametricDimension
 15
111.4797337382049
 25
190.6759791050555
 35
0.0
 40
0.0
1001
ACAD
1000
DSTYLE
1002
{
1070
    41
1040
3.0
1070
    43
1040
11.286
1070
    47
1040
0.0
1070
    48
1040
0.0
1070
    78
1070
     0
1070
    79
1070
     0
1070
   140
1040
3.0
1070
   141
1040
2.673
1070
   143
1040
0.0393700787
1070
   171
1070
     2
1070
   176
1070
     3
1070
   177
1070
     3
1070
   178
1070
     3
1070
   179
1070
     0
1070
   284
1070
     0
1070
   341
1005
0
1070
   343
1005
0
1070
   344
1005
0
1002
}
1001
ACAD_DSTYLE_DIMRADIAL_EXTENSION
1070
   387
1070
     1
1070
   388
1040
0.0
1070
   390
1040
0.0
  0
DIMENSION
  5
657
330
1FF
100
AcDbEntity
  8
0
100
AcDbDimension
  2
*D4
 10
65.84800264354185
 20
154.7489322675824
 30
0.0
 11
90.78825484510003
 21
178.2420932368769
 31
0.0
 70
   163
 71
     5
 42
1.599999999999994
  3
STANDARD
100
AcDbDiametricDimension
 15
66.79013255085815
 25
156.0421419326175
 35
0.0
 40
0.0
1001
ACAD
1000
DSTYLE
1002
{
1070
    41
1040
3.0
1070
    43
1040
11.286
1070
    47
1040
0.0
1070
    48
1040
0.0
1070
    78
1070
     0
1070
    79
1070
     0
1070
   140
1040
3.0
1070
   141
1040
2.673
1070
   143
1040
0.0393700787
1070
   171
1070
     2
1070
   176
1070
     3
1070
   177
1070
     3
1070
   178
1070
     3
1070
   179
1070
     0
1070
   284
1070
     0
1070
   341
1005
0
1070
   343
1005
0
1070
   344
1005
0
1002
}
1001
ACAD_DSTYLE_DIMRADIAL_EXTENSION
1070
   387
1070
     1
1070
   388
1040
0.0
1070
   390
1040
0.0
  0
DIMENSION
  5
663
330
1FF
100
AcDbEntity
  8
0
100
AcDbDimension
  2
*D5
 10
120.4489446661888
 20
154.6061500296771
 30
0.0
 11
109.604720697218
 21
172.9568595303754
 31
0.0
 70
   163
 71
     5
 42
1.600000000000022
  3
STANDARD
100
AcDbDiametricDimension
 15
120.1891905282111
 25
156.1849241705229
 35
0.0
 40
0.0
1001
ACAD
1000
DSTYLE
1002
{
1070
    41
1040
3.0
1070
    43
1040
11.286
1070
    47
1040
0.0
1070
    48
1040
0.0
1070
    78
1070
     0
1070
    79
1070
     0
1070
   140
1040
3.0
1070
   141
1040
2.673
1070
   143
1040
0.0393700787
1070
   171
1070
     2
1070
   176
1070
     3
1070
   177
1070
     3
1070
   178
1070
     3
1070
   179
1070
     0
1070
   284
1070
     0
1070
   341
1005
0
1070
   343
1005
0
1070
   344
1005
0
1002
}
1001
ACAD_DSTYLE_DIMRADIAL_EXTENSION
1070
   387
1070
     1
1070
   388
1040
0.0
1070
   390
1040
0.0
  0
DIMENSION
  5
66F
330
1FF
100
AcDbEntity
  8
0
100
AcDbDimension
  2
*D6
 10
120.6505559701269
 20
107.2998780854556
 30
0.0
 11
144.7410995316948
 21
117.9914604597644
 31
0.0
 70
   163
 71
     5
 42
1.599999999999965
  3
STANDARD
100
AcDbDiametricDimension
 15
121.987579224273
 25
108.1787232469444
 35
0.0
 40
0.0
1001
ACAD
1000
DSTYLE
1002
{
1070
    41
1040
3.0
1070
    43
1040
11.286
1070
    47
1040
0.0
1070
    48
1040
0.0
1070
    78
1070
     0
1070
    79
1070
     0
1070
   140
1040
3.0
1070
   141
1040
2.673
1070
   143
1040
0.0393700787
1070
   171
1070
     2
1070
   176
1070
     3
1070
   177
1070
     3
1070
   178
1070
     3
1070
   179
1070
     0
1070
   284
1070
     0
1070
   341
1005
0
1070
   343
1005
0
1070
   344
1005
0
1002
}
1001
ACAD_DSTYLE_DIMRADIAL_EXTENSION
1070
   387
1070
     1
1070
   388
1040
0.0
1070
   390
1040
0.0
  0
DIMENSION
  5
67B
330
1FF
100
AcDbEntity
  8
0
100
AcDbDimension
  2
*D7
 10
70.52001639383781
 20
106.5983978778971
 30
0.0
 11
48.96506836913729
 21
118.6633320955217
 31
0.0
 70
   163
 71
     5
 42
1.600000000000001
  3
STANDARD
100
AcDbDiametricDimension
 15
69.31811880056219
 25
107.6545428373029
 35
0.0
 40
0.0
1001
ACAD
1000
DSTYLE
1002
{
1070
    41
1040
3.0
1070
    43
1040
11.286
1070
    47
1040
0.0
1070
    48
1040
0.0
1070
    78
1070
     0
1070
    79
1070
     0
1070
   140
1040
3.0
1070
   141
1040
2.673
1070
   143
1040
0.0393700787
1070
   171
1070
     2
1070
   176
1070
     3
1070
   177
1070
     3
1070
   178
1070
     3
1070
   179
1070
     0
1070
   284
1070
     0
1070
   341
1005
0
1070
   343
1005
0
1070
   344
1005
0
1002
}
1001
ACAD_DSTYLE_DIMRADIAL_EXTENSION
1070
   387
1070
     1
1070
   388
1040
0.0
1070
   390
1040
0.0
  0
DIMENSION
  5
687
330
1FF
100
AcDbEntity
  8
0
100
AcDbDimension
  2
*D8
 10
112.9969465168038
 20
42.96073072856373
 30
0.0
 11
134.1486202271201
 21
34.35781848324226
 31
0.0
 70
   163
 71
     5
 42
1.600000000000008
  3
STANDARD
100
AcDbDiametricDimension
 15
114.3411886775962
 25
42.09296750443627
 35
0.0
 40
0.0
1001
ACAD
1000
DSTYLE
1002
{
1070
    41
1040
3.0
1070
    43
1040
11.286
1070
    47
1040
0.0
1070
    48
1040
0.0
1070
    78
1070
     0
1070
    79
1070
     0
1070
   140
1040
3.0
1070
   141
1040
2.673
1070
   143
1040
0.0393700787
1070
   171
1070
     2
1070
   176
1070
     3
1070
   177
1070
     3
1070
   178
1070
     3
1070
   179
1070
     0
1070
   284
1070
     0
1070
   341
1005
0
1070
   343
1005
0
1070
   344
1005
0
1002
}
1001
ACAD_DSTYLE_DIMRADIAL_EXTENSION
1070
   387
1070
     1
1070
   388
1040
0.0
1070
   390
1040
0.0
  0
DIMENSION
  5
693
330
1FF
100
AcDbEntity
  8
0
100
AcDbDimension
  2
*D9
 10
73.55508689899983
 20
43.07144197168454
 30
0.0
 11
54.94347922316169
 21
33.04735325327795
 31
0.0
 70
   163
 71
     5
 42
1.599999999999994
  3
STANDARD
100
AcDbDiametricDimension
 15
72.38304829540019
 25
41.98225626131547
 35
0.0
 40
0.0
1001
ACAD
1000
DSTYLE
1002
{
1070
    41
1040
3.0
1070
    43
1040
11.286
1070
    47
1040
0.0
1070
    48
1040
0.0
1070
    78
1070
     0
1070
    79
1070
     0
1070
   140
1040
3.0
1070
   141
1040
2.673
1070
   143
1040
0.0393700787
1070
   171
1070
     2
1070
   176
1070
     3
1070
   177
1070
     3
1070
   178
1070
     3
1070
   179
1070
     0
1070
   284
1070
     0
1070
   341
1005
0
1070
   343
1005
0
1070
   344
1005
0
1002
}
1001
ACAD_DSTYLE_DIMRADIAL_EXTENSION
1070
   387
1070
     1
1070
   388
1040
0.0
1070
   390
1040
0.0
  0
ENDSEC
  0
SECTION
  2
OBJECTS
  0
DICTIONARY
  5
C
330
0
100
AcDbDictionary
281
     1
  3
ACAD_CIP_PREVIOUS_PRODUCT_INFO
350
62F
  3
ACAD_COLOR
350
611
  3
ACAD_DETAILVIEWSTYLE
350
62A
  3
ACAD_GROUP
350
D
  3
ACAD_LAST_SAVED_VERSION_INFO
350
69F
  3
ACAD_LAYOUT
350
1A
  3
ACAD_MATERIAL
350
5DF
  3
ACAD_MLEADERSTYLE
350
626
  3
ACAD_MLINESTYLE
350
17
  3
ACAD_PLOTSETTINGS
350
19
  3
ACAD_PLOTSTYLENAME
350
E
  3
ACAD_SCALELIST
350
614
  3
ACAD_SECTIONVIEWSTYLE
350
628
  3
ACAD_TABLESTYLE
350
612
  3
ACAD_VISUALSTYLE
350
5F8
  3
ACDB_RECOMPOSE_DATA
350
6B5
  3
AcDbVariableDictionary
350
6A8
  3
DWGPROPS
350
6B6
  0
DICTIONARY
  5
6A0
330
10
100
AcDbDictionary
280
     1
281
     1
  3
ADSK_XREC_LAYER_RECONCILED
360
6A1
  0
DICTIONARY
  5
6A2
330
1FA
100
AcDbDictionary
280
     1
281
     1
  3
ADSK_XREC_LAYER_RECONCILED
360
6A3
  0
DICTIONARY
  5
6A4
330
1FB
100
AcDbDictionary
280
     1
281
     1
  3
ADSK_XREC_LAYER_RECONCILED
360
6A5
  0
DICTIONARY
  5
6A6
330
1FC
100
AcDbDictionary
280
     1
281
     1
  3
ADSK_XREC_LAYER_RECONCILED
360
6A7
  0
DICTIONARY
  5
6F4
330
645
100
AcDbDictionary
280
     1
281
     1
  3
ACAD_MTEXT_RT
360
6F5
  0
DICTIONARY
  5
6F6
330
651
100
AcDbDictionary
280
     1
281
     1
  3
ACAD_MTEXT_RT
360
6F7
  0
DICTIONARY
  5
6F8
330
65D
100
AcDbDictionary
280
     1
281
     1
  3
ACAD_MTEXT_RT
360
6F9
  0
DICTIONARY
  5
6FA
330
669
100
AcDbDictionary
280
     1
281
     1
  3
ACAD_MTEXT_RT
360
6FB
  0
DICTIONARY
  5
6FC
330
675
100
AcDbDictionary
280
     1
281
     1
  3
ACAD_MTEXT_RT
360
6FD
  0
DICTIONARY
  5
6FE
330
681
100
AcDbDictionary
280
     1
281
     1
  3
ACAD_MTEXT_RT
360
6FF
  0
DICTIONARY
  5
700
330
68D
100
AcDbDictionary
280
     1
281
     1
  3
ACAD_MTEXT_RT
360
701
  0
DICTIONARY
  5
702
330
699
100
AcDbDictionary
280
     1
281
     1
  3
ACAD_MTEXT_RT
360
703
  0
XRECORD
  5
62F
102
{ACAD_REACTORS
330
C
102
}
330
C
100
AcDbXrecord
280
     1
300
ACD
300
2025
300

  0
DICTIONARY
  5
611
102
{ACAD_REACTORS
330
C
102
}
330
C
100
AcDbDictionary
281
     1
  0
DICTIONARY
  5
62A
102
{ACAD_REACTORS
330
C
102
}
330
C
100
AcDbDictionary
281
     1
  3
Metric50
350
62B
  0
DICTIONARY
  5
D
102
{ACAD_REACTORS
330
C
102
}
330
C
100
AcDbDictionary
281
     1
  0
XRECORD
  5
69F
102
{ACAD_REACTORS
330
C
102
}
330
C
100
AcDbXrecord
280
     1
300
{B3477E16-0115-DC4C-BCA5-689F5565D082}
301
{821072A1-DCC4-C547-8FF3-FA578A2D1D3B}
302
{B3477E16-0115-DC4C-BCA5-689F5565D082}
303
E:\2026\H752\dxf\H752.dxf
  0
DICTIONARY
  5
1A
102
{ACAD_REACTORS
330
C
102
}
330
C
100
AcDbDictionary
281
     1
  3
Layout1
350
5DC
  3
Model
350
5DB
  0
DICTIONARY
  5
5DF
102
{ACAD_REACTORS
330
C
102
}
330
C
100
AcDbDictionary
281
     1
  3
ByBlock
350
5E8
  3
ByLayer
350
5E0
  3
Global
350
5F0
  0
DICTIONARY
  5
626
102
{ACAD_REACTORS
330
C
102
}
330
C
100
AcDbDictionary
281
     1
  3
Standard
350
627
  0
DICTIONARY
  5
17
102
{ACAD_REACTORS
330
C
102
}
330
C
100
AcDbDictionary
281
     1
  3
Standard
350
18
  0
DICTIONARY
  5
19
102
{ACAD_REACTORS
330
C
102
}
330
C
100
AcDbDictionary
281
     1
  0
ACDBDICTIONARYWDFLT
  5
E
102
{ACAD_REACTORS
330
C
102
}
330
C
100
AcDbDictionary
281
     1
  3
Normal
350
F
100
AcDbDictionaryWithDefault
340
F
  0
DICTIONARY
  5
614
102
{ACAD_REACTORS
330
C
102
}
330
C
100
AcDbDictionary
281
     1
  3
A0
350
615
  3
A1
350
616
  3
A2
350
617
  3
A3
350
618
  3
A4
350
619
  3
A5
350
61A
  3
A6
350
61B
  3
A7
350
61C
  3
A8
350
61D
  3
A9
350
61E
  3
B0
350
61F
  3
B1
350
620
  3
B2
350
621
  3
B3
350
622
  3
B4
350
623
  3
B5
350
624
  3
B6
350
625
  0
DICTIONARY
  5
628
102
{ACAD_REACTORS
330
C
102
}
330
C
100
AcDbDictionary
281
     1
  3
Metric50
350
629
  0
DICTIONARY
  5
612
102
{ACAD_REACTORS
330
C
102
}
330
C
100
AcDbDictionary
281
     1
  3
Standard
350
613
  0
DICTIONARY
  5
5F8
102
{ACAD_REACTORS
330
C
102
}
330
C
100
AcDbDictionary
281
     1
  3
2dWireframe
350
5FE
  3
Basic
350
5FD
  3
Brighten
350
604
  3
ColorChange
350
608
  3
Conceptual
350
601
  3
Dim
350
603
  3
EdgeColorOff
350
610
  3
Facepattern
350
607
  3
Flat
350
5F9
  3
FlatWithEdges
350
5FA
  3
Gouraud
350
5FB
  3
GouraudWithEdges
350
5FC
  3
Hidden
350
600
  3
JitterOff
350
60E
  3
Linepattern
350
606
  3
OverhangOff
350
60F
  3
Realistic
350
602
  3
Shaded
350
60D
  3
Shaded with edges
350
60C
  3
Shades of Gray
350
609
  3
Sketchy
350
60A
  3
Thicken
350
605
  3
Wireframe
350
5FF
  3
X-Ray
350
60B
  0
XRECORD
  5
6B5
102
{ACAD_REACTORS
330
C
102
}
330
C
100
AcDbXrecord
280
     1
 90
        1
330
613
  0
DICTIONARY
  5
6A8
102
{ACAD_REACTORS
330
C
102
}
330
C
100
AcDbDictionary
281
     1
  3
CANNOSCALE
350
6AD
  3
CMLEADERSTYLE
350
6AA
  3
CTABLESTYLE
350
6A9
  3
CVIEWDETAILSTYLE
350
6AB
  3
CVIEWSECTIONSTYLE
350
6AC
  3
DIMASSOC
350
6B0
  3
INDEXCTL
350
6AF
  3
SORTENTS
350
6AE
  3
XCLIPFRAME
350
6B1
  0
XRECORD
  5
6B6
102
{ACAD_REACTORS
330
C
102
}
330
C
100
AcDbXrecord
280
     1
  1
DWGPROPS COOKIE
  2

  3

  4

  6

  7

  8
HR
  9

300
=
301
=
302
=
303
=
304
=
305
=
306
=
307
=
308
=
309
=
 40
0.0022337962962963
 41
2461273.671168981
 42
2461273.673402778
  1

 90
        0
  0
XRECORD
  5
6A1
102
{ACAD_REACTORS
330
6A0
102
}
330
6A0
100
AcDbXrecord
280
     1
290
     1
  0
XRECORD
  5
6A3
102
{ACAD_REACTORS
330
6A2
102
}
330
6A2
100
AcDbXrecord
280
     1
290
     1
  0
XRECORD
  5
6A5
102
{ACAD_REACTORS
330
6A4
102
}
330
6A4
100
AcDbXrecord
280
     1
290
     1
  0
XRECORD
  5
6A7
102
{ACAD_REACTORS
330
6A6
102
}
330
6A6
100
AcDbXrecord
280
     1
290
     1
  0
XRECORD
  5
6F5
102
{ACAD_REACTORS
330
6F4
102
}
330
6F4
100
AcDbXrecord
280
     1
 40
6475.0
  1
\A1;\U+22053.60
  0
XRECORD
  5
6F7
102
{ACAD_REACTORS
330
6F6
102
}
330
6F6
100
AcDbXrecord
280
     1
 40
6475.0
  1
\A1;\U+22053.60
  0
XRECORD
  5
6F9
102
{ACAD_REACTORS
330
6F8
102
}
330
6F8
100
AcDbXrecord
280
     1
 40
6451.0
  1
\A1;\U+22051.60
  0
XRECORD
  5
6FB
102
{ACAD_REACTORS
330
6FA
102
}
330
6FA
100
AcDbXrecord
280
     1
 40
6451.0
  1
\A1;\U+22051.60
  0
XRECORD
  5
6FD
102
{ACAD_REACTORS
330
6FC
102
}
330
6FC
100
AcDbXrecord
280
     1
 40
6451.0
  1
\A1;\U+22051.60
  0
XRECORD
  5
6FF
102
{ACAD_REACTORS
330
6FE
102
}
330
6FE
100
AcDbXrecord
280
     1
 40
6451.0
  1
\A1;\U+22051.60
  0
XRECORD
  5
701
102
{ACAD_REACTORS
330
700
102
}
330
700
100
AcDbXrecord
280
     1
 40
6451.0
  1
\A1;\U+22051.60
  0
XRECORD
  5
703
102
{ACAD_REACTORS
330
702
102
}
330
702
100
AcDbXrecord
280
     1
 40
6451.0
  1
\A1;\U+22051.60
  0
ACDBDETAILVIEWSTYLE
  5
62B
102
{ACAD_XDICTIONARY
360
6F2
102
}
102
{ACAD_REACTORS
330
62A
102
}
330
62A
100
AcDbModelDocViewStyle
 70
     0
  3
Metric50
290
     0
100
AcDbDetailViewStyle
 70
     0
 71
     0
 90
        3
 71
     1
340
11
 40
5.0
340
0
 40
5.0
300

 40
0.0
280
     1
 71
     2
340
16
 90
       25
 71
     3
340
11
 40
5.0
 90
        0
 40
15.0
 90
        1
300
%<\AcVar ViewDetailId>% (%<\AcVar ViewScale \f "%sn">%)
 71
     4
340
16
 90
       25
340
16
 90
       25
280
     0
  0
LAYOUT
  5
5DC
102
{ACAD_XDICTIONARY
360
6B9
102
}
102
{ACAD_REACTORS
330
1A
102
}
330
1A
100
AcDbPlotSettings
  1

  2
none_device
  4
ISO_A4_(297.00_x_210.00_MM)
  6

 40
0.0
 41
0.0
 42
0.0
 43
0.0
 44
297.0
 45
210.0
 46
0.0
 47
0.0
 48
0.0
 49
0.0
140
0.0
141
0.0
142
1.0
143
1.0
 70
     0
 72
     1
 73
     0
 74
     0
  7

 75
     0
147
1.0
148
0.0
149
0.0
100
AcDbLayout
  1
Layout1
 70
     1
 71
     1
 10
0.0
 20
0.0
 11
12.0
 21
9.0
 12
0.0
 22
0.0
 32
0.0
 14
1.000000000000000E+20
 24
1.000000000000000E+20
 34
1.000000000000000E+20
 15
-1.000000000000000E+20
 25
-1.000000000000000E+20
 35
-1.000000000000000E+20
146
0.0
 13
0.0
 23
0.0
 33
0.0
 16
1.0
 26
0.0
 36
0.0
 17
0.0
 27
1.0
 37
0.0
 76
     0
330
200
  0
LAYOUT
  5
5DB
102
{ACAD_XDICTIONARY
360
6B7
102
}
102
{ACAD_REACTORS
330
1A
102
}
330
1A
100
AcDbPlotSettings
  1

  2
none_device
  4
ISO_A4_(297.00_x_210.00_MM)
  6

 40
0.0
 41
0.0
 42
0.0
 43
0.0
 44
297.0
 45
210.0
 46
0.0
 47
0.0
 48
0.0
 49
0.0
140
0.0
141
0.0
142
1.0
143
1.0
 70
  1024
 72
     1
 73
     0
 74
     0
  7

 75
     0
147
1.0
148
0.0
149
0.0
100
AcDbLayout
  1
Model
 70
     0
 71
     0
 10
0.0
 20
0.0
 11
297.0
 21
210.0
 12
0.0
 22
0.0
 32
0.0
 14
0.0
 24
0.0
 34
0.0
 15
0.0
 25
0.0
 35
0.0
146
0.0
 13
0.0
 23
0.0
 33
0.0
 16
1.0
 26
0.0
 36
0.0
 17
0.0
 27
1.0
 37
0.0
 76
     0
330
1FF
331
1F4
  0
MATERIAL
  5
5E8
102
{ACAD_XDICTIONARY
360
5E9
102
}
102
{ACAD_REACTORS
330
5DF
102
}
330
5DF
100
AcDbMaterial
  1
ByBlock
 72
     0
 43
0.0008202099737533
 43
0.0
 43
0.0
 43
0.0
 43
0.0
 43
0.0008202099737533
 43
0.0
 43
0.0
 43
0.0
 43
0.0
 43
1.0
 43
0.0
 43
0.0
 43
0.0
 43
0.0
 43
1.0
 77
     0
 47
0.0008202099737533
 47
0.0
 47
0.0
 47
0.0
 47
0.0
 47
0.0008202099737533
 47
0.0
 47
0.0
 47
0.0
 47
0.0
 47
1.0
 47
0.0
 47
0.0
 47
0.0
 47
0.0
 47
1.0
171
     0
 49
0.0008202099737533
 49
0.0
 49
0.0
 49
0.0
 49
0.0
 49
0.0008202099737533
 49
0.0
 49
0.0
 49
0.0
 49
0.0
 49
1.0
 49
0.0
 49
0.0
 49
0.0
 49
0.0
 49
1.0
175
     0
142
0.0008202099737533
142
0.0
142
0.0
142
0.0
142
0.0
142
0.0008202099737533
142
0.0
142
0.0
142
0.0
142
0.0
142
1.0
142
0.0
142
0.0
142
0.0
142
0.0
142
1.0
179
     0
144
0.0008202099737533
144
0.0
144
0.0
144
0.0
144
0.0
144
0.0008202099737533
144
0.0
144
0.0
144
0.0
144
0.0
144
1.0
144
0.0
144
0.0
144
0.0
144
0.0
144
1.0
147
0.0008202099737533
147
0.0
147
0.0
147
0.0
147
0.0
147
0.0008202099737533
147
0.0
147
0.0
147
0.0
147
0.0
147
1.0
147
0.0
147
0.0
147
0.0
147
0.0
147
1.0
  0
MATERIAL
  5
5E0
102
{ACAD_XDICTIONARY
360
5E1
102
}
102
{ACAD_REACTORS
330
5DF
102
}
330
5DF
100
AcDbMaterial
  1
ByLayer
 72
     0
 43
0.0008202099737533
 43
0.0
 43
0.0
 43
0.0
 43
0.0
 43
0.0008202099737533
 43
0.0
 43
0.0
 43
0.0
 43
0.0
 43
1.0
 43
0.0
 43
0.0
 43
0.0
 43
0.0
 43
1.0
 77
     0
 47
0.0008202099737533
 47
0.0
 47
0.0
 47
0.0
 47
0.0
 47
0.0008202099737533
 47
0.0
 47
0.0
 47
0.0
 47
0.0
 47
1.0
 47
0.0
 47
0.0
 47
0.0
 47
0.0
 47
1.0
171
     0
 49
0.0008202099737533
 49
0.0
 49
0.0
 49
0.0
 49
0.0
 49
0.0008202099737533
 49
0.0
 49
0.0
 49
0.0
 49
0.0
 49
1.0
 49
0.0
 49
0.0
 49
0.0
 49
0.0
 49
1.0
175
     0
142
0.0008202099737533
142
0.0
142
0.0
142
0.0
142
0.0
142
0.0008202099737533
142
0.0
142
0.0
142
0.0
142
0.0
142
1.0
142
0.0
142
0.0
142
0.0
142
0.0
142
1.0
179
     0
144
0.0008202099737533
144
0.0
144
0.0
144
0.0
144
0.0
144
0.0008202099737533
144
0.0
144
0.0
144
0.0
144
0.0
144
1.0
144
0.0
144
0.0
144
0.0
144
0.0
144
1.0
147
0.0008202099737533
147
0.0
147
0.0
147
0.0
147
0.0
147
0.0008202099737533
147
0.0
147
0.0
147
0.0
147
0.0
147
1.0
147
0.0
147
0.0
147
0.0
147
0.0
147
1.0
  0
MATERIAL
  5
5F0
102
{ACAD_XDICTIONARY
360
5F1
102
}
102
{ACAD_REACTORS
330
5DF
102
}
330
5DF
100
AcDbMaterial
  1
Global
 72
     0
 43
0.0008202099737533
 43
0.0
 43
0.0
 43
0.0
 43
0.0
 43
0.0008202099737533
 43
0.0
 43
0.0
 43
0.0
 43
0.0
 43
1.0
 43
0.0
 43
0.0
 43
0.0
 43
0.0
 43
1.0
 77
     0
 47
0.0008202099737533
 47
0.0
 47
0.0
 47
0.0
 47
0.0
 47
0.0008202099737533
 47
0.0
 47
0.0
 47
0.0
 47
0.0
 47
1.0
 47
0.0
 47
0.0
 47
0.0
 47
0.0
 47
1.0
171
     0
 49
0.0008202099737533
 49
0.0
 49
0.0
 49
0.0
 49
0.0
 49
0.0008202099737533
 49
0.0
 49
0.0
 49
0.0
 49
0.0
 49
1.0
 49
0.0
 49
0.0
 49
0.0
 49
0.0
 49
1.0
175
     0
142
0.0008202099737533
142
0.0
142
0.0
142
0.0
142
0.0
142
0.0008202099737533
142
0.0
142
0.0
142
0.0
142
0.0
142
1.0
142
0.0
142
0.0
142
0.0
142
0.0
142
1.0
179
     0
144
0.0008202099737533
144
0.0
144
0.0
144
0.0
144
0.0
144
0.0008202099737533
144
0.0
144
0.0
144
0.0
144
0.0
144
1.0
144
0.0
144
0.0
144
0.0
144
0.0
144
1.0
147
0.0008202099737533
147
0.0
147
0.0
147
0.0
147
0.0
147
0.0008202099737533
147
0.0
147
0.0
147
0.0
147
0.0
147
1.0
147
0.0
147
0.0
147
0.0
147
0.0
147
1.0
  0
MLEADERSTYLE
  5
627
102
{ACAD_REACTORS
330
626
102
}
330
626
100
AcDbMLeaderStyle
170
     2
171
     1
172
     0
 90
        2
 40
0.0
 41
0.0
173
     1
 91
-1056964608
340
14
 92
       -2
290
     1
 42
2.0
291
     1
 43
0.36
  3
Standard
 44
4.0
300

342
11
174
     1
178
     6
175
     1
176
     0
 93
-1056964608
 45
4.0
292
     0
297
     0
 46
4.0
 94
-1056964608
 47
1.0
 49
1.0
140
1.0
293
     1
141
0.0
294
     1
177
     0
142
1.0
295
     0
296
     0
143
0.125
1001
ACAD_MLEADERVER
1070
     2
  0
MLINESTYLE
  5
18
102
{ACAD_REACTORS
330
17
102
}
330
17
100
AcDbMlineStyle
  2
STANDARD
 70
     0
  3

 62
   256
 51
90.0
 52
90.0
 71
     2
 49
0.5
 62
   256
  6
BYLAYER
 49
-0.5
 62
   256
  6
BYLAYER
  0
ACDBPLACEHOLDER
  5
F
102
{ACAD_REACTORS
330
E
102
}
330
E
  0
SCALE
  5
615
102
{ACAD_REACTORS
330
614
102
}
330
614
100
AcDbScale
 70
     0
300
1:1
140
1.0
141
1.0
290
     1
  0
SCALE
  5
616
102
{ACAD_REACTORS
330
614
102
}
330
614
100
AcDbScale
 70
     0
300
1:2
140
1.0
141
2.0
290
     0
  0
SCALE
  5
617
102
{ACAD_REACTORS
330
614
102
}
330
614
100
AcDbScale
 70
     0
300
1:4
140
1.0
141
4.0
290
     0
  0
SCALE
  5
618
102
{ACAD_REACTORS
330
614
102
}
330
614
100
AcDbScale
 70
     0
300
1:5
140
1.0
141
5.0
290
     0
  0
SCALE
  5
619
102
{ACAD_REACTORS
330
614
102
}
330
614
100
AcDbScale
 70
     0
300
1:8
140
1.0
141
8.0
290
     0
  0
SCALE
  5
61A
102
{ACAD_REACTORS
330
614
102
}
330
614
100
AcDbScale
 70
     0
300
1:10
140
1.0
141
10.0
290
     0
  0
SCALE
  5
61B
102
{ACAD_REACTORS
330
614
102
}
330
614
100
AcDbScale
 70
     0
300
1:16
140
1.0
141
16.0
290
     0
  0
SCALE
  5
61C
102
{ACAD_REACTORS
330
614
102
}
330
614
100
AcDbScale
 70
     0
300
1:20
140
1.0
141
20.0
290
     0
  0
SCALE
  5
61D
102
{ACAD_REACTORS
330
614
102
}
330
614
100
AcDbScale
 70
     0
300
1:30
140
1.0
141
30.0
290
     0
  0
SCALE
  5
61E
102
{ACAD_REACTORS
330
614
102
}
330
614
100
AcDbScale
 70
     0
300
1:40
140
1.0
141
40.0
290
     0
  0
SCALE
  5
61F
102
{ACAD_REACTORS
330
614
102
}
330
614
100
AcDbScale
 70
     0
300
1:50
140
1.0
141
50.0
290
     0
  0
SCALE
  5
620
102
{ACAD_REACTORS
330
614
102
}
330
614
100
AcDbScale
 70
     0
300
1:100
140
1.0
141
100.0
290
     0
  0
SCALE
  5
621
102
{ACAD_REACTORS
330
614
102
}
330
614
100
AcDbScale
 70
     0
300
2:1
140
2.0
141
1.0
290
     0
  0
SCALE
  5
622
102
{ACAD_REACTORS
330
614
102
}
330
614
100
AcDbScale
 70
     0
300
4:1
140
4.0
141
1.0
290
     0
  0
SCALE
  5
623
102
{ACAD_REACTORS
330
614
102
}
330
614
100
AcDbScale
 70
     0
300
8:1
140
8.0
141
1.0
290
     0
  0
SCALE
  5
624
102
{ACAD_REACTORS
330
614
102
}
330
614
100
AcDbScale
 70
     0
300
10:1
140
10.0
141
1.0
290
     0
  0
SCALE
  5
625
102
{ACAD_REACTORS
330
614
102
}
330
614
100
AcDbScale
 70
     0
300
100:1
140
100.0
141
1.0
290
     0
  0
ACDBSECTIONVIEWSTYLE
  5
629
102
{ACAD_XDICTIONARY
360
6F0
102
}
102
{ACAD_REACTORS
330
628
102
}
330
628
100
AcDbModelDocViewStyle
 70
     0
  3
Metric50
290
     0
100
AcDbSectionViewStyle
 70
     0
 71
     0
 90
      102
 71
     1
340
11
 40
5.0
340
0
340
0
 40
5.0
300
I, O, Q, S, X, Z
 40
10.0
 90
        0
 40
2.5
 90
        0
 71
     2
340
16
 90
       25
340
16
 90
       50
 40
5.0
 40
2.5
 40
5.0
 71
     3
340
11
 40
5.0
 90
        0
 40
15.0
 90
        1
300
%<\AcVar ViewSectionStartId>%-%<\AcVar ViewSectionEndId>% (%<\AcVar ViewScale \f "%sn">%)
 71
     4
300
ANSI31
 40
1.0
 90
        0
290
     0
290
     0
 90
        6
 40
0.0
 40
1.570796326794896
 40
0.2617993877991494
 40
1.308996938995747
 40
-0.2617993877991494
 40
1.832595714594046
  0
TABLESTYLE
  5
613
102
{ACAD_XDICTIONARY
360
6B3
102
}
102
{ACAD_REACTORS
330
612
102
}
330
612
100
AcDbTableStyle
  3
Standard
 70
     0
 71
     0
 40
1.5
 41
1.5
280
     0
281
     0
  7
STANDARD
140
4.5
170
     2
 62
     0
 63
     7
283
     0
274
    -2
284
     1
 64
     0
275
    -2
285
     1
 65
     0
276
    -2
286
     1
 66
     0
277
    -2
287
     1
 67
     0
278
    -2
288
     1
 68
     0
279
    -2
289
     1
 69
     0
  7
STANDARD
140
6.0
170
     5
 62
     0
 63
     7
283
     0
274
    -2
284
     1
 64
     0
275
    -2
285
     1
 65
     0
276
    -2
286
     1
 66
     0
277
    -2
287
     1
 67
     0
278
    -2
288
     1
 68
     0
279
    -2
289
     1
 69
     0
  7
STANDARD
140
4.5
170
     5
 62
     0
 63
     7
283
     0
274
    -2
284
     1
 64
     0
275
    -2
285
     1
 65
     0
276
    -2
286
     1
 66
     0
277
    -2
287
     1
 67
     0
278
    -2
288
     1
 68
     0
279
    -2
289
     1
 69
     0
  0
VISUALSTYLE
  5
5FE
102
{ACAD_XDICTIONARY
360
6C8
102
}
102
{ACAD_REACTORS
330
5F8
102
}
330
5F8
100
AcDbVisualStyle
  2
2dWireframe
 70
     4
 71
     0
 72
     2
 73
     0
 90
        0
 40
-0.6
 41
-30.0
 62
     5
 63
     7
 74
     1
 91
        4
 64
     7
 65
   257
 75
     1
175
     1
 42
1.0
 92
        0
 66
   257
 43
1.0
 76
     1
 77
     6
 78
     2
 67
     7
 79
     5
170
     0
171
     0
290
     0
174
     0
 93
        1
 44
0.0
173
     0
291
     0
 45
0.0
1001
ACAD
1000
AcDbSavedByObjectVersion
1070
     0
  0
VISUALSTYLE
  5
5FD
102
{ACAD_XDICTIONARY
360
6C6
102
}
102
{ACAD_REACTORS
330
5F8
102
}
330
5F8
100
AcDbVisualStyle
  2
Basic
 70
     7
 71
     1
 72
     0
 73
     1
 90
        0
 40
-0.6
 41
-30.0
 62
     5
 63
     7
 74
     0
 91
        4
 64
     7
 65
   257
 75
     1
175
     1
 42
1.0
 92
        8
 66
     7
 43
1.0
 76
     1
 77
     6
 78
     2
 67
     7
 79
     5
170
     0
171
     0
290
     0
174
     0
 93
        1
 44
0.0
173
     0
291
     1
 45
0.0
1001
ACAD
1000
AcDbSavedByObjectVersion
1070
     0
  0
VISUALSTYLE
  5
604
102
{ACAD_XDICTIONARY
360
6D4
102
}
102
{ACAD_REACTORS
330
5F8
102
}
330
5F8
100
AcDbVisualStyle
  2
Brighten
 70
    12
 71
     2
 72
     2
 73
     0
 90
        0
 40
-0.6
 41
-30.0
 62
     5
 63
     7
 74
     1
 91
        4
 64
     7
 65
   257
 75
     1
175
     1
 42
1.0
 92
        8
 66
     7
 43
1.0
 76
     1
 77
     6
 78
     2
 67
     7
 79
     5
170
     0
171
     0
290
     0
174
     0
 93
        1
 44
50.0
173
     0
291
     1
 45
0.0
1001
ACAD
1000
AcDbSavedByObjectVersion
1070
     0
  0
VISUALSTYLE
  5
608
102
{ACAD_XDICTIONARY
360
6DC
102
}
102
{ACAD_REACTORS
330
5F8
102
}
330
5F8
100
AcDbVisualStyle
  2
ColorChange
 70
    16
 71
     2
 72
     2
 73
     3
 90
        0
 40
-0.6
 41
-30.0
 62
     5
 63
     8
 74
     1
 91
        4
 64
     7
 65
   257
 75
     1
175
     1
 42
1.0
 92
        8
 66
     8
 43
1.0
 76
     1
 77
     6
 78
     2
 67
     7
 79
     5
170
     0
171
     0
290
     0
174
     0
 93
        1
 44
0.0
173
     0
291
     1
 45
0.0
1001
ACAD
1000
AcDbSavedByObjectVersion
1070
     0
  0
VISUALSTYLE
  5
601
102
{ACAD_XDICTIONARY
360
6CE
102
}
102
{ACAD_REACTORS
330
5F8
102
}
330
5F8
100
AcDbVisualStyle
  2
Conceptual
 70
     9
 71
     3
 72
     2
 73
     0
 90
        0
 40
-0.6
 41
-30.0
 62
     5
 63
     7
 74
     2
 91
        2
 64
     7
 65
   257
 75
     1
175
     1
 42
179.0
 92
        8
 66
     7
 43
1.0
 76
     1
 77
     6
 78
     2
 67
     7
 79
     3
170
     0
171
     0
290
     0
174
     0
 93
        1
 44
0.0
173
     0
291
     0
 45
0.0
1001
ACAD
1000
AcDbSavedByObjectVersion
1070
     0
  0
VISUALSTYLE
  5
603
102
{ACAD_XDICTIONARY
360
6D2
102
}
102
{ACAD_REACTORS
330
5F8
102
}
330
5F8
100
AcDbVisualStyle
  2
Dim
 70
    11
 71
     2
 72
     2
 73
     0
 90
        0
 40
-0.6
 41
-30.0
 62
     5
 63
     7
 74
     1
 91
        4
 64
     7
 65
   257
 75
     1
175
     1
 42
1.0
 92
        8
 66
     7
 43
1.0
 76
     1
 77
     6
 78
     2
 67
     7
 79
     5
170
     0
171
     0
290
     0
174
     0
 93
        1
 44
-50.0
173
     0
291
     1
 45
0.0
1001
ACAD
1000
AcDbSavedByObjectVersion
1070
     0
  0
VISUALSTYLE
  5
610
102
{ACAD_XDICTIONARY
360
6EC
102
}
102
{ACAD_REACTORS
330
5F8
102
}
330
5F8
100
AcDbVisualStyle
  2
EdgeColorOff
 70
    22
 71
     2
 72
     2
 73
     0
 90
        0
 40
-0.6
 41
-30.0
 62
     5
 63
     7
 74
     1
 91
        4
 64
     7
 65
   257
 75
     1
175
     1
 42
1.0
 92
        8
 66
     7
 43
1.0
 76
     1
 77
     6
 78
     2
 67
     7
 79
     5
170
     0
171
     0
290
     0
174
     0
 93
        1
 44
0.0
173
     0
291
     1
 45
0.0
1001
ACAD
1000
AcDbSavedByObjectVersion
1070
     0
  0
VISUALSTYLE
  5
607
102
{ACAD_XDICTIONARY
360
6DA
102
}
102
{ACAD_REACTORS
330
5F8
102
}
330
5F8
100
AcDbVisualStyle
  2
Facepattern
 70
    15
 71
     2
 72
     2
 73
     0
 90
        0
 40
-0.6
 41
-30.0
 62
     5
 63
     7
 74
     1
 91
        4
 64
     7
 65
   257
 75
     1
175
     1
 42
1.0
 92
        8
 66
     7
 43
1.0
 76
     1
 77
     6
 78
     2
 67
     7
 79
     5
170
     0
171
     0
290
     0
174
     0
 93
        1
 44
0.0
173
     0
291
     1
 45
0.0
1001
ACAD
1000
AcDbSavedByObjectVersion
1070
     0
  0
VISUALSTYLE
  5
5F9
102
{ACAD_XDICTIONARY
360
6BE
102
}
102
{ACAD_REACTORS
330
5F8
102
}
330
5F8
100
AcDbVisualStyle
  2
Flat
 70
     0
 71
     2
 72
     1
 73
     1
 90
        2
 40
-0.6
 41
30.0
 62
     5
 63
     7
 74
     0
 91
        0
 64
     7
 65
   257
 75
     1
175
     1
 42
1.0
 92
        8
 66
     7
 43
1.0
 76
     1
 77
     6
 78
     2
 67
     7
 79
     5
170
     0
171
     0
290
     0
174
     0
 93
       13
 44
0.0
173
     0
291
     1
 45
0.0
1001
ACAD
1000
AcDbSavedByObjectVersion
1070
     0
  0
VISUALSTYLE
  5
5FA
102
{ACAD_XDICTIONARY
360
6C0
102
}
102
{ACAD_REACTORS
330
5F8
102
}
330
5F8
100
AcDbVisualStyle
  2
FlatWithEdges
 70
     1
 71
     2
 72
     1
 73
     1
 90
        2
 40
-0.6
 41
30.0
 62
     5
 63
     7
 74
     1
 91
        0
 64
     7
 65
   257
 75
     1
175
     1
 42
1.0
 92
        0
 66
   257
 43
1.0
 76
     1
 77
     6
 78
     2
 67
     7
 79
     5
170
     0
171
     0
290
     0
174
     0
 93
       13
 44
0.0
173
     0
291
     1
 45
0.0
1001
ACAD
1000
AcDbSavedByObjectVersion
1070
     0
  0
VISUALSTYLE
  5
5FB
102
{ACAD_XDICTIONARY
360
6C2
102
}
102
{ACAD_REACTORS
330
5F8
102
}
330
5F8
100
AcDbVisualStyle
  2
Gouraud
 70
     2
 71
     2
 72
     2
 73
     1
 90
        2
 40
-0.6
 41
30.0
 62
     5
 63
     7
 74
     0
 91
        0
 64
     7
 65
   257
 75
     1
175
     1
 42
1.0
 92
        0
 66
     7
 43
1.0
 76
     1
 77
     6
 78
     2
 67
     7
 79
     5
170
     0
171
     0
290
     0
174
     0
 93
       13
 44
0.0
173
     0
291
     1
 45
0.0
1001
ACAD
1000
AcDbSavedByObjectVersion
1070
     0
  0
VISUALSTYLE
  5
5FC
102
{ACAD_XDICTIONARY
360
6C4
102
}
102
{ACAD_REACTORS
330
5F8
102
}
330
5F8
100
AcDbVisualStyle
  2
GouraudWithEdges
 70
     3
 71
     2
 72
     2
 73
     1
 90
        2
 40
-0.6
 41
30.0
 62
     5
 63
     7
 74
     1
 91
        0
 64
     7
 65
   257
 75
     1
175
     1
 42
1.0
 92
        0
 66
   257
 43
1.0
 76
     1
 77
     6
 78
     2
 67
     7
 79
     5
170
     0
171
     0
290
     0
174
     0
 93
       13
 44
0.0
173
     0
291
     1
 45
0.0
1001
ACAD
1000
AcDbSavedByObjectVersion
1070
     0
  0
VISUALSTYLE
  5
600
102
{ACAD_XDICTIONARY
360
6CC
102
}
102
{ACAD_REACTORS
330
5F8
102
}
330
5F8
100
AcDbVisualStyle
  2
Hidden
 70
     6
 71
     1
 72
     2
 73
     2
 90
        0
 40
-0.6
 41
-30.0
 62
     5
 63
     7
 74
     2
 91
        2
 64
     7
 65
   257
 75
     2
175
     1
 42
40.0
 92
        0
 66
   257
 43
1.0
 76
     1
 77
     6
 78
     2
 67
     7
 79
     3
170
     0
171
     0
290
     0
174
     0
 93
        1
 44
0.0
173
     0
291
     0
 45
0.0
1001
ACAD
1000
AcDbSavedByObjectVersion
1070
     0
  0
VISUALSTYLE
  5
60E
102
{ACAD_XDICTIONARY
360
6E8
102
}
102
{ACAD_REACTORS
330
5F8
102
}
330
5F8
100
AcDbVisualStyle
  2
JitterOff
 70
    20
 71
     2
 72
     2
 73
     0
 90
        0
 40
-0.6
 41
-30.0
 62
     5
 63
     7
 74
     1
 91
        4
 64
     7
 65
   257
 75
     1
175
     1
 42
1.0
 92
       10
 66
     7
 43
1.0
 76
     1
 77
     6
 78
     2
 67
     7
 79
     5
170
     0
171
     0
290
     0
174
     0
 93
        1
 44
0.0
173
     0
291
     1
 45
0.0
1001
ACAD
1000
AcDbSavedByObjectVersion
1070
     0
  0
VISUALSTYLE
  5
606
102
{ACAD_XDICTIONARY
360
6D8
102
}
102
{ACAD_REACTORS
330
5F8
102
}
330
5F8
100
AcDbVisualStyle
  2
Linepattern
 70
    14
 71
     2
 72
     2
 73
     0
 90
        0
 40
-0.6
 41
-30.0
 62
     5
 63
     7
 74
     1
 91
        4
 64
     7
 65
   257
 75
     7
175
     7
 42
1.0
 92
        8
 66
     7
 43
1.0
 76
     1
 77
     6
 78
     2
 67
     7
 79
     5
170
     0
171
     0
290
     0
174
     0
 93
        1
 44
0.0
173
     0
291
     1
 45
0.0
1001
ACAD
1000
AcDbSavedByObjectVersion
1070
     0
  0
VISUALSTYLE
  5
60F
102
{ACAD_XDICTIONARY
360
6EA
102
}
102
{ACAD_REACTORS
330
5F8
102
}
330
5F8
100
AcDbVisualStyle
  2
OverhangOff
 70
    21
 71
     2
 72
     2
 73
     0
 90
        0
 40
-0.6
 41
-30.0
 62
     5
 63
     7
 74
     1
 91
        4
 64
     7
 65
   257
 75
     1
175
     1
 42
1.0
 92
        9
 66
     7
 43
1.0
 76
     1
 77
     6
 78
     2
 67
     7
 79
     5
170
     0
171
     0
290
     0
174
     0
 93
        1
 44
0.0
173
     0
291
     1
 45
0.0
1001
ACAD
1000
AcDbSavedByObjectVersion
1070
     0
  0
VISUALSTYLE
  5
602
102
{ACAD_XDICTIONARY
360
6D0
102
}
102
{ACAD_REACTORS
330
5F8
102
}
330
5F8
100
AcDbVisualStyle
  2
Realistic
 70
     8
 71
     2
 72
     3
 73
     0
 90
        2
 40
-0.6
 41
30.0
 62
     5
 63
     7
 74
     0
 91
        0
 64
     7
 65
   257
 75
     1
175
     1
 42
1.0
 92
        8
 66
   257
 43
1.0
 76
     1
 77
     6
 78
     2
 67
     7
 79
     3
170
     0
171
     0
290
     0
174
     0
 93
       13
 44
0.0
173
     0
291
     0
 45
0.0
1001
ACAD
1000
AcDbSavedByObjectVersion
1070
     0
  0
VISUALSTYLE
  5
60D
102
{ACAD_XDICTIONARY
360
6E6
102
}
102
{ACAD_REACTORS
330
5F8
102
}
330
5F8
100
AcDbVisualStyle
  2
Shaded
 70
    27
 71
     2
 72
     2
 73
     1
 90
        2
 40
-0.6
 41
30.0
 62
     5
 63
     7
 74
     0
 91
        4
 64
     7
 65
   257
 75
     1
175
     1
 42
1.0
 92
        8
 66
   257
 43
1.0
 76
     1
 77
     6
 78
     2
 67
     8
 79
     3
170
     0
171
     0
290
     0
174
     0
 93
        5
 44
0.0
173
     0
291
     0
 45
0.0
1001
ACAD
1000
AcDbSavedByObjectVersion
1070
     0
  0
VISUALSTYLE
  5
60C
102
{ACAD_XDICTIONARY
360
6E4
102
}
102
{ACAD_REACTORS
330
5F8
102
}
330
5F8
100
AcDbVisualStyle
  2
Shaded with edges
 70
    26
 71
     2
 72
     2
 73
     1
 90
        2
 40
-0.6
 41
30.0
 62
     5
 63
     7
 74
     1
 91
        2
 64
     7
 65
   257
 75
     2
175
     1
 42
1.0
 92
        8
 66
   257
 43
1.0
 76
     1
 77
     6
 78
     2
 67
     7
 79
     3
170
     0
171
     0
290
     0
174
     0
 93
        5
 44
0.0
173
     0
291
     0
 45
0.0
1001
ACAD
1000
AcDbSavedByObjectVersion
1070
     0
  0
VISUALSTYLE
  5
609
102
{ACAD_XDICTIONARY
360
6DE
102
}
102
{ACAD_REACTORS
330
5F8
102
}
330
5F8
100
AcDbVisualStyle
  2
Shades of Gray
 70
    23
 71
     2
 72
     2
 73
     3
 90
        0
 40
-0.6
 41
-30.0
 62
     5
 63
     7
 74
     2
 91
        2
 64
     7
 65
     7
 75
     1
175
     1
 42
40.0
 92
        8
 66
     7
 43
1.0
 76
     1
 77
     6
 78
     2
 67
     7
 79
     3
170
     0
171
     0
290
     0
174
     0
 93
        1
 44
0.0
173
     0
291
     0
 45
0.0
1001
ACAD
1000
AcDbSavedByObjectVersion
1070
     0
  0
VISUALSTYLE
  5
60A
102
{ACAD_XDICTIONARY
360
6E0
102
}
102
{ACAD_REACTORS
330
5F8
102
}
330
5F8
100
AcDbVisualStyle
  2
Sketchy
 70
    24
 71
     1
 72
     2
 73
     2
 90
        0
 40
-0.6
 41
-30.0
 62
     5
 63
     7
 74
     2
 91
        2
 64
     7
 65
     7
 75
     1
175
     1
 42
40.0
 92
       11
 66
     7
 43
1.0
 76
     1
 77
     6
 78
     2
 67
     7
 79
     6
170
     0
171
     0
290
     0
174
     0
 93
        1
 44
0.0
173
     0
291
     0
 45
0.0
1001
ACAD
1000
AcDbSavedByObjectVersion
1070
     0
  0
VISUALSTYLE
  5
605
102
{ACAD_XDICTIONARY
360
6D6
102
}
102
{ACAD_REACTORS
330
5F8
102
}
330
5F8
100
AcDbVisualStyle
  2
Thicken
 70
    13
 71
     2
 72
     2
 73
     0
 90
        0
 40
-0.6
 41
-30.0
 62
     5
 63
     7
 74
     1
 91
        4
 64
     7
 65
   257
 75
     1
175
     1
 42
1.0
 92
       12
 66
     7
 43
1.0
 76
     1
 77
     6
 78
     2
 67
     7
 79
     5
170
     0
171
     0
290
     0
174
     0
 93
        1
 44
0.0
173
     0
291
     1
 45
0.0
1001
ACAD
1000
AcDbSavedByObjectVersion
1070
     0
  0
VISUALSTYLE
  5
5FF
102
{ACAD_XDICTIONARY
360
6CA
102
}
102
{ACAD_REACTORS
330
5F8
102
}
330
5F8
100
AcDbVisualStyle
  2
Wireframe
 70
     5
 71
     0
 72
     2
 73
     0
 90
        0
 40
-0.6
 41
-30.0
 62
     5
 63
     7
 74
     1
 91
        4
 64
     7
 65
   257
 75
     1
175
     1
 42
1.0
 92
        0
 66
   257
 43
1.0
 76
     1
 77
     6
 78
     2
 67
     7
 79
     3
170
     0
171
     0
290
     0
174
     0
 93
        1
 44
0.0
173
     0
291
     0
 45
0.0
1001
ACAD
1000
AcDbSavedByObjectVersion
1070
     0
  0
VISUALSTYLE
  5
60B
102
{ACAD_XDICTIONARY
360
6E2
102
}
102
{ACAD_REACTORS
330
5F8
102
}
330
5F8
100
AcDbVisualStyle
  2
X-Ray
 70
    25
 71
     2
 72
     2
 73
     1
 90
        1
 40
0.5
 41
-30.0
 62
     5
 63
     7
 74
     1
 91
        0
 64
     7
 65
   257
 75
     1
175
     1
 42
1.0
 92
        8
 66
     7
 43
1.0
 76
     1
 77
     6
 78
     2
 67
     7
 79
     3
170
     0
171
     0
290
     0
174
     0
 93
       13
 44
0.0
173
     0
291
     0
 45
0.0
1001
ACAD
1000
AcDbSavedByObjectVersion
1070
     0
  0
DICTIONARYVAR
  5
6AD
102
{ACAD_REACTORS
330
6A8
102
}
330
6A8
100
DictionaryVariables
280
     0
  1
1:1
  0
DICTIONARYVAR
  5
6AA
102
{ACAD_REACTORS
330
6A8
102
}
330
6A8
100
DictionaryVariables
280
     0
  1
STANDARD
  0
DICTIONARYVAR
  5
6A9
102
{ACAD_REACTORS
330
6A8
102
}
330
6A8
100
DictionaryVariables
280
     0
  1
STANDARD
  0
DICTIONARYVAR
  5
6AB
102
{ACAD_REACTORS
330
6A8
102
}
330
6A8
100
DictionaryVariables
280
     0
  1
Metric50
  0
DICTIONARYVAR
  5
6AC
102
{ACAD_REACTORS
330
6A8
102
}
330
6A8
100
DictionaryVariables
280
     0
  1
Metric50
  0
DICTIONARYVAR
  5
6B0
102
{ACAD_REACTORS
330
6A8
102
}
330
6A8
100
DictionaryVariables
280
     0
  1
1
  0
DICTIONARYVAR
  5
6AF
102
{ACAD_REACTORS
330
6A8
102
}
330
6A8
100
DictionaryVariables
280
     0
  1
0
  0
DICTIONARYVAR
  5
6AE
102
{ACAD_REACTORS
330
6A8
102
}
330
6A8
100
DictionaryVariables
280
     0
  1
127
  0
DICTIONARYVAR
  5
6B1
102
{ACAD_REACTORS
330
6A8
102
}
330
6A8
100
DictionaryVariables
280
     0
  1
2
  0
DICTIONARY
  5
6F2
330
62B
100
AcDbDictionary
280
     1
281
     1
  3
ACAD_XREC_ROUNDTRIP
360
6F3
  0
DICTIONARY
  5
6B9
330
5DC
100
AcDbDictionary
280
     1
281
     1
  3
ACAD_XREC_ROUNDTRIP
360
6BA
  0
DICTIONARY
  5
6B7
330
5DB
100
AcDbDictionary
280
     1
281
     1
  3
ACAD_XREC_ROUNDTRIP
360
6B8
  0
DICTIONARY
  5
5E9
330
5E8
100
AcDbDictionary
280
     1
281
     1
  3
ACAD_XREC_ROUNDTRIP
360
6BC
  3
BUMPTILE
360
5EB
  3
DIFFUSETILE
360
5EA
  3
OPACITYTILE
360
5EE
  3
REFLECTIONTILE
360
5ED
  3
REFRACTIONTILE
360
5EF
  3
SPECULARTILE
360
5EC
  0
DICTIONARY
  5
5E1
330
5E0
100
AcDbDictionary
280
     1
281
     1
  3
ACAD_XREC_ROUNDTRIP
360
6BB
  3
BUMPTILE
360
5E3
  3
DIFFUSETILE
360
5E2
  3
OPACITYTILE
360
5E6
  3
REFLECTIONTILE
360
5E5
  3
REFRACTIONTILE
360
5E7
  3
SPECULARTILE
360
5E4
  0
DICTIONARY
  5
5F1
330
5F0
100
AcDbDictionary
280
     1
281
     1
  3
ACAD_XREC_ROUNDTRIP
360
6BD
  3
BUMPTILE
360
5F3
  3
DIFFUSETILE
360
5F2
  3
FBXASSET
360
639
  3
OPACITYTILE
360
5F6
  3
REFLECTIONTILE
360
5F5
  3
REFRACTIONTILE
360
5F7
  3
SPECULARTILE
360
5F4
  0
DICTIONARY
  5
6F0
330
629
100
AcDbDictionary
280
     1
281
     1
  3
ACAD_XREC_ROUNDTRIP
360
6F1
  0
DICTIONARY
  5
6B3
330
613
100
AcDbDictionary
280
     1
281
     1
  3
ACAD_ROUNDTRIP_2008_TABLESTYLE_CELLSTYLEMAP
360
6B4
  3
ACAD_XREC_ROUNDTRIP
360
6EE
  0
DICTIONARY
  5
6C8
330
5FE
100
AcDbDictionary
280
     1
281
     1
  3
ACAD_XREC_ROUNDTRIP
360
6C9
  0
DICTIONARY
  5
6C6
330
5FD
100
AcDbDictionary
280
     1
281
     1
  3
ACAD_XREC_ROUNDTRIP
360
6C7
  0
DICTIONARY
  5
6D4
330
604
100
AcDbDictionary
280
     1
281
     1
  3
ACAD_XREC_ROUNDTRIP
360
6D5
  0
DICTIONARY
  5
6DC
330
608
100
AcDbDictionary
280
     1
281
     1
  3
ACAD_XREC_ROUNDTRIP
360
6DD
  0
DICTIONARY
  5
6CE
330
601
100
AcDbDictionary
280
     1
281
     1
  3
ACAD_XREC_ROUNDTRIP
360
6CF
  0
DICTIONARY
  5
6D2
330
603
100
AcDbDictionary
280
     1
281
     1
  3
ACAD_XREC_ROUNDTRIP
360
6D3
  0
DICTIONARY
  5
6EC
330
610
100
AcDbDictionary
280
     1
281
     1
  3
ACAD_XREC_ROUNDTRIP
360
6ED
  0
DICTIONARY
  5
6DA
330
607
100
AcDbDictionary
280
     1
281
     1
  3
ACAD_XREC_ROUNDTRIP
360
6DB
  0
DICTIONARY
  5
6BE
330
5F9
100
AcDbDictionary
280
     1
281
     1
  3
ACAD_XREC_ROUNDTRIP
360
6BF
  0
DICTIONARY
  5
6C0
330
5FA
100
AcDbDictionary
280
     1
281
     1
  3
ACAD_XREC_ROUNDTRIP
360
6C1
  0
DICTIONARY
  5
6C2
330
5FB
100
AcDbDictionary
280
     1
281
     1
  3
ACAD_XREC_ROUNDTRIP
360
6C3
  0
DICTIONARY
  5
6C4
330
5FC
100
AcDbDictionary
280
     1
281
     1
  3
ACAD_XREC_ROUNDTRIP
360
6C5
  0
DICTIONARY
  5
6CC
330
600
100
AcDbDictionary
280
     1
281
     1
  3
ACAD_XREC_ROUNDTRIP
360
6CD
  0
DICTIONARY
  5
6E8
330
60E
100
AcDbDictionary
280
     1
281
     1
  3
ACAD_XREC_ROUNDTRIP
360
6E9
  0
DICTIONARY
  5
6D8
330
606
100
AcDbDictionary
280
     1
281
     1
  3
ACAD_XREC_ROUNDTRIP
360
6D9
  0
DICTIONARY
  5
6EA
330
60F
100
AcDbDictionary
280
     1
281
     1
  3
ACAD_XREC_ROUNDTRIP
360
6EB
  0
DICTIONARY
  5
6D0
330
602
100
AcDbDictionary
280
     1
281
     1
  3
ACAD_XREC_ROUNDTRIP
360
6D1
  0
DICTIONARY
  5
6E6
330
60D
100
AcDbDictionary
280
     1
281
     1
  3
ACAD_XREC_ROUNDTRIP
360
6E7
  0
DICTIONARY
  5
6E4
330
60C
100
AcDbDictionary
280
     1
281
     1
  3
ACAD_XREC_ROUNDTRIP
360
6E5
  0
DICTIONARY
  5
6DE
330
609
100
AcDbDictionary
280
     1
281
     1
  3
ACAD_XREC_ROUNDTRIP
360
6DF
  0
DICTIONARY
  5
6E0
330
60A
100
AcDbDictionary
280
     1
281
     1
  3
ACAD_XREC_ROUNDTRIP
360
6E1
  0
DICTIONARY
  5
6D6
330
605
100
AcDbDictionary
280
     1
281
     1
  3
ACAD_XREC_ROUNDTRIP
360
6D7
  0
DICTIONARY
  5
6CA
330
5FF
100
AcDbDictionary
280
     1
281
     1
  3
ACAD_XREC_ROUNDTRIP
360
6CB
  0
DICTIONARY
  5
6E2
330
60B
100
AcDbDictionary
280
     1
281
     1
  3
ACAD_XREC_ROUNDTRIP
360
6E3
  0
XRECORD
  5
6F3
102
{ACAD_REACTORS
330
6F2
102
}
330
6F2
100
AcDbXrecord
280
     1
102
DISPLAYNAME
  1
Metric50
102
FLAGS
 90
        0
  0
XRECORD
  5
6BA
102
{ACAD_REACTORS
330
6B9
102
}
330
6B9
100
AcDbXrecord
280
     1
102
SHADEPLOT
 70
     0
102
SHADEPLOTRESLEVEL
 70
     2
102
SHADEPLOTCUSTOMDPI
 70
   300
  0
XRECORD
  5
6B8
102
{ACAD_REACTORS
330
6B7
102
}
330
6B7
100
AcDbXrecord
280
     1
102
SHADEPLOT
 70
     0
102
SHADEPLOTRESLEVEL
 70
     2
102
SHADEPLOTCUSTOMDPI
 70
   300
  0
XRECORD
  5
6BC
102
{ACAD_REACTORS
330
5E9
102
}
330
5E9
100
AcDbXrecord
280
     1
102
MATERIAL
148
0.0
149
0.0
149
0.0
 93
        0
 94
      127
282
     0
 72
     0
 77
     0
171
     0
175
     0
179
     0
273
     0
  0
XRECORD
  5
5EB
102
{ACAD_REACTORS
330
5E9
102
}
330
5E9
100
AcDbXrecord
280
     1
270
     1
271
     1
  0
XRECORD
  5
5EA
102
{ACAD_REACTORS
330
5E9
102
}
330
5E9
100
AcDbXrecord
280
     1
270
     1
271
     1
  0
XRECORD
  5
5EE
102
{ACAD_REACTORS
330
5E9
102
}
330
5E9
100
AcDbXrecord
280
     1
270
     1
271
     1
  0
XRECORD
  5
5ED
102
{ACAD_REACTORS
330
5E9
102
}
330
5E9
100
AcDbXrecord
280
     1
270
     1
271
     1
  0
XRECORD
  5
5EF
102
{ACAD_REACTORS
330
5E9
102
}
330
5E9
100
AcDbXrecord
280
     1
270
     1
271
     1
  0
XRECORD
  5
5EC
102
{ACAD_REACTORS
330
5E9
102
}
330
5E9
100
AcDbXrecord
280
     1
270
     1
271
     1
  0
XRECORD
  5
6BB
102
{ACAD_REACTORS
330
5E1
102
}
330
5E1
100
AcDbXrecord
280
     1
102
MATERIAL
148
0.0
149
0.0
149
0.0
 93
        0
 94
      127
282
     0
 72
     0
 77
     0
171
     0
175
     0
179
     0
273
     0
  0
XRECORD
  5
5E3
102
{ACAD_REACTORS
330
5E1
102
}
330
5E1
100
AcDbXrecord
280
     1
270
     1
271
     1
  0
XRECORD
  5
5E2
102
{ACAD_REACTORS
330
5E1
102
}
330
5E1
100
AcDbXrecord
280
     1
270
     1
271
     1
  0
XRECORD
  5
5E6
102
{ACAD_REACTORS
330
5E1
102
}
330
5E1
100
AcDbXrecord
280
     1
270
     1
271
     1
  0
XRECORD
  5
5E5
102
{ACAD_REACTORS
330
5E1
102
}
330
5E1
100
AcDbXrecord
280
     1
270
     1
271
     1
  0
XRECORD
  5
5E7
102
{ACAD_REACTORS
330
5E1
102
}
330
5E1
100
AcDbXrecord
280
     1
270
     1
271
     1
  0
XRECORD
  5
5E4
102
{ACAD_REACTORS
330
5E1
102
}
330
5E1
100
AcDbXrecord
280
     1
270
     1
271
     1
  0
XRECORD
  5
6BD
102
{ACAD_REACTORS
330
5F1
102
}
330
5F1
100
AcDbXrecord
280
     1
102
MATERIAL
148
0.0
149
0.0
149
0.0
 93
        0
 94
      127
282
     0
 72
     0
 77
     0
171
     0
175
     0
179
     0
273
     0
  0
XRECORD
  5
5F3
102
{ACAD_REACTORS
330
5F1
102
}
330
5F1
100
AcDbXrecord
280
     1
270
     1
271
     1
  0
XRECORD
  5
5F2
102
{ACAD_REACTORS
330
5F1
102
}
330
5F1
100
AcDbXrecord
280
     1
270
     1
271
     1
  0
XRECORD
  5
639
102
{ACAD_REACTORS
330
5F1
102
}
330
5F1
100
AcDbXrecord
280
     1
 70
     1
 90
-1506045146
 71
     1
  1
66A04FDD-A82C-47E5-9D3E-216C3BB05C3A
311
504B03041400060808000B81145DB5FC1F0D21010000A80100004F00000043463535344541342D394341392D343539422D393037382D3733303543323244303031382F4173736574446174612F446566696E6974696F6E4974657261746F7250726F706572746965732E62696E5D903B4EC43010860D058F8202890E0A8A2D
311
684C5E76622321E43809150D1C007983D98DE44D56EB4448346CB947E0081C812370144E018CB54E83A5DFDF8CED99F9E50D42E8D72F08D10E680DFB11F056B77AD5D40FF55C2F14DA7327A69B2A3381A8CCB34C1619C78CB00A139A32CC254D304F699947221539A1BBF06E1F54E8673598DEB5BC6B6CAD8D51ADEE067B0C
311
077EC6F942F5304B994B57748890C31A84C60BEB3ACDB68E9CC917907A5A5EDD286B757F1DC88A52520A02360407433CC73CCC18CE9290CA382EC23062C1BDB6DDB0AAB50DD25484A42A0A2C582C31C94A8A799194388E5299E439D42422E8E783FB9A136763DAAAC60461E02D3C2EDBD9CF1B42EFA7AF13C78F7FFCF4F9C8
311
2F9F8FFCF6F9C883B36D9F91173E1FF907504B03041400060808000B81145D8D7F1FF915010000300200004500000043463535344541342D394341392D343539422D393037382D3733303543323244303031382F4173736574446174612F496E7374616E636550726F706572746965732E62696EEB606060F80F0540260323
311
103700495E20ED9E9A975A94991C9C9C919A9BA802143033733430717371D175B43072D635317735D5B5743176D5353234733676723230753676644768046931363471713532B5D435353131D635313332D475727372D13534373670367376B67474B5042A03DBCBA019D37FE8ABC6157B20CD04146B0062181F4C03F940F0
311
C11E2409D1C1C020E0C02000E242808A038C8583FE600F9580337028045AC300B4871928DD805002D3F5006A0C0F420A89050A4F840C4C0F9202283365A703A620B208C40D2011909126C85248EC0FF62C401E28E6F88038B83CB1243943D7A928312F25350524730688D9809803EA957FF50C0CAC403E148880E86A2006A9
311
03451F0CC442FD0F520F0300504B03041400060808000B81145DB5A795FFE3790000DE7900006B00000043463535344541342D394341392D343539422D393037382D3733303543323244303031382F5265736F75726365732F36364130344644442D413832432D343745352D394433452D3231364333424230354333412F74
311
68756D626E61696C2F302F67656E657269635F706E6701DE79218689504E470D0A1A0A0000000D49484452000001000000010008030000006BAC58540000000467414D410000B18F0BFC6105000000017352474200AECE1CE900000192504C5445818181B3B3B35A5A5A4848486060605C5C5C6464648383835E5E5E626262
311
4E4E4EAFAFAF4A4A4AB5B5B54C4C4CB1B1B1858585B7B7B7585858ADADAD7C7C7C464646787878ABABAB747474A7A7A7686868707070B9B9B96E6E6E6A6A6A8B8B8B666666545454565656A5A5A5505050A1A1A1BBBBBB8F8F8F9F9F9F4242425252527676764040403E3E3E9B9B9B7A7A7A8989897E7E7E93939397979744
311
44448787873C3C3C727272BDBDBD3A3A3A6C6C6CA9A9A9A3A3A32020209D9D9DBFBFBF8D8D8D9595959191912626269999992222222424241E1E1EC1C1C1282828C3C3C32C2C2C2A2A2A2E2E2E303030C5C5C53232321C1C1C363636383838343434C7C7C71A1A1A0E0E0E121212484A484C4E4C1616160A0A0A4A4C4A787A
311
781414147C7E7C9193915E605E464846838583878987B1B3B18587856668665A5C5A626462818381A7A7A5A3A3A1B1B1AFADAFAD7072705C5E5C9D9D9BABADAB7E817EB7B9B7585A58BBBDBB4C4C4A8D8F8D747674B5B5B3B7B7B59FA19F606260ABABA9A5A5A39B9B99A9A9A78F8F8D6C6C6AC7C7C5451AD1270000200049
311
4441547801DCBD89771BD7B5A70B8EE04C702641712605CE034890E220088028C93245451215B713AF388E7DFD9EEDB8DDCE6ABFF4B57D97137BE50FEFEFDBA74049B6AEED74869B7E87404D2814EBB7F76F0F67A8835CEEBFA0E42B854AA5B2BB5B6BCC951A8D52A93657A914FE0BEEE39FFE2FF395B9B9C6CAD2D4C4606F
311
4B7FFF8D1B37EEDCB97587F7CD9B4343BD134BABE7DB48E3FFA7A228ECD6F6574E4786C0FC8B5FFCE2CD5FFCE297BF7CF3CD5FFC92B52FFE58BFF9E69B776E0EF5F79E55CBBBF9FC3F5D3DFFB07F5898ABAF7CDA3B74E74EC0CE20230561BF096E97E05712BFFCC59BC80539DCE83DDD6E54FE61B7747DE17FB8980BBBFB2B
311
BD4337DF487881AAE6C5ACC6AF25207877B2B527BFF1CB3B77FA47561ABBD7F7FA7FE146A5B6BD74E3164C7F51449AE95DB412200EC539418717E7F2F11B376FF62E95FEAF1442BED0581DBCA1BD2780D23F506AFA16E1A7AD974EF17876F00DD7BCB187A1A97AE51FCED5BF2BC1F2BBE5B3C19BE27B43CF26DE00933658FE
311
129B109C2FFF922CC22C4260FA01BEFB462A77DEBC35F42F600C3F5B0795D2E9E02DAD5E650B4438A92801B65C35CBAB7B1EE5041CE69D3B6F1822DFB873EBD6AD3B6FBC71EBC6C86AE967DFC2DFA4CEBFF1BF54F6276EBC114E2F43FEC60B01A0D440A868B2920E5C4BC10D60931ADCB871F3268B21D3851B08E1D6AD9BFD
311
4BF57F7577909FAB86F29B982571136AF01DF5FE32AC3BD9406CAAF2440A54CF176EDD01FBADA1FEFEFE21FE4C9858DFF4183458A9FD2B6708A5A5A137E0EE1D11A9EC0C7C58B2C73C0AD6B479BD76B7790CF899E287FA5B06FB7B07C9195B7851FA8794031EF1FC5F9406BBFB23375420286399B631E93B08022A785C4DBF
311
9996EC3551874094D71B6F487E80F6837E50F483BDBDBD83232323AC420A18C68DA196EDDADF68A77F938F78FD972BABBDB7B87FB164AC6FC2CB760365821ACB74AED44FFAD7E7431ECD7E08AC421F391D199998989A383D9D98E8E56F84A318C58D9BFD2DAB73FF5222C8EFAEF4DE7AF30D756E5108683DA471E70D050209
311
9A7240F19E4089D3FD203E620F1B47BF43501E85031AE44B4B9F2E4D2D9D4D51D8970983FA861B3706FF950CA170DE82F6B312CC4F42C8966295F7D725ED29882415DC055F36DEA1FE96FEC141493F05FAA9A9A5A595B333DED5B3D5A533F62183323032F46EFF13EA0AAFA5FBF7C8976F8C10F7280A014832593B90004D52
311
341980D907EAEB73411EB2F1EBC9F507F92746C40E7AE0AFAE54292BAB2BAB67CAE0746264A277B06508168C94BF772BE9765F7BF0B548FE1E07F3B5A521340A5CB5297C4B12811B89E82191ECF3E41B3259C529F135E23CF4C7F961FB13537F5A02ECCAEA76B5BA5D3D3FDF3F2FEFEFB3AA22053E5008833428DC6C59FA2F
311
770595F311F235D427F379BB8A121BD901B96076A388DC4C3C61C7933CCCD770FF375A6E0CE9F535FE2534BF5ADD3E3FAFD71BF57AA951B6D4CFEBFB8864758A26154430080B06ABFF557610ECC93726224F155D1471041E0D42F82F4891C926C1355B0831649FF365F46FF05300A7A790BD8ADEEB0D4AA9569A9BDBADCCD5
311
6AA55AE377F5F3F3EA2A34983A1DE91D810543138D7F28E57FF4E2B5335A3928B76EA1CB9B00BF158C8F63A2E788826896D0B5E7C461949ECE089144F8EBEFC7FB4D8C9C4E9DAD60F7FBE572B416C2F2423ECF8B86C439E450DA970634ACFDA977629098D0B2FAF313A36B3869E37AF7853378CDA1171FBEBA95DF1E44FD51
311
44A420588641B0055A79ED91CC0DC41E27064512FB33F1F04D09D0D2DF0203A646A6CECE80DF28356A348CED8C4F1EF137B9319E1BCD29867CA556AA97F7B757567006A447FD375A26CAAFDED9CFDCFB2BB0BEEE8AA5911BC2C7F85DF88A3775389990AA72219D582409210F85A4E66F2987D875C30848023088FDF77E87F9
311
6FD7CBA5B9DCCEF4F4C9FC7C676777577B7B7B67E7ECCCE4E8DEE85E81A6D55AA3BC7FBEB242589CE8ED4770E785D7DDE23FF2587EBF57F50B9E820527316488E5C32D50F979BCA58207297E2B6D658702FFCD211840FE43FC9F3A5BAD9E97E6F21B9FCF16BBBB3A3A5A175B5B1787875B5B3B86DFEFFC687A72674F19D46A
311
8DFDF3EACA59E405375ACE76FFA922C817CE86A89BDD92F400F2C55B7462F610459837D3A61ACF50C7471C8F2F2A9D38C3DA2F068007F80EFCDBFBE5DCC674B1D83EBCBEB8BCBCBC3ED0D3D333D0B3DE33BCBEB0D8DA35FBF9F8CECE68AE020BCE61C112A4C1138CD47F9AD13F7DC6AB9CF9CFCFAF9D0E01FFE6CD503F5B91
311
C5218E2899CA15098714848B04FCE5654884ABF0E554F11F6C21D73D5D5AADD64B7B9327DDAD8B0B7D7D6D6D07070763BC0F3E38E8EB4310EBEB8BC3DDB347E3E37B5842B97C4E44A0C630427E5CFDFB71E03F471E12CA9FF70E055AE141042DD81234B879EB4606361D9328149037D7D76A571A7E974FA20AD0323832713A
311
B5BA7ABE3B3E3D3FBC30307070B0B9B645D93C3CDC3CDCA41CFC6AAC2D64D0D579B4B1B397A7C1BDBEBD7D36657A3CD4B2F44F4909F2B9CA597F4245C59DEC354316F0587020D0C661742BC02869435FD12CF195C422DB3C5A3E2305C000CE6B7B27ED8B7D63079B5B5B878787C787C7C7C757C76C51B60ED60EDAFA06D67B
311
965B3B672677080BB5329E60E9B477847AE2E9EB53E35779FD37EFCD2D0DDD68AA355B6B0D81860502B8B68C801F5C697E9AD62F4B406244CB975560BAC756AAA577675B07C6D03778C17E7C95CAF1B3ABABE3E3ADADE3CDB1B1B6B681014470343EBA979F8B90383545727C63E43549D14FD0F927E5F1FDEFD7263058FE02
311
EBCD1BDCBCA053496BD58E69BC44F9F854D4D979AE9ADB908824382AC1D4014E9756EAF9CE85B6B54DB01F02F8EA5908E0D9D5F1B3E72188C3C3AB67879B07C8A0A767B8B831FE5E7EB754DEAE5261460243FFF07858D8EF0D658BDC563A2C5EF5833C13C90B69248C4DD97842B61DFA7F210A2F6108A0F96B62E2D3B3F3DD
311
939EA47E30ABF5AB2B903F4BE5F9B36757CF65021E616DAC6F60A1FB647274B4B05B2E5341B082D43278F67D8DFDA48AFF9A13F22B34C7586C9992BA6E66CABC190E313E7C811AA57304B421A75B289B9D174CC868C24548823E230B9A5A2DCD2CAFE1F98E61C015CA7E96B083FC59F3ED06EE60F360B3AD6F79787ED278D0
311
A86FAFE00BA9220EAEFE1D5DE1F7855939C3FCC1332426B377F692406E022C010DB437EF009803F0DCFD3B7C94440571D8F2C328F115F47FD324802070BAB43FBA80EFDB92FCA1F7E7CF9FA875CBB327CF9EB08C4DE4815BC4210E2CB7CF1CEDECEDCED5B757490968286899FAF95583BF46F9393CEE6A86D6F618CAAD9BFF
311
0BE22B042412C5CFB50556815CC5BBE33E9F61ECEC26A9BCB8145FD10590078F9C9E953B513FAE1FE387FAC246E14F9E3CE7F5F8194BD6594140876B6B84C5D6799C61A16434201E5237582AFD75C07EEED9863F463284E2E13425A036BD41061259289B6BDC1ED656FC8B8592C9D00701E27CEA749F0D8EF44EAD8C1F80FF
311
F8F8F9D513191F6803384C800097F24069C407CFAE88136B7DCB3D5D4A60B711F19070D83235F77331FD35E715966889038E2E0B346EAB7936C4162043E1A1F144093695443A570144898BC4079CEF1912809A3035A1D3F361235F90FFF1E3E0FB93C7E2750719F88E7D8E68123883ADB5B18185AE99F1D11C1238A792DC4B
311
EDE8EC6FF503DF377E0445F68FAF4E08D43082D02170F30131A154206CC559A8D9CFDD762B31273E4947A581E0D9BB71E33FFA07CD02CE2A6BE1EC80167497F2A81CFA3F7EFE58D0CF5D5D170DE4F89070B0BC4040CC17BEAC6B0586C3D3FF0309BC06F44B04A1E13729929B4DF73C44070692C810B08AC3012E8EE9EAE220
311
67796288C193B2139B970B86F47FAD0F98382B1E035D9C32FD318A4FAFCB274F2E1FA772F94411B0CD42493C23393A685B5FEF3E1ACF554AF5F3552A478383374E6B2FDDFC4F6DFE38F4F4ED7A7FE838F488EA852482F412D3CB07E293D02C9F074F12E84C5AAC423271450572A385449844706475FD38DC3C22486A0639E5
311
F1E38B0CFE93CB4B25910EF309A2224BD8DAD40C682C28341AD69047E8539A6AFC14EC573F7FAD10AE0FE6EB13E87B28E093B513B5803514DE408809BC12A14876DE0A25F643009E9176D9F0C330164285A7444DC8CAF0E9FE41429EE0A2F6A6DE91C0856C501272404A8468822E24C807030B1D33D40D4AFBDBABB411D093
311
D88C86D7205E05FC57EDD1F805FA4CED5920F0CED39157E007CE21757C5DE440ECBCB46CD283E378029B43FB077B4F47E60E9F61E8D01BE017D7E843EB49F50A2028F1E442FCC90C9EE308E4C0C2C94EAE30B75FAD3A0EAFA57FE9EF960F14BE15638840EAF3BA490BB6850EDB38EECAFD21A0C746D0C4234DBD035EFC7EDD
311
121FA585FAB73DB89FE6A03CF833AB0730E5E2F1A36CE3F202A128934B44E396961121E1F2C9F32BFCC0C140CFE22C1CA8E109B182919696BFB98120234F61B59F7BF46EC30CF067B21A33B0FB3E402448EE266CCD93135A8E823DB31F85E677434E608F53F8100BC0098EA2FD6BC01770E0F2F2D1E5452A711C4BB8486248
311
FAD756D852026B6DC90A2AA5C6B69E9068B8F27AFABFFEE8AB36F1D23985D5960014FD711940800B560250D2272CC54FF1D3A660B275AC3881E349689C1616E1E9044129D032313509DE4700BC867C71F128C400159407C761022BA8A040F40A244788808C60B3AD67A17576279F6F946923191921B0545FC2F12AC0EFEFBD
311
7262B6935679FC7F80629160ABFAEC88E8430E76D82A8DE62ACE50BD4A42FBF03B387B37FD321B37E31C3F063D99703F5160E6C9E5A300CF32A91E0A085A29C0FC507F6C21012303C6104B82C1F1E156DB3229D1A855A32A8352C9077AF733A0AFE0FB3EF81FDF2F0F82C21B0EB06998866878B103305E31EC17F4FD43831E
311
570A2118D1667632D4FFFFB125782F96168A833DBE78C3F11F8383A79D49F58F1E3DBC780417AE6581381E8610604888E2913E12492881274822C221AD04CB0B1D273B8542837460898C686864FF6F801E8269F40AD0481DFAF5E6E9C1F3BE391C325004DF0746A4E4448F7B52C0D5EAD39EC46896B888C4210D68E99DFA28
311
20DF7FF850EC407EB55C3EBC5028611409BFCB8889C90F1C52355AEF98B18100094C9D0EF6F64FD47E5CBF3FF5293DDFB4B50DDD54F351446FA1F14580DC3902C085F593CB24ACC917B213BBC11B3F0A61042FD8B24F4FB9C4556D0CB9E1A880DE89934CE9607F18F81FDD950DD0E1D143F41D56110E227C250621FF098838
311
042BC85B5B6BCBCBC31DD37B34966E9FFD9936A2FEFEA9EBA4182E5CD3E17AE35501FCE0707E5525A7DBC64DFD077825BE37CE0BBE1BBEC061410C660B6E49912665E2B3749C7C9F93834022F74CDE6CA5EB501D9CBC04B768292C5CCB84478F3CA83074092C6082169015E5800D5839DC6C1B58EFE83ECA513BDE3EFB8EF1
311
242D2D4B3FD55AFE03D42F8492AF8A3F21444FA2FA9ABBF525EAF84C09F0168527B0138A85D1EC0443C467B28BF844EAF76323BE13D7C11F72FED783837B970FEFDE7D7817E077C17EF7E2A1C2C0FE851FE4C008388C15E818958746129E1009D054B67530D6B3D8DA3D59D82D9D57CF70039FF50FFE0DE94089DB269C3655
311
A4F25B38C49D0BD48E59F1526887C18FC5272197F85CA72862A593A4843CD25F920487DDF7AA0441A2C0600D062001F103FCEEA3D8560CEC3EBACB01CAE5A51E420349F602191E5F901893142381351CE17047E764BE50DEAF9E4D8C38B6ECFFACEB141E54A6865A88A60133EE9CBB4C256930B0B168C1C3AB59FE1743FB42
311
2C7166082E934AFA5EFA3E4BCE0B69362FA7041818B7FDECE1DDFB4D022007CA23E521F0700AAEB5888BBBF08023E128B4045381542FA256B0D04E28A0C3804E233A1BFB476A2F48FD135BAF9843BEDA3264EB42BA499601F16B566E72C7EA35908ABCB9176BBED43204C696AFD3D7B24B08D3AFA44BE243D88A6D9D0B6562
311
B52F741E1610C0EFBBAF2B0829289A640EC4C8A4FF66A24430786CEBE1E1E61AF9507BFB496EAEB64F8F49B4129EBDEC065EC1F8A3F228A3CD0950883B41BEC6D1944AE06147289600A7726313AC69A3F91197F1438BCB743E76F01F6EF1D1C854071670FFFE43FF1EDED702EE5A14C85D0C42DF90B86068800659AC889818
311
55E3E774A71C0CAC2F76754EE7CC87C808D1E1E0F6CF47FD4224731337BE1E39C5010823EE997B1491BBD99FC8D8EF77482BEB5EB2CF66499A8E0F7511B19B3EFBDACB6507BC78731B1B383D02FFDD7BE8DD9256F7D0BA7B46015941097B80018F700FFA024CC08078F51806100ADBFA163ABA8A3B95B9D2F92AC30BC908ED
311
31FABE0CBEBFFF0279B675868F9AA24E9530B08C174055B7F48E4F58002F3E82F0BDFA003E8B431EB6C4A91E4D9B5FFB791265BA8827BBE5F1BCFA7F789F72F75EC800F8AE43FFAEC42F13009FB905A9A0132015D0068ED7682AC608BA6771038DEDB3B33082891FAB1ABF5614F93238079726B833958796B845B731FCB863
311
16713C1DC581B1E19B424EE32674093F80776F7E27C6FBFAC85C536CD955B96EDA2A3FBF770FF4BE11845470EB3E42D022000E0FE07D161811020742162444668308801E133A4C163BE68F6826A5523071CA78B2FED51F28F8C70FE4190073A3E5D3259D7A288CD19BDE623F10021BAB0C6E327FD507B2741627727EA00D31
311
856492F9F009D7F152D930704E642795C1C1B336E0DEBB7F0FDCB79318543B25341F36802D64A981A690B94259607DE0B19D466BF8C1C5E1CEF9A3FC5C639FD6117B4BAEAB453F8EFBDA500A67E8BAF76C8A06566E36EE1184E8329419161F83D843D5DE7D8221163E145F56921C3EE383978072129E290A9B7166E63D26BA
311
B1FCDBF710009E4051842390031845F20077CD079407C575F20364C4910ED2A574BC357630B0BCD8DE39335EB175646A698458F6A346F003A93002E846FFE0C459B8006E506D79BF902908A0AA05CB5E73530E33BA1D3C2EF99C712B7C8B41DF4D2A7830BE8707485FCFAEEB85A09AB6D39BBF7B4F23E00509C20DB04E2408
311
22A4B810E04D8D53D10D504C059ED86BB8697F514777717A8F8144D48A4C89077F7EDB00E2D89DC02A7B975640A282C49A4AA84B70B12BFED8EA6584860DFB7EE23FCB00C6BAF7332FF259FA3C9346508813E372F1DDE425065BB61FDF8300F7EEDDBE8D0C6EDF46F7D8823478590AE23759D60DA6B7A9F125EDE8F4A5D2B3
311
7470D0B63C30DCDE3D3D59A8D1501EB1B0A5377517BDD6E301F995E3F955F0F58FAC2E81CE172A8344AC03DC6781939D2484B8FFC15E8F3ACCD3954CE19576B942D0A029188EC7013FE59AE90B71292DE774F1F63D60230180B30A2EDC65291B6211B4081128856001A680015CE000708254891851D4B3BED0FA4D7166B466
311
BFF1D2A924885AD12B387FC0FCE6819AC3AE06A7AA4B715F0927B74D119D4A668FB54B8A8C268D8B038A207D10A7B1E95E42195B695BE0240F7408B311257C23F581E987C180140C584A02B1670CB817CEC0A080F259F1360E58452013200E3EC107AC1DF4FD7B0F6D23F33347F9527D9F51E6138E31AF35F1BDAAEEEBA3D7
311
1BB402E2FB47CECEE96B4DB85536772B07C82A34F3E66D0BCEC207FEB9E70643761276F7B50D5EE963CFF80C7AF4A2130F5BF8C4EBFB5F07B709840480DBD8007FB7EF3F90104908BA457D43AA2A6A02C91422285E5AAC143F3313A0CB74D9D164933B86C25587134E8D342B453FC982860D09FD13ABE72055ED020E85D3E3
311
12F74C25CB0293D978A1C4001927C80B86FD06349126EC219F0C735C8053D8F5F310817EA01F1B7851F406144C211C6362C27DD51F1E310C0102280ADB891E9B085CC528A2B1369A46BA195B9A2B351862CE43174BA73FB7CBB430A5798F4C54B7333B96C3224A9863AD02B9FBD8E63092191924E77C199D92887DA594B6DC
311
F0112857162FD0949FE6A441F5E62E42FB2105BC405A2301A3424601DC807912CB2C39C604A27908021CDA30C4C8C2019A883B3A8BD393BB3546136EAF561980FB63E9E035FF73B96D09A905ACB2C11D79571C5159026227DDBDB81396EB03F14100BEB66DE1FA9EF82C3ECCBE318119C4269FD014E66361FC8BB0B4EA9A98
311
EF3D8848A01360430284335004C183CC25BCA82D2302EB03B8419241C64DF4F5ADAF77B533BE786334BFCBB8DA72BDBEFFC36103AFB30608A0B39B58D93F0BF42180841DD26BDC22CF0A770E90240006BAC65197D90920131C7B2EB3CFD3C71C6378A305EE8488FC1FF8D391E2BDDB0F6E3F45E7C8207C419800DB410073A3
311
173942CA8D5242642A74496FF115832A6314D9FA4257577BF7FCF8F8E8CEE8DEDE5EBE76DD3CF892BA7FB8B90F629431B5525E92A15A3A4A6FEA3FDD73136172060959206591F4C927196CF645AA285CF3014630121754261C0D31E1A7E3DA2DBDB54B04703BDE3A4209F02045C4BB0F529A14BED07098A2A1CD47513DA64B
311
512F409BC01663090796D787173B5AA141B1B39BB470EEBCF1E30F9D263ACC4D05110797CEF7B923B027F089F74D1D06F0A4D8C0CDA6604023FCA45B76C5CDE0BF3845ECBE13E0C0ED73700A8A753C1AC8AEFFF1B407FC8A20F42F0D94019121DE304077A027D4112283BB8FF0072444D68AAD111D6F591BC0061854BBC048
311
EBBE9E81F6A33A95C21BFD13AF3C7E7DCDFFEB0DE8903F77B41DF178E99C289895B0EA8CD640549D68935BA7C5294E0A1D66DA0CC419BD398E6265789CA1241441AC94532A3C19C95340BEFC68703077EFC1D307B71F3C500859C11494838E902203A2BE90EACC5135B80B078804340C920C2300BCC06F7A1C71B875DC572C
311
9BD1D84BD5FB9363CA6BA7D03E5C40FDFC54FC23C9B4B9DDD028787D89219038523BF64E638BB37CC25335937A00DFD32869C5B390C8C32FF25C8C47A7181B4A599A224A9DADB0E0406FEFF9F183B7448F081E3C55024FB33828784AB61704482CD0160C04174F9E33BA9291D58C2F1F1B1B3B5863B0D9F3E51C35C253D54A
311
23E560E2C0CB3A6F7A81382601C2079CAE96B7B1560D20A341E85A928A4E01083256420576C2ED477E2E565FD9223BCC691CF394D3D8E281501E0EE5C1C8159E92585D255CF30CC854C75318006EA4A01028EC853F9407C6053910BE105348324002260254886C156260F9189EE0F8C9A3CBAE9D5A992184568A69D5183A7D
311
B97DB089FDC57AEE54F858FE54F577DBA85309640290F2D220952620750C5811FB772A7876D1E4040FBFC6474D51246D8B3FB378283FB514F8AB3C20B8BF7DBE5DE541C9A5D3D38DDB30E00151E02523081BC89C2214103E0BC1B3D0199A08E002681A2613A2616CEDF0F0F9C5DDC75DA395C25C0309C03DEC8091A4AFD3FE
311
B504AAC6633930556DAC86EE3561941E862C4A75DD6B6BB3A0C59BE153DFA73EDFCBC3CE2188D3D378FC976D0EF9A95B7C8532F527CE3CF539581E0FE501291E9139FFB65EFF5DBD8E0C18DE3077170A64E033FD278F18068028802F156C3809FDEB11B1019C208D020C9BA2870457F0F8E1FDC7EDD393E3B9FC9C4308E931
311
5704233F960E554802C14716B0B45DAB5EAB5E25AB7830EBB8D25E6CA94E4AA01794FB1EE164FE9F040FE82C940A4BCEF913075D087E85A7237D3CF29C47E4E676777779528C4781761F0BFBC1D3A77880E40C9A2E5109180D5255317890394229F0F082010354082D574F1E3FBAB7D6553C2113DACB97BEB5526C7C6F69F9
311
310A94C46CD89FF8F379AD1AA035FD00FF3F320180F01417A6F255A3A8D86319FE0C0B0E06A0DCD33F79841339C01E5BBE1911AFCFF7C1E0A540BFBDBFCF2372352686D863F83F59CB6865F43104007EE06F52406F680341102048A01BB048823082CBCB0B6AC48C313F3E7CFEF8F2D1FDC3D6F6F9F9D9E98D9D7CAE5EADE2
311
A6512FAD7AB526E17F600C85550DDE9ACFE9D97E694513103BC69F8A2813176032C890C1E9C49FC09C61670FF8705B1D7386260E7C8E7122C7F8208A55139E8C8D4763F7EBF5728DF9C34677364E3A3F9AEFDEC9CD95470788834F9FBEC512379890B38C94205B2557987C4186DF5C0837608DF0F9F3CB87B7EF6E92047575
311
2A01460E556919B2B64296FB9FB70DD5F47232A0F77465BF140CD001F00ADCA175090E2665A14E6329B62660E02A1CB50C6025E3DA252A670B3F0FFAA5EAD94A509FE7036B159E0D1D9F2E76B7AE1FD5A606198D3A747AF450023CBDFD162278B9446688111009B4029B0F2180AE20A542D40610C073B47FEFE1416B2B1220
311
0F3C991C2F54EC2491027A816B0A34A9D05C6F437AC23462385DADD75642EDDA738AF1600DBE07EE8437804D2D011A94DF71C2085EDD40266A407FFA1D1C00B0C03927E60338E3B9D8C47D1F8CAED578E06F7CFAA4BB63B175FA7C301B747CB377F45192003CB8FD34B12009224543D8604494011A80C1903CE0518C986208
311
E1C5FDDB8FDA161686873BBABABAE74FA637BEA894A44078C19696F326E057D7F95D061A6B0394A9D5F2DCAAFE4C2388D8A6E9AB7695CB0BDD0A332430F1A9333DA41D1FFB97FA09AE84E738C75C407C260408F8DBD5EDED7DE1570A7BE333C54F16963B46AB0C2B71208EA3D16EF4EEDCD7005241166C005A73C031647921
311
51205C007288AE337B4D7103741BDE7B7AC913350B348B2D767515674EC6F72A0402BBCB41C81305AFCF05F2758D3ECAC8D26AB97606DB9581A4B7A8FFB068CD5C0604E6849046B70C2B60FF0CDDF93C13822B4E82FA0479A68220E66D9FD775FB3C1A9CDBDB9829B6AF2F77EC9E0678FB20ED8D1B1A1A39D10F9812E20D62
311
81F5673121AACAA9C53424000DAC173F7E18C3052EEE3E78E7F1160F5AAEAFB70E0F7775CFCE4EF384DDEEBEB9C0889D5243BDF557559FEDE5F17AB21E118C4C31A3DF6A96B56AC62180293910ECD6B721047664BCFCC6B2DD3C65CA0F0C823DFEF84083C7ECCDF05898EEF158F4FEF97EB9C123F1B9D1D1A3D9F9AEC5F5CE
311
DA84A3C96C14A55584D62893D6A54D8D2028D05C8B1F124884543F3223B29D208B04910D3FC43F5C52196AEB5B5F5E58E8E82610F08C21BD443801233C0CE8BD1E40F84A1CA86001990048031ABBAB11EF83F9283EA89F181F2A0D9A9F62D94B7F625FD727E6A93F63F200F614F7CF100D4511C07DB45FC5F0CB4CA359ABE4
311
774631FDAE85E599EA0878A3C33D5AD6430CF4C055EE5FDB80629000D7855DED3F436F3B61B3DC7FFACEFD2B1BC6FB0696312CFA477CE87A87070C7998E04FBA78AE3F915A065E819FCF35B410321D9ABB308146A11AD5196CDDD7C477A171C8AFC74B45CBC6F641AB53C8D4ADA5870C02379BC0470CF83DB55F073E29CF5C
311
E5F7A3F8FD62EB7AEB1774C2C6780B9523F9287193FD23DDB79FBEA513B45200E2E0C1B51350163AC19043C600F2C1DBF7DEBA7BB9B5457BC0D840CF325EB0BBABBB786D301437000020004944415472B491ABCCEDAFC0591201CAC8EBFACBF367FE7B6E40E69F551BBBE7123E3C00AC560CE20C62436E8C3C54CC225EE08C
311
0D74CE26148877689EDD004FB2BFBFFFBB984035373A7954EC5EE8591FE531348654514DB1D1C56411DFA2A7C212BE5ED91278F2851A432244C6822C29C85A8B320ADCBDFDD63BF71FD32648E7D098CD018BC35D7FE89E250EF2AC75F96C15271602687965C844B8807C6E7729D93F22E81D39ABD62A0820C1FE9F11CFA720
311
8125D33E96FD69E83AF6052DD32D49FF0802CD9F9DFD39260389A950887A647CCC99BAB17132DFB5DED35138FB3A060F6295AA5E195BF0BB56495A5A4A8FA440026E46A047D40ED2520A441C302D240F201FB8F7E0EDDB0E12A04D8816215A0579E8FE1B1281E9F19C9900DE79842E2A7CCD48E9876EB01C75DBA0E0C8D44A
311
B5512947A00BE7CF5DE9E1A6A6BE43CF1A78783DFD5A404E4477336C1ED8B18908B2A847B2AFE9839E891137A6673BBB96FBBA2A4B8E9373B001F08369BA11BE8ABC4302FD2345FD6014A127068427D007BE28B41D9B0D40FFB7EE531FA673C8870A69135B1CEEE8D009C08042A5B4EDA314920B635BF941E7487E45256439
311
DFE9D276295F87E698389CD49FB394FE19720412DEDDC40E9CE9C6DD605E0B719FADC416CB15AB3A61F9B5B9B9426E54F81D8B03DD950946D432B40CEDAB7BB5AF11213CBA73C9BCCCDAFBCF06127C7980FE6D1DC9B4DF14832D6568FEAEEBA76FBF438300B541064ED33F3AC0B0D10505306FD370AED02859234402F6C3FE
311
D006766DDED2034D90D119057225EEE3DAF787EBF30EC51ACB4F551678BD6728E1944730C095F13E4D81A4DFFBF67C5BEE37E62A85FCCEC6CC6C7BC77A5B477E22223ECA4FCC0F87E2A5E3EB782BDB25B8CFC6736A044DE5A7CDA604526361D650484FE283B77EFBD65D52C1C73C4F48E7D0D81ACF572F2E2280F98FB23050
311
8FA906B42DE240ED651B301CEC83DE1790C9FD96B6CBF986BECF3BD332C18EF627A0B6EECD5B152E02088D03D828AFFAD26B05BF671B4F9A09A8CE0CD2707F67F2A4B3BB75B9ADA331C1305BBAC182FB4A79820B7EEAF73199B8404C0B81231CDCBB871B80FC41FF5860E8E108222A1A076C29E6E03B6F3FBD4F1F295DC457
311
573C7ADED636D6B7B8C88413DDF3B327E1046AA51040B40CB50C7E3F1D2E44DAD34CFA604029BFFBE714DF0C069908027EB275F1F366C132E1A7450B04011CF82B2B647CE754F650FF6E25BF37AAF65B7BDA16CAA791F1D09F6CAB989EC5AB7809BE145FA459E8D3E4B0FB47DAEF093B946FED585B80FE1A0305FD5330FEDB
311
4FDF79FBF6BDE81D8300CF6815E5F9896552412A03F31FCDCC7CB5E32365550CD9365FDCCEC8752E943161D78047336F8AF6539840A1F2E764FDA2970999F205CD2BD1F5CF496571F76EAEFA0E1CF8FD2A55FD06391F9EEF8B9DC9994E72BEBEE1FC928E2F223EBA0FBFBFB4F2DF137BC894B8087643D64ADE6EDED67F7680
311
FAC9060239E845FC94AE93D880F994FBF71FBCF5F66F9F32C292EA900F9C1E6F1105E81C5B5F58A067A448143842008D7275EA3BBA3D2516FDF02FF79260020D6B3C714711F3CFB61BFF56A826E627E82256F7400FB387FEF23C1C1E77FD6A21EBB1B2B35F2F95E7760BE1FA3ABB3A981423477517EEE36FF96F122B942F6F
311
B64D9502BD1B9089162532A2FEFED255028FE653C9F46FA321E0B588B7DE79FBED07C44106CC85133CA65190543004D01D02D8181DDDA5A9C91A7110805B7875B689FC3902200FB192E7DFD936B37B57D9C338BD49E99E181F4E5FCAB2ABC1CA7AAB382CBC7D515457CFABE6FBC63D525E5CDF74B16378B9AD6774A5853191
311
2D232DF01BAA913DFB7D3AAFF912984302B84D0500077800D26C60A4742101DE420C610C2E92FA93056022EFBCFD5BB6B38651470CD33BD87630C05831BA864C85997B8754B05167F0706499DC442FCD22592AEC2ABF3FF13F950039BF159FA9B36ABDB2778EFF83F70972B83BFD3F4899E64DD8346AA495CB155A7499F2CE
311
39B0AAE755125EB84FD8CF8D8E4F4E9FB4B72E8F1DBCCB98B31BC4607C2CFF21C8145FB48EA0F2159F86A3098415609554DEFA7B27EF1301033DD06D274BAF6821D220DEF96FA4CBB60B3CA241C021D38E1AA76B4406B4767576166766A6C7F77273F5F395291BBA19F64F2E3095C14F3E60371827741CB27E89543857D6D9
311
6BF9A47C6A9A26057840332EB843717AAD171880217B71FCCC0355AED3D4819911F79D0EA8AD6DA31A83E36C5DC2D470295C011302387069158F6C9966022367ECF1D00BA9BB95C389AE7B6105A1FB640689033A7FCCFFEDB762189103A61C3A4FEFE0D6A6B5A19EC5755A443AE78BC5E9235B047890A65919A0D2F96AA3C0
311
1CEE913BB3ED239C3E0CD8DDAB99E4348BF3F8B977B6C43DEBEFBD7721A839A63B94C06A10DB87FCBFA3C2932F8C26F88B6D6BB30C3C4E09AFE40FAB52EFAA1EC0316920E031A46D65A0FFE45A673432E907FBCF86717AC04F2CD0EF512D665FF53F05BFCDC43489F150890C60A8E0314E70A06F619D30D841189CA15D3417
311
F3CD50191AE4396543F0C42BCFD696C58DF163F5B46D708BD5FDDA5E5E5FDF9401BC4F7E00E8A17520833D1CBFF495B5D1CE037C664123EEE74737268B5D1D3DBFDA6AAD8C08DF2C0BC7A737E10AAB2A7B958990CEBF556CDBEE823CB09FB344143463C630CFFF585D330CF0320E921744A7918280FEEF981161008E9FBC78
311
C830217A07B7D6985E83F9A79884ABB5AB383B4D7D788F9FB3D867A2112A43F19042B33A108690CF6F472F8661CFAC971478757F6E6F2F7AEB82FEA85E5715941778B278281F28C268AB24BDB470EF3303E09C359E9DF1CF990D8A096106E6A66C8620DDE7D281DF0B2831F20439A30D68386CE13E002F7EDA8D7806162B20
311
5D6A19AA1FABFD6B1B400EC2BFFDD66FDF7E8755B4883C043F43046C1326136680404F1F934EBDDFDD39CB58A98DF1BD7880E0532E671FA1435E9D6EA5E9071000BE8F262E7C4044FD95D5FD526EB40A05A634775F32205C3D779FDC168CD5E56BF982508BF572BDA4F6F57D3304BE9EB18149461B12F760D7485891CA47CF
311
C44909136FBF4931716A2E100123FC6CCAA6A644F25EDF4AC980B14039009BECE8B798BF69A05DC5B6885CD23F8E13A46FF0C0A986D617F001C52241801E87C2974C31411DA3A5D7B6175472763D637D3E57C33B908F867F4A59CFCA7923375E5F027A983E18BD7BD4E6FDDBB2250C1529F4202EFAAF979DFFB1F2612E87EB
311
EFEC58581EDB9AA95AD1D7C1905F7305BF8182D5BBB524D47C4E3B81CD843220DE1E6536497C0962C225F75A2D6A998303B23FC501F0B3F736EE1FF01200FC8C99F5515207C9C40081DF304C0A17D06E26CCBC5B3C47459308178301FA8057C2C0AE9D99B05F038828B08400F2E3251254DD7EB8BC4853B101F99AB48E3874
311
57C96951E5DB670648BAB70A7B04FE93EEC5F5B183F9739C98952C6845C380D401B8FC86E70A20744EC720E09D35955D96A9041720196D183AC2CFE6AEA816652D0234883D788BEC8F5DF2615261DB031C2381092401B48D8D2D870FECEA9C3D99DDB036C8A051058030E32190976718C89F031DFBFF2EEA3D88606A8A19BD
311
0AE305BDFD12BA4FF46F1A0002B07137989C748936E9DB2C91F43B07E4E4D16C3779CF5A4FFE8CC981F07C29E34B7C012AF0054FAEA4A6A3D49D3A16D2B3CF220A029003366663053C89B3FB1827080DEC2780076FBFFD8E39810CB0593CC68B5D9009F2D400418028B0BC6CC74067E7C9CC0C2690FBB084AA5254A12AF635
311
43B35EB40D17B693F7E3464D5094C00AA9E04E0E0524F5C35C5EC6BA94B21AAF2440725E2A9FF94FE7A8F0E769EB83FDEB039B631B18BF396F5C13CF89ACC02C387DA56DC3B1CD84B96CFAAA37B55FE723B611062258257D331F186AC93D8AD600B4FEF4AD777E4BF68F2168FF08C081A37AC13446C859964803961928476D
311
78F68419390D830C1935B5C2A0A22A3AB17D3D6428BF12DC373B8D464E04C0A496BB3B3B75639DCC2500E0F0B15FB6F47B5A7ED0183A87CAE8D535F2EDBD4B3B7FC762DFE65A07C30B2851DB890082ADC07131EEEFA3DB7DD5CD32C0860CA83CD4B7993A175F422A8149B1C1D94C1145059D9C78A8A572A90B7C8B1E3392FF
311
77A80C50220880FF3669004E90F101740D2B808181455A044904674E7482CC3EC85C4BCE339404C0B0BF6A5611E4F9B8157BAB6DE327EC9BFBA1B4557ECB609C1F45326499EFB90EE78F18227F09E563C9E63D847EDB3B68EB9C39E95AC4F7ADCF7D87F6752BB6912040281E4A0D8A8314E80D60470999B8A51FB1488A66A9
311
F3F81FFA61C83F4FA6969E472288FADFD61B005E0EA4284822E018911828E868614DA0C36E11F3A051070BF2F0840E35F200E2C0C80A776CC9E7E6841C0503D0EDF15ED9AFE527E798D23BEE5F0604E58DFB7099D739BF0BA5D332EF29F1535995BDBD0DE681C4F71DFE6A7AC5A13554AE6910963E9ABC9A0DB5B202225545
311
F5CFACC942B5B93C207352B6E5310BF349AF200175D7DFDF78F6D683B7C87E087FA9B35812C4F8F13452CED610A2207541E6D659A739441F3833CD0C9C3C3DC2B0712F62333C4FA9327C9CA1124904B4FDE0FE21C119776CB0C212AAFBA5CAF80EB43772ADFE77CD9FA8A4144C54C2FB2304C65F62FC3678E4F6C68F30FEE1
311
BE8383CE7DB86F58B1AE0C51F0F055E188D02F00911DDB0991832228B3172B3E623E513FF1734FF414A611A603163F401BEA790FC9FF7FC3FD3DB02DC00184145B850D01D120424DC03C00FCEB7880EEEE939399F1F18DBD4AA54C939899304D913CC2D5CFBC55E50C7FBE4C0E14AEEF53D6843DFF56BE2D554637EA047D3C
311
210E2C61077875FB5B40E19F43AB7470CAFE1C0D3ED3B3B4778D1DF6D4F837C08747180FE8394F2CA1E0A46B6DA62CE2B2DABEDE0B1924098580FC16B369730E9E90541D3730D47FDE16EE1FFAD3419CDA05ED1F2715C607F2E81893AFC5936303F40EB776F1D808BDE393A3FA401E1C706E154C892860AD74A2949C409E28
311
A8FB3349C764D13E4D1D3468952B7B1B35001BF41142CAD58D6011C8B78961EACAB66E9AFBC627673B61FFDA4167950A274145BF11EA17BA9AA60815C2C43AE1F648E3772E53C94E6364AF826019E723069A8AA353A3BF7FB5359281700061FF64C28C10B9AF0B70B0B0D30A31CD1CFD22F68C76DA1E44558869257892363C
311
091D313EFA46B57C3BEB252E9C6BF5B4799EC58F1910F469E25AA17B343799DB3E33CF410061F96C6D63FA91B1000CEBB7D2971BDD39A2A76361E000F5DBC1688D47CB812DD60F8001AF25B328D173A9E4BAC18CE9F1F628704330741B2649B92E9714447C68559C6CD2F681919367E4811100750058809D0230C087A89FF3
311
C80C23C4C60882E481F48D531764BABD5CCECA308DE2F63D3BB50373D630796126803C2D1FBAC148F7592881B395ED7D26B7DD38D7096AF98841CB37592561D9C6565317AFBE9FC4AF7371E060736C7635E0CBA1809FC80F544DBAA1F2F9393D970D44C0615A0C6930E758B9E63AE690F73045F0C8C0731DE9CD80F718E946
311
52383458799E02C06D328010011C7090D8C5E5336A83D4059953877EA1E1D66FBE994F04608C4C991917230FB61F9AEE183A40AB9108D032449FD1A7283DD25ED15360EF7EA9303EDDC0043403531EDEAB10DFF87F5E2FD56DF0F1B701A9F614DB17FA0E0EDF6FD0B1622A81FA3D1DE5A33F551930335C353A87F9AB05C604
311
55193448246944A232C5D07636D864CDD7A50D0B4440CDCC465D1C418321F50E1648D500294065D869559EF3C40C8FCC6C323E989AD0F0C73142480B200842802C061008B480A9954AF282052B3AF67350FD0DD30D1F4075AC303A5D490250F5400ACF479656861E4C77AFF327F3EBECA4B57B6B6C8FF62602BF150744656A
311
87DABD7BC6BED50527B2120C001A0B3718C74F0C65CD34F275164D7968148DDF259AB8AD6CA81CDA4E8819509B996A7F642D987A401A2B04018C01E6C169A8700F9DE3B489DB2BC49C9B7B858A4F50D22AE15428FCA4A1EDB20C83492690CFE361CC7F8C8066FFD0D77AEE797977F468A36E0B0DFC87F90EE6348BC748F7CB
311
73B5B9DD5C6EE7AB19ADBF6DF359F1DC2A0F9E44F213F8041F64274C0859A2AB7C37440FEDDD2F95BE44065F22067E3EA0CC3BD8C0D8194EAB291CCEE20B9CD8E02950AD806080047A279F19024C837C848816719AC4A34DF8F0706CED904E8185753A458A27E4C1E37B5F30A104932BE140E0BF4E400160F320B054A87050
311
42FFC47B4940810173F9C9E97240C7FCC3F3813EA239B745DE9F1B1F3FC2F9330374DBD1A7B475923F9A2ED81716D18D1B577DAAB9D1A0458655AD3CA7E211867AE7C702DCACCD291E0F798013DC01BC326087775C0833E04EA3778FBCB8DA4687A0255CA0AD210C15661E4E92001A4449031D1DD27D327334BE830B64DAD9
311
0CBF537A45FBD4E94A7A88888E715B7E74FCD040E818BDC1BF5AC609CCCC015DED23877080FCDC47BD8EF3A7B783A17D33F3ADEB6D6BC7AD75EA7C7852C5B6FDADA6AFEFC2D181C03F8C40DD8A4AB5024F0B72E34B57BC1182472DC80946789AFB711DB7F1193C03C893B0345F420246114D3EA71D04FBA731C0DAB0D3CD31
311
1B218F0D5A15ECC105D02F3AC32F13600084731A83220040019B03180634B5923D438300B05BAC80881F061095FED5D572A3323ABD83F1D37A2301A8C930AB3F66ADF7CBEFED30BAAD7D78A06DEB6A87F15491F5AB7E25842B6B34BEFC12C8A159F187C64B3CBD2356DE5FBAB98BBE9583F0E3280C0076DA15BF34C1523814
311
5742B07080B1EFB83382F9FEF2239D003541041083C5AF9EF3C8944DC2030BC3ADEDDD9D27475800693049E05413BFB3FEB4308731512F13400D06F813368A0101D8D863EB3E75FCCADED124F532AD3F123F131AB46A93DF1ECE7F96CE9EB6C365C6D6A07EEC461FC919FE288AF7AE1A7D012D291EB073735FF26BBB1C99FB
311
706E972192819B7A34BF22424BEA1CC7958AC2E04BFC8E02DB90A4A1DD04811ACDBC181037864672C78F6C0EC3073A40CC49D5E813593B7002763BC6A909D31AC86F3F6E335C9E1C309BC58F16418642E2AF6B290A34FEDC0CFEE08FCA0F56700699CB73B9C99302AA17BD516D7F1FD755A2B32B3FBE7134D3BEC813195BD3
311
55020A7DBB541539CD2C06E45F46FC0EE08293E6C0E1972176D9B678340AA1A4823404EF79B1E2347E47C35D0A2260730E0B513025DC0BD1C07E3366E9B9D17F767405FB531070700035618606F0B40C73C974CFD321B0C174A80C0F3AA54945FFEF348F5488895713E89B5C98DA501E06D8D24FF04FF0CD7ECD7BAA755A85
311
4EC6A180AD13BE094E8D5D63BFD6DFA5F5D3E4DB1BA18FD8473DC6E17FFC9832B71A2A94D96E808BB53F9192955D62C82E282B05168AA0927D54AB20A20A74800B7CC9655C8B15F62377CA4C91641F9F4D0478F4FEFDCE273A002CC0A725EC165CE3A149F0333E8E9600B2C05A7D15FD831F0938DBE5D0FF13E3C0F0765965
311
A0961C3FA86DEEB0E28304747BFBA5FCDEE44C23544F7BB7BF7A132DDE34F99E44EC3FEEAE92F667A10F7E90B0E8C6442DF5A5318B0F816311DB2E6DC6F172C363FC800EE09186BB9EC82A24C0117700CD884AA42023B81EA6E0CF8B3056411110D78606EBC5AD5417B45BCC8E61EA01C4006AC233933E35D860BC1B6CB9C9
311
CCCE7840D2E0C1C1FFC11CCE54D59300F2B47D66A10F09D8E24B71B9BDDF98FB62A3B897C53EC88D16D1FFE8C649B17BB8E760EB20B784F52F992544753F2CBF642CD3C9C70D8722C197142C567E74FB431EE248A8F3FC00377F5142144A82FFC28AC2970A780C85A7EE9146FA4B2981F3C93BCB0F3FBCB6DD3DE69C72B607
311
3B99140DE28B8E919D9D9E7C2F5FA99FC1FFD07E9AC0965CDAEA0A945FADE52C791EA989E8E7A21A355FB37E44405D171B98A6E946DB26AE71DBD01FEF07FD378F5B4B518724481820890E7486E3FCE61A60E096D577701890EE07CA5D7F2B086040749FCEF3F81972E510A86359C9BB579883035887542090614E5C446170
311
5D7CA1CF84DB564838606CF1597E8119790D021080C935A908324EDE9F60A04B7830A33F0670CB08605B8D01BF9A3D435693FAB4FD84EF6754930640C1F9D74B052A7ABBA9F502B39DA3BF6BC7514EA4BEC71D752BFDC198EDA8DFE8F32B3EF811E4576B0A2074B99B070A069F60173E7427BDF285024E35A4418B7A412914
311
F2800F1965C4F1120A2D5D2C64400563D5942044807BE7C738EBF3034C4A6F4D70C04ED1F97673C039FABC4CFF18866E08200BB66BDC9CCDCC3FFD1E43BEFC52C317F0F5E64900FBFCDA4DEE68768FFF46350E0EDADB7B34DBBEDE3776BC55599AF84E312229F931E700D04478D66A0D88D09B2276141AF0F8811C5F8067DC
311
04C0F90929F7F1AC9CCD368488AFB965C97B855A3E2E93AE5B4866502E55991B82D4388614F2C36B8484A5FA06E3EFFA984A6AF17D5C2073299D9F12FD63826F67FC460E54030981684E9FBFC22009A3006962285FDF4FC84B699FB5BEF3736C6072F6844C15EDF25883037DE6BB7AFAD6AE164B367812FA8CFCA6FA25725D
311
99AEC5C6EDEEC64ADDA2BE0056002032E1D7A20A54CF444E360D520A5B69816C0A953CE0434A8A898BF18E2B704588C01BDB2133342F5404FEE698957C200EF54E31BE6DF4E888C9C67F5F3F1B41F922777E7FA6332677C20098C59F762F5DFE4A23F9801A3BB6F8A4F66E0D40EC867E92DEFCE84C714FC7CE8DD3DD3BDBF9
311
C781B1C3B549FAD2C89D711808CAB100E09700BB85240374A7209212F320CA577222A7020E7824500179FC7096C714884BDFD9499E027ABEB3CB0226CD293CAE6E0C41A6788F396606A073E28CBE5CC67D584D36CA39D37974FE1023253E3FFB007A26F657FFC901D851130DDC2BF54884F20D5D40A0B7E5C7BCC7CC87B84F
311
2ED820192CCE1AABA1FF24ADBE1D03635B5B3B53D4A5F84120125FADC36A0E792D3AD7E255792CD5241A4C84171F1104090017DA493D0A7790A7BDE6DF326180398E4B0DEADA5C2763825E43E05C388E184678C88CE6422606C017F030366981353DF03A753DBF6370879F79889DD0BF75408724DB53C5B0063AB6568D02DC
311
47AE4627B58D7E367A6000267E7840C23A0940B992DB98ED1C4731B4FB4DCFB6D3EAFB6CAC7646F0335C5031888CD74E2103380260AD47176D703960230370FBBF28813524C17FFFBD6288BB28E4F905ADB4A788B40B4A6201C1878BED224DE9906C4C79EF32EE679B9F5D3B5DFA137327320643909A823F62106CB8F9BFE4
311
BFEAFF0FC7A6393EC7F64A698EFF8ACE31BA05ECE6DAB6DF124118D1D13F892F3D3530602E3F3ED3D59DFB821ECFA3D9AE85B1ADAB9E328DE738BF55D5DFD039445AE76D0194180F57B15BEE5F09C07F952F9A10372BC894CF7DA12CF6507E2A8916E0DF430C519485C55D61EFE209912D8C32866214E121611E22A0B1238D
311
B18E86636A3BFAFD5B4EE02FF1E505F902BDF424D0516907BFC95EF3A76B6B3872769D67E25B548F0DA46E2B93DFDFD5F2B9E9EEE1EE1DCC7FBE6380DFBF38A165CAC73DF912AD76A4690D2B766A3EB4AFA2D05BE543EA20B095FB17AE3F1928D84482049B659E671A4763CFA567C08824913D37F2F92F841FC244085C1681
311
225C04AD6DE1684831682CE0D6096B56101C0D4FB3A1BD3F11FC1105AECF5660BD3FEEDF162B0D9DEC6DB55AF27FC98050BDDEDFF63ED14B01336053A19DE9AEF5F5D9E9D9F9E19ECDADCD497BCC57681922F327EB41FF681E17C1921B04FBAE371AC69E53F98183E91B84897A5DB164158BD1D12FF6F6BEF0E02847727BF2
311
628F9FD48B6FB11DF6928C868B29590A0606F92140D0C08850DAA7DD8A5FE8A50389F61288AEB743E9C801BB67DBE0A7F64F63BC87770FDF57AA73FE1F5A84F8DD3AADDFC32087FBC0A7D645C327B97D65E7A8BBA76DFD9BCEE1B1CDE3F5F7CE4E6DF4013ECD7CB60BD1239E8A4E9A5722AD9C4FAC8F7FF17B214AF8801950
311
430639A08E3ABD05A0D94E253BD5951C885B0CE750309070555FF21F2EF83FF53F4E15038B8D8A244740A5C9CBC120043DA0B323FB1DA0A4EDA268C05A304619505000BE10415DE898809DB6B66896E60AE347ED3D6DC707CB7D5B5BC374A158EDC343D0EA61C217D4878CBBDC1D85686782C3CF4272E7DCFB5E9EF628F5A9
311
5AC1AC0C6848F5771329EF8DF2BB79EFEDEC8DBEC72EB7F245287FD4B31008AB38EA4D52F2BF57167159E3004CD8950E217DDD6F699FC763E9D1A0AECC701F7BD4430A3E030374066938F883C01DE40E7DAFD609345E33570F4CE6BE467FBD7F793B5AF2A9D331D86DBA7BF98067918F9FCDD609A0384B523F4413B574B818
311
C6889FAEFC5E7B8F90CEFD62BC2C85B2478D54DD076635BE434FCADE68B3ECF1C8708E27863DBEC352D87BCC7A92A8E135700CDE65BC114026DE5DB68275E656D2C0D4087293D43BB4C9C14EA83C0D806783B40DD7CD4F19EE9F33801F55A3F1FD600017A6CD5DE607783D5F74E34680E7DAB98D99F6E5B5ABC7F7DF19D827
311
8322F6A97FDB2FADE1539BD945DDF868EE2B8B70D9EDAA45D1BB0A5801198CF1DA891540474745BF0317F8A3703E02510AE94B084221F887FE950272D62D4232781054A87C58D015CD45EBF9B70E60820A2056E9D4D619E8494BBFA68B61EBDD8CF52CCBA124BACD4A4077E8420A7F36FCDAF661E577B792A7E1B7E337C7CF
311
1FDEBB3B49F501F3C7366C1730E793F51FA20A9C3D2E9F18E63DC277449054CEADA36DA0807467D45F8A744E1BDED725A033868703F1392BBE221158220588F30574A0B0893D0515B0B7C404AD0E7F40C11D504C49BD7DA39A85A19CD7357DFC966E5D92272FF06D59CA5A6A1C8AE30E52F1247C1F1D78F81887F9F3E38707
311
5B170F9F5EEE4A7F5BFC69DF02FD8795FCFFAB472E7C88D563DA514861B85BD41594A75F5E866BE69471110A9F75C8609C7E6BF6C7C727431EE3E9E3773D2378C25226E82C08104A57ED273FE0921D6990E02B006BD038263BA360355E8DC446A380F0BA35FA9945A80CF60DFD54054202F91897C241C147D59F8E0FC67CD0
311
F2BF377A3463F8BBBABCFBD6833C57E214AC3F5AE9C2FDE88852968F20337972C7E04EE5658223008AE82D93BC37D8DDD900BD6B16EF221F0D4149045D740A8A215D4FC186C658E01994B8CCD317465828704BB630DA2243B3B4ADD3EA554A97408454148C04A1A0CAAC2E04033C04073851F54380E0BF2DFFA43FAD3D6B57
311
4F2E1E5EF6E5F4FEFBD1CA87C161FCBCF5C7AAE2F726F814027BAE10F79BC3D765D61D1803952210A9AA07F8C6BB2105B61145B324F96014EF223D4A9261080239F03FF6F4DD4975C183B887E081F7A467A25EAA0C94028FEB808637768B07400A8235D4EF33143253198900E079E3FACB0C59B00F827A5785A6FFE2FCF0C0
311
E6F1714F11CDE5140D931D707950631F3DE877F300002000494441540ADFB08704E252AADE1BD4E8DF55796A32B9B6F17737C67702E5C638682737286CB0E0A89B624D5BF28222432848C9AB8C07170C97B814FF492A61072407D638006F7C8400860444C01B1930A522788045633DFA9507267A3A42BA05925BAD705CDD37
311
92FA23C1075C6EE768A673919EB6C3FCFE7629B7310AA794CC9C0D14A1FB88F95C845BF22543F57996E0B26C9E4C2ADF187F979F8A55F11B47BC26594C52588518D25E6C2B1CCED231EA1B748F093E5726A21A54C91EF95789041030C20FD5AD68613432E19A4D0DA2505B6BD843516E10BB00AF9AC315EE9FDB39CC1F9EA5
311
9CD88F9CD071D470C86C4647FDEDDBB1CDAB81DA94034747A779F4CED497CFF817348F69F52E55490840E48840BA72DB71F3E84F6DA2F4717AA928F153DA6E4C7E8E00363CEC9A2E1C8E65F298FC4A52F087FCDEE5CBA38A80CBE11FF7BC2AFF249203FFAB77A128A001B1987BD334AD9B901890A8C2005B6B248196AD09C0
311
025ED841325B31845032E327C531C839E66DBAB39566B631C2FF0A1DA5A3CC47E665AD8751B47CFE33899DF047C9F3C365E3B11278D49DF939298E09002F6430F9958803309827A7C791048CA070061B7E9A64C557D235F83EE24822E5EAB805F9862F20FC58F483DC0EF02181F572930205107E00E523861895A281130980
311
8F2B6C14B2AA579E893753C155D2F54302007E9FF36AC5FEDBCAD47E182D91A73920CFA5C18E01F8FFF4C3F1FF553BCAD0E58DEF85DD63B91BE38ECE1A9FFC4AD4A1FBA30D462C328C5A0340DFD393D3D3D3C0659195C96990F391EFF4175213BC74C020922D4830FE215E76940962BC0713A3B82784C0CB6623DC40D6E148
311
5BAD454F6892200B225096127FBD82D2B12006BAE2E329C771E25FEBC0DAB3B5395289D56D7A8A89081B34EE06F80F819EFE75C67DEEE95D227E283FE98A7B9F1C97D2D05B4D07A469153C3DA3048EA68FA667A6D90E291C7D7E2D063E4D044964D055F2DBF3E31BB851AE9F78A0A7314F0AD24901F581D74A6929142039C6
311
5AF5830D1C809536CDC05E4BA51038F79D713DA930CF18BA3010E385351CF47F74D439BCBC793556A1F99814926AF12835E251C59BEA3C083EC2B2760FEBDF4304C9EB87B35769E1EB24B648542CFA4EBA9EF93CD42F03C08F249A2C98897D8E2225E90077823F4A52171A61219998CED6FA050992B6B0A74A2220ED121230
311
04FB977084208F8E2AFC80F456CB110BCA647A3A0F854085D84FE0052BE31FFE7F925610BAFEC06FC33F9931BF063F39DB3D1BB20EE357F594045F4226131578582CB055A59A073AE0413989D215019B6EB8A21CF154D71164E0D8F4E730C2CD382D098DA5261456A425643686BC8301710F2C50665881399156AA2B4C3191
311
BC555728384800CE10040F746A3D8A80A5F0E500A93456FEC52833BBB45203DACCA37FE1D3EE4B9BF0EC27ED47D89B8266F11EA2DB8B5A8BB93EAEDF0C06B7AD0402B9EAC6E787365535AF19F15158308A9D9785C1BC1C01377F8C6B4D07B50DAD25649764A91DC9812C7B34CA98184084F7C01055466B48058CD44085AF26
311
648520C85C41C67805462D8425680425559F4440F3ABBE1F3F81B1EC72708767DDC8FFB6465796C8FE310FEABE0C9B242A74137EC3E0427091967023299BE5D6D4D0C6D15747DC2AEA4ECC57C72856E827D33CBD319D70FF854369EB841282F84B7CA4881447ACFCB257E252E00FBB3272120A75B99119840858486615636E
311
0E0334031AAA8C08A62E080053A0AAA4158431EC727A084021D41CF5D630C94184F6FE7432E8F5F9A4FCDF3EA7CF136FC2988093F98ED622E38E4976E1BF0CF49D2889E6DF3566719FE1F9B47A2D3BF89C69155DCF24F88C609EE551160F0415900B4C48FB013D8900A9192A700748002924771A3686A0A580FE4009E00ACC
311
090253E280B90AC15048E047020483A038A60ED232831F2CC90498648690D960C48E439F18F4DDBEB0B6F5AC7B7B89F6230243B4FA160A7B9327F3AD5D937C8BFFE5FF8B3A5E64283BEF8EAB9F71159514CFED62DBC880614AA1F7994CCFAE7D8C87057F451733699B8DF87056E1F0654B5021E38097E4E23221B810DE2055
311
9AD183A61C2C88A648DB096081E9801CA00BC1DA0124E08DAAC15FD2936905CA8DA1C40E42B13F1764E0C4015EAD7F8BFEC99A310B1B7C0BCC7746D3C0702759C89EAD57122092122D1F857067684A578F1DAB7EAC400841F493A468113282FFE42316CC74C756B1C880FE78795C692813CF4644480EE9B02991BCA257A718
311
61F00666D9410288487618D120D0E80D7773E2B7DD180E100EC98B221C94BFC4FF531A09B986230F1CD08378A8E4D0FDD7D9B1BC75F5C12EAD7FF83F3ED19EB018620303C217A6A35D826E72ABF2D8E2BB1B783F6E48D2E3F360806E1D192085D022103473A10375B63853EC54F500B5B064DBC20945B88160DCF7E4F83A02
311
00BF6FAEAC88E9F54D22D898E43F378D20B51B5D6B1457000922202800DD401A9266483029C0D6D57ED80D42A0E6E08835F0F3AC73D7FAE6D56185F04FC44472B854EB7D9CBF7134DF3DDC35A9F6B38417DD6F508B37C1A718B0D054124176F7222F62DFB327F34D451799D56216880193254FF782D7DDE26C271BF38C6E42
311
2E271CE4AB8823C9510F021126A7A944E00DB4031D013C88EA0746C96D4574069BD5439C4110403B40020C30B07A604F1E41D19C21A93FD9002DFC35F23B1E7B98E95E38387E3603FE7393680410D702FF9ED5A3C5E5CE68B5827D721FA78F3A9A0C08A79722D9C9B418F46C0057BB1640C70AA4A03D29CECF33987596D53C
311
FB27B32C3BE304C540E14BF8464E080918268D254838C91A01F0FFB99154FD8A9C0495EAA6534A6C464440B4A71E16100E7405088122A35F7A511DC003D002E6C8E7E15F6D1D2FD09014139EC11FDC89394621F77B9F88EB5A583C41E2FEDBC8F82334494C0BFA97FF3C3A34ADE60385B60E5A30CF036E5E75370BE3B83AE7
311
3B3B7DC0BB337DA0045299ED0C66681E4AE223D01B1BC3BD4C921E2005FEB5114739040758189BA8A320067B62A3995E4720055065AC2B4A8006BF8CFCC907C0063EACE41813C5F017065AD46CFDC6FF1BFEE052932CA3478C8E5A6F25DC8503D40F61FC1B047E4DFFE8E84407C81F1AC7B5C79DA358551CD0D13785A9AEB3
311
8D6EB68A0A8087FC6543E7471082873CDCE5CBEA1EFC5CC0579469E225428E9A43D6A6000B4219DE52E8DF00A55F4BF5035960661C2DB88AC1F67C2890A93FC420193C8326409E7B595FBBBA9AE1D1511B3F6D65B09AC10A71C2317201A603E88C56CC68C91279E83F5C147787EFE6C675F00941D23EF092920330982DF38C
311
65EDFCA89DA98E8ADDECCD77CB86D85118F3DD9884820B1128010D02F1060F582871CC8FF42024C02239273A1CC3BF71E770DFB7E96081682803188118B50310BD620234F230B12711B063E0F0490FCDA9248B580D3D3DE944A30CFCF2A1E0F6E59E8FBEA289CCCC943785BB8880ADA9C2FD70F6A13F5418444E3A669273C0
311
06C4B4EEEC067827539FFBEA9CFF04D84E7F170480037005AAC8829084329899F90B5E013927F8E646514B4824B01D11F72C012CEACD163B6358A4454A4221D06E68A71062520649BF9E9127D0772D6E5EADED52FF216BC2FC513C7D3C5CC4C8AF009811826AE20203B076A2AA66D8D32E317DEE0EFC000FCE16D9E0BEB17C
311
74AB009256C5D8AD1CBABBDA61402612C675FBD72D07E633B1A42F2421208CE01397560811204306617A5141706105C9F4984C459F2D0F6C392FA05BED808512B0B9A8A9FC6CED89640EA347D31F0DF76D3D9E61E800FE9F7601BE4C9614A1C58E6C839F13A12D0EB426DE6386B82369A9E6A7F1F9146EB578A2EF4289AA10
311
9B4F6CEFEC0463E0072A05CC9DEDEDFE08407B173B8AA65399C80B2911252E6290C82CC1B8909140C11B7AE161B42B93905045D017E00CED6D27AAA15F2C2179F1E83D411A7020B9408D202381E7E5DEE5A9E7E5CDE3B186433F488AC81554BEC09BC579018ADD1DCB3D9D70F02B14BF9159A4DA376225FE43DA224FED3279
311
41705DA582B2FD1BB5DC0540667B650BECDD1D5DDFB0C7F36DEE2B94F6EE2EE4E426F20A1174C31DF153321A24114C4FFF25E505475F6906D4149B21F1BD9D9DF7B059F8E0FD83323CB97991FE80EE131A9003B81C491B218B1D42C0C0D593D9D548003839DC29A740298B0C23F0CE14BB167BD61989AEF0B985C8FAC8F923
311
A73F31953989F0F6C96CA6C4D0A9A88184BEDBBBDA3BBADE77CD8E2FFEDEEF46184A86671D7DDC51417477BE9F04804F305AC82C2D018A21EA903866A0F959FBD4139916D036635EE03DDB7408BCF0627A03027AD314C09B0A27F0A79490D53839D0DAF1416995CAB24101FA63F75029D57A4CBBA9FB4D120ADB17FB5A999F
311
C9420DFE04FA670430B90FE7F589F7FE8D50A4B5F004CE5F07EB4EA007F8AEAE8E8EF7DB3BE2F81F42166C7246FA9E62D02C8209BA1024414C483498B50229FD923F2414040B2081390AAC353B5283EADA12A30B1080866D746B9ABF5BC107F33C2A015B275480759334B83AB02175EFD0DEC785DFC505E0064F4EBA5A9707
311
3A74C5C9FEC97BD25D819E28AEE661FD2732B8BBFB1BF13441B3C1F45E8AC1752BBF80C113DE960E0AC7D9D02C58C80505A19BA0E84B14402601A590A4AE00A825E98C3212342302EE10FC5100681F86834A2804BC409D70270A2091DCE874B16BE0706C974EB3D26EFEDFFCA6C4579AA4DB781708469F055532A7046C6BEB
311
0CF39F3ED2EC4FBCA3D00EA91CA68FD2B87B5C191E0EB2C300F00A1C9881F263571C6CFD83D079D09F176FAD839340CF030F70458F81F09AEE1329505150CA0A00576B56C06D58070B23086F685E44232D9D53DE3FC3731044F286D19F459351863F749F1104198D6E14BBC68E17CAE70D7AFD958E350BEBBC70C9C4DFBA07
311
5240DA27D40AD7DB063A097DD3F041EDB3E4B682A7A12A548F3393DB01945547175879989302521EEB1431B08759B632B174E0F700E774FCA1BB83F95029ED1A084288C8893520E49415E00DA080AE8027C34206D35491D050A4C6B080F6A20889A2FF82379AB6234F6710C05F9080ADF002B9C9F9C583AB220F45D618D7E7
311
F7547FB27CED8A8B7A7D24EDA4988B0C1C2A1AFB53FDC61BF3DE50D63C560F0120B0372F0839DDDAF13E583B868717C1CB8CC71D1D7F440CC82184803144196EFD58BBE00B7EE77DE8C015942357FB06FC906A5E2B8882CCF9FFE184B0035A5CF186A962A63F84B3AAEE3D5A2C830008807568B6A9F424086D2095A3E262DB
311
F124350082C4B5DF4704A9D2C93553DE47BD6766B69349610716999FA25854F759CA9792599D3837ACF6247CE8597B0F960FA3EC45B61715050260C5844FCCFEC9666BC71F875B17E3BCB4CB151405D7D08F846B4CB952248B4603CC402B609E90F0044A007FA800EC46D07A51232B00E5683C55D5096E1374DA4FCBBDE2C2
311
5A5B8D26008227CA7758033D7D70DF12CAF7F247939F93F1CC63047D63ADA0B7CC8771B234D8095FCDB577B586D1834062035670E204B245EC093FCBE15626C10D210CB38A13F50E10A0D5C0814B0C4B30AA9858516001669002229618F100767AA3D6D2528595FE7A398C2D2300ED0013A0AE60B91644A057327BD3C36BEB
311
F48C91279B45F8BD145494674AFB211A91977CB838DF35DCB3D6D6AA2FB2784B591ED785DFD7DB77747DAC9D2F7674810EFC2895F9ED8007EC7885101679C06F21E4B1C8A6120956F80518D1DAF1717BEBFB5803E20C6F2A11B2E48AFF4AD2810A70054623E341B3D1ACD92DA91150DE631EEB2C28882D092049C0DD38E262
311
A7BD6F98549930C9D44B7C37028AEA9F8C5628A2BEF5704C0DCB2B428181B1BE766F43014498D2E57791E4C8DA6BD2ABF5003F0C40202E2E32EDFB02852D16C30B7F646B98FDF86C7891690043128B0A0DE6B4EA27F08C30CA34C9D0AA0852A5997F8D11A6EE84E040B20472020256F4AFEBBB74E6705A12083B249089218E
311
6452C8E5A69717E904A3F5EF3D5D08EC1F4D4E85086B238CFFC11AB9AE972CB775616C6D1DE04DDF073B4DE3747C41FBAE6072901CAD0237100670C5A00C2C3CE063610ED824826C1F6650700E88C00B62468903A0D71D3A390255AD7040048348C56C4647413C2C2561216E0C469203EF06A5B101AD40D0E207F78B124747
311
DB5B4BBB4E88B1C373C114E0470B345156EDDBCE1B4DBDF81DBC400746B0B54E05F693707B89A5E430982C2AC7D10DFF11D5B102B9505034B35D07E8E5F585757F088B390F2D4C85CF7218E8418BB4F25B885053D07D5A908326809F31D6CC6B77CC948413B28664484439D118DBAC27DB5AC40C1AD166F25E6A2F0AE82100
311
C0BF220405323E1FF80DFC518CACA8DE1003F3C9FAE9C7B2D60703A0004F8EAEAD2DE0F5485452D15B77B4B67F4C2403B8D8F9C533558ADE058A9E177A1698F75DC0EB4C800F74C0270178C8579C1FACD025F0560844502D2BBC01E620030CB93636C1041636A693949CD80139FD15BE107F905590A292840F8860706D07E2
311
970A2F15E5B13B87C3143CB2930374CC46A6F9B9D7A5CCCC14E11B9E879A49FBE27ADBD6DA82410FBB94FAA8487D61B51F4BE0A03FD08743C31020D6628ED20305A22C2C2FAFA7ED1E7881C438AA5B9035F20759E243C51F34D0D5F02F11403B9E204CC1686C0B6C9000470561519CBE1B0E4FBEAB37A39EE4B84C05F02385
311
8779341991F36D9D9F351E7BB3B5ADF00148D9D05784F9AD8B037D48C01BFA83D4247F03BB768BEEF973A14E610090D4B96B1EEC5C5E66928F28EBEB6CF578B067DD83086081579848E60DFC7684044D8174993C39F886043481F6A2B743B18749E52447CD4D230513032D20D20206E536E15BCF7B7D211634F98FF9986287
311
F33F9A94615A5A0A7CACF8DF5DCC1AC6EF9AF1945EB78E0A2FED1DA2ACC00EF983F9A012260BD722EF61C9DBCDD8719703ECF839029010CA0B9F100B1D2842153E01A1A3837AB579516A31982FD2908A09100DAE591016CBCD4B011A2F4DE299E1338CE065DC4841BF9895D8C81714800CD08F5AD39601BC929B55D291F6CD
311
CEF2AB40DD5D98F4E6F107C47AEE4A09A079C05316F479DAF4C2BAB83221BCC0CE23FE3D3D4C7BC9AB673D89A3677D6020F6E182332028012FA0FBE0B2668FB85485902A8E7FA0BA2105C213E20BC2169211A4BABA7D693C3F1DA961F203694853137073AD5CD25F1C017DE0477626D7BA55B88F83B5EE513C41D814639FD1
311
BF759171F4577D3CAB0C3DFF68B2D3B1F8478C18F67BEBB2598FA76A4545E9E961BACF657E0791D2373030E0EC9FAEDD17BEA7703A738185D08236C407448A4CB504CBF01FF43859D3115488EA01B55078000DF085911805790DE1B41B6F8CB2889C3834FE02AFE07D85143C6C008438A944EA63E047023A7EF37E13B0903A
311
FEA7BBAB9579330FAFDAACD540022980B65A75FBA17D388F1E6576405CCE7032D95BDA420E7DC0EFA320879E5F8B3B04C1D2D9C1114210C19FCC49DC6A855E12010184DB8968109ED016E4683CD552A36B3AFA13BFC2114068935A7E774CD2C7225642B73325938052D8634ABC18DC9442BF9E0402E85B42F9F3273672DA8E
311
8F1070405D1DC3248487574CD98092B8B956E6AFE1566530B78FAE05B4A0DE51FBAF85DD075C7E11939F80E015A58D1F87E400CFFD2306C4D1D3C634380A201545A92BE01F445800BE12302AB477BD6F62600D211232EB061448A0D2B877BB940D63D059C37E0569A83DE93E214F4BD86209FF6F479C640AFF8AF6D1BFD987
311
D029A94DB7C329B4184D4BB013BF912FB88FEEF913071A8D82B651BC10DB067A7EC52FE1B421883144C00F64FA23A11CF708BF16CA59F18D4C04B8085964B2D8DA4A855187000BE440BC816FFB13374640B0EB1D0998AF38A1AEF503F14302E2811081FC12EA6CD38A63B33035125F40F170C0B0AA45E9FCA38FC6D688D485
311
63B5C4B4B7C359D3C7AE0EFB16ACD5E2FAA47EF8307044B4EBE1C71E84E742D81431FB06B90B600B9C239E277A57C94C427EE10E7826980C0136600D916A06058CBE8604DB4D314FBC014EDAACD0820F14BF75449B70339490FE5A0491221BF95F949DF1235380E969AABDBE2D32EB4403D3FDF17F42F9A0A7C28ED75BE86B
311
DB7C7EC80C76F86B8800F77B305EB88F00A4352E0F8089EF811EA02A3DF08F7DA008F803BE4B4EF5F41E56087099E920708C3D720916444440FDFA013D4E1201414123A09290F5BD7AB729298209C4306D007BB0829FD4EC3A6D7E4F00B67DF38CA0764F832F0448E58439B952CB4F70DF964AFA74CCFDBABBDF273E2FF4F5
311
6D3DBFF2A78D42FFF2755DF307066497F44062AADFC0CC546F6DCCFECECFA232E14F408F05477D311B683A35BC245FCF8A5CD2AF20022C21022266905A5BCC8B20235D6FF04019CC04058AC80023662E25F342063165956320BE50370F2A657BACC817DDA3DDD3EFE04028645780A768FE38DBA88BF2EF3ADADFC7FEACA952
311
E5A77568ECF0C971DF32BF1D24F8486B22A649EC81B1B60315CBEFC026091CA45F858D7D04C1B437079431E63E38F880758842E780A9E03791C0FAAFE10012588C3C592FE35461A6047802BA18686887023A422A49599399893103942CF6DA53A8E387825FA0678B261F139F801E2B17C901D0F5217E07AC2401A87D0480F7
311
53FBED44FE949C93A1D042B879FCE499B3D861AEB23F9C1F372F0C24D0B7D6E70FE1AAF60F84BAE642D82F0A9F53E22783915518494FDBC0AFAE7DA282E5050B703570E06319A015E00D693A6BEFFAE493941C3B08C13B96BD20D0115A9565701DC58568A3009DA13E965765C03091F0FF339F7309D44F6E61F837F1B1FF92
311
0450EB8FC48F9B40158BE89C81A597CFB0DAF5F5755D3886DC13D4479599B583758CBF35663AA234F133F91D3BCCFCE0A794367F385C59B19431780F1C099131384056616E15A1563B50021D369C593FB292685A68A8B2A50A0A2085CF05434617E05FC24A6B077B990014421A68401AC4D65788EE25F737EB780D08A6E38F
311
060F2ABD889E1B889C44852C2FF368C1E3E710D73B6589EA83F7417B341ADA1F639A23D15298F087AD0326410E116C3A1B325218433C71AE62C07C1480F1C045629724A076A4BB8D622D24690486727F56108D07046DAB065000678E04C4F8C342DE27F4AC102D854F2D08D59B4ED0E4F697B0FF62F113646BC5B7F3131D4E
311
A8BF8B265EA3F2026E7061B96F6DF3D993276B2180B8E57067587428579460551049049B074CF8B1066C7E14C705F0B39298C0997C17F701097023BAC31081390196801FB0C2A12380042927503D5A01CA127F9841B460310639C674BC8CDF1A320501448E0068905B07F6E5602F8C1F07786253438CEC51AE61FDB25FF71B
311
09893AC026A9EAE3F30F369F5D5EAEA5801FBAD3C98B38C13EE017B054F81A56F05259DBDA64FE270B1FC4C77200FE276FE814B916E222575ED717A62A92956504605268408CFE13FD61F84252228376060206802B9550F00B9D47E6AF1022538A752CF4FFF1F5931384A9FF8700EDD4FFA2B93FCBFABB3EA6C607FF714B0B
311
8B04EBBE83B52B246092AB018C0D0002FC490849F1E214AE6FC42009D6D86616C835B65DB9862EFC4480C14137603C3089D0A5588FA27E693DD184131BA4E88C35045ACEF1CDE1A82323C20B842F2419604821196EE8185BC834AD44F8E9B7549A32900196E9ECBBE20FFB4706861AACADBBFD9B56A23FFD3AB8BFACC18B1B
311
5AC0ECD7B6AE2E2E9CCD2BE8AF1B1BC3A813B94107E82DE67A42E7CC7D4A6116700B5B2EE3C338A09B840F07C40A64800D7C605AC42B72227C4C7020AB1F20056E26F542717F56534261DE3766AC10A6ED2D006DD03BA9DBA507AE0510A8B385C92363B9154167F1230C40D76AF6F3BE0CA08F8BA2FFBBCEFB09D0986550E0
311
F0EAE2F2780CDF850CB0F88CFC2815FE87BD83909F474F45DD47F1C821DB2107A8817FD45384F57891B65F2543D0C1E20A89B4A8DF806862AC27C60F6A054627FD344250718AC0FA21CDC4E28DBF2650D1B39D8B8A420C348A4F846E2BE824BF8C45E1DB8EEB52F576F47A75FF95F90FCE0FD3A7A08D48D5B9AFBE3EA658E1
311
676FE3372FB57F0AD8D70ED4AEBA3D4C2BE0AAF1C3AD63A6004D12900CFC481A47430C9EACB390038642C8C41B13303166614210592736B8603AD4FAB17189DBB32F3915F0C380795A089A15228460BDE8E52203527D41B5470901B088D84FF8B3FE2BA7F4FD30ACAB3DE0B7E2FF95807AB0010FFDE3A048F7360F9F3FB938
311
0EE537F16F8673131325D3351A3F664022020811A0FE8C019CA17370725CBFF64132025DA1BE2555102212E80A907FB43ED80A991A8AAC183932C19AE17524B06590B6AD286EB99BAD18FF4BD64BAB519202F992A963648ED30E7521F909F090C0213E367A77D8836BEB6F34D92EDA624183070248351F1A079E5D3E7A9EE8
311
1F2CE6678F92E299EE312B6C0572C0A7B5EEE07853612403813152C7125E2022A20C18F855DBAFA399817FC97FB6E1CDCA31D348434ACD0012F0D32A5456B4007E6E92D72B1A4E9971223A42C1042819E4049C0C5801300C0013FA48F8944FBAE71DAFC27F1826FA2304ECDF3F6C10FF47D5C7E49748DDD687DE8E91C09394
311
EE0682A4F84CFD6067EEDF43E67EA46CB2F4070160439245F00343D03BF25D7E2F26FC400A896DBF19FB8D4D0A66DA669C3D608F9CD048A0533621B25690EE19D5D15248E390F042B12C682511B02BFE3E5700E4C9A9B2107A8F45248FA48234FD23005ED1F4EFE80D1320836F04003BF42856D478D1DCA3ABEEE3C68F9F30
311
C3A16E5C238EA5DE3FF37DACC2F8B7980033F47FAC34421EF0418A045394802CE032D61C70023D788136788613887C0011A4EA316E005718AE191F8D0D841B9C679CD2FC478442D005429166F5A24403B1E6ACF3298F388B6D0BA933D92339D48969A5C11F09B4FF017A9900A4F887010C474717E10F36468032FF33F4AD61
311
0517777104CD920C3CD15FC5F3B3A0C75BBCA3B00F2724863C10BCD4A0E00736C7981F2F72E4B001438B99714FCFAF713A2603BC710376A1715FC602022202E06FDEBBC680A3DF1C4C095A12C50B554FE7623B50374FB2129DDEA4C392C9188077658C87F55FF92FFA507FF03FC8DFD3F31BDAB46DD51AEB03F7E1B38B8B87
311
CFF47EA1479C3EBAD5C6B382C221C0F1B358B39D76D9D3142C4A20935F541E492E0EF081BA41B3620A8E172B584EA1485632E22A8221CEDAC6110AFA4B6D43E2B76A18AB240BB24337721C9321D2C033B2D3E2641A55A400A28403C12D1DADE39AD23FC5FC08C47A64DC3FF6DFF76B5235124022D7E6D6D5F3CB870F9F31C9
311
6FE477FAFE54100068A3A87FA5908A2C08011CF31309C10025B089FEF9C510522B8DC07C30AA469841723A10C08E27F00F7FBC181C083F2809EC3B2B328E294AEAD5A071B3A95C81D2DE3F930372D022C9C793535B92FDAD5426E90490C3C81D000017C6494441544698C416520C1C40C71FC204B22448FD9303782FBA6708
311
9A1A7D4CE38E89050FEF5F1E078A4DCCFADA058032C34C1CBC2E1202B1F8962B1A8024F0EB7A11F209E96FB369D4B64202FE7BA230AD24C46413536EAE955B341B726C593B5D4630C0BE822480908522B0D85430230352618DCD4F7BA6D568BF4343801480006658EA3EDCBFFA9702B4FDE9022163C43F9B72B58001A23FCE
311
6F0B3FF0E4E1DDFB9801A6FC42FD0132CC1F2224F89933107AD30B6C9131A53818AE944BE25A70810821C38F098411980E46D108F483DC63F49B91B852351604091D60546702F58A3872A1716411B642C7629C267E64E77719F46B0548FD6BFFFC86A38DBFADFCDF700228C124C8664FAA02BFB1F92B09800876FCE4F2D1C3
311
FB4FD0A44E0106A8DB8079751CBF0BD9340066C3D52BC64706467C05B5A54401BE4A1B0132A55EAC1CCCB10D378A3DFEB9812022327745EF2102886A9142C812A1A2C9708027BB55B7006357459F9C2080E0BC34489FC629510F3017B62D5073E2A2C64048A0A42580E413BA9E08274091A398EA80B5BF31C87BF5ECF8F1C5
311
DDFB4F22AAC181F070AAFDDAE5650C4000516440D8806786D874215149E69ABEC43FF0EFC820FEA112B0522003C84BE03FB76623513B6D840820358B084119B0CEC8C00AE888826339A54091F5FCA513AFE147975BB1A86FC50618D9D74502F0C7C8815AA306602FEE3A5E79E0D7DED1B221001118B73182CD439A092FF801
311
105D1AA14E1918EC282F6260869D55108065988BD67F68E5581720A708051F7C8070F582389C682BE53F2AFD85853F2A013D21564028E06E79B7A71E43212180A81541EBC88F451E02385100491AB0C4A3BC5309A95911E66D04C0B448366988ECD204C2FC930F8CEE8FA410EE4C25B58DD1B6EBAD83F6196670F7DE635282
311
C0A56A851AB035831725F0471A10FE52097089C80495804100318405F0DFC2136004B4C40705EC9154315129205EC357930035688F61AC02188250CFA9A980233925F16A117A48CA54DAB6400221976B75D863330942E20EE3B00B08FBB71AA813B0E502FD2B023DF70114E0D7DF2E2EEEDE7B789504200112075478F2FBD6
311
897835C91F0C20782401E801A2F9142700B74805703426023A81CC0BE88B537D0003E0C5181D29EB8D83050964DD2580910A1E7A8138F76253DC01DC2F3824391AD748276C0B0CDF12366625D038603D0003E0266CB42704C8CE7FA7F11B4D59C0BF454A78F8FCF1E50513715D469607031272358F04E0003C90107223A581
311
218F10008B10247CD20D860FF0BF48801040B361808148714764028EAC137E871501EFDD97C89B52107FF1235B0928C562530082573CE137840EFEF82A0BDC602736C595912FBEC69E6A3A26903B3A300C5A098A9E3F1810CDFFBA019D97B4E7A7A075850F2E92569BD960CA7B8304995FD006FC4213BB1448A6F4BFBB3A9F
311
9FC4962D0A1369129B10073771FEDA38B1737B663A71C088D8848027FC3008DAC4E4397A6F76271DFFFCF77D6BD7F1F67DA51E0E08875A6BAFBD6BD7AE52CC04A0B4A2206F650EC412841A48258258E8662C3838FBE21E25172C2A15A4F78D82DCF68A005DCF07047C183E1CE47731BBCCB5469D9169E0D588945BEB637E87
311
802A03D88FB82486210D28FB3B858D13DC7CE75F5E6F3B03C1744D30CC58C7C7A256146853A05243060B850072A7010CA47CFBF9A1E24F414037B8781E8E9F219A774B36481CB43E48A79819D638C8760D672FAC19FB9D3FC5EA9158DBD0159C27860409682E8FF2595652FE189D2CC2D7C023E944158355806FC320087CC7
311
4116030CC376C559C098B93A041C5DDA48AF33827D2327DC761D19C17CC62780D82A170E6CE7415A5E7FE825E053048F88D2AC2A561CA4D4C60098DA28EF1A01382772484698F60C8DD24BF396EA76260542810A625978C03580A9CAB91D10249BE579B0377A3DD15749A45F24C4D81FF3D7D7996F6A1690288008C0FF6CC1
311
86DA9D5FC95BB09B1301004B016E707FDFED306A1BE8FA208828F00BF342186839839F1F6FA338DC5A0200FF383DE92614C03A4508DA18F4D85F9354F7E867AA77A42FF49BBE6757A1A7454448D0BFC3C220714FE43A3D8F1547BE10F0BC5A05985AC3C28829A06FE24CD062700601F4AF12AF99099B08E7071DC4626A97C9
311
20C3FF96E190C9D1FD7CB6163E800D79E5F3F10A9306C02B799E80F1AB380E0571A584C0370A220C3125000B500900D96FEA40409F980E2083E4EDF4D8D2480AE5667222E020BCDAD4EF19682120818FE18EC7FD6AAD67C03F7DF1955E697456F517AC4F24700C30171C67E9168B109A4F60AFA60F98BE30941BF776DBC7C7
311
0792A2FBE98AAA97224F8BEA39B47BFD14A8CD03320DA2B676E3AA397E652E30A42CE2987B7DA1EF7F75242413800A04C0270C62A13372400B435ACD84B8B5009208F5AC73EB149FFF3508E21C2201E0338BE07E50EB47E7FF6D97724A601028C5519073E7978EC88834410450E074DD58AD13A4900103A6444A9CB9910322
311
9F0EF8C0C78161EBC68137240734CDCFC349807851E0EB46CE864D2E405ED341B71A390CF2DE20CF5193189E1901E866D0230409684B193D17E2928534D04240937D3C84477494FC5E0FE0B448E35AFC19007926C1C6A6E622FDB8A12E30993C6710E070397C4B26304C0AE38218D19F01FFB15BAE1C0E7E74DF75F2406E37
311
3C414E848FF8E500EFAF3C1029C9C0ADAB2313A7426CA9B2C1B9E30032C84EF31A09A88A386F136E8C2F1D582EA0459207015F10F1F001F0B1B7DF7222011EA2001F00BFD36BAEE0850928B08C077030FE3806C880EAA74BCE0863A952812E6008B3A89199C1EE918AF96AF583F1A073B0A355B9D861AF1460DCFB3BFC6B7E
311
FDC834B09700CBED3510E48DC7129041C991F06BA5006CA6B5B34EE21501374E8DFC910042036111EC9C7CFA1C05D48A7270F7F835BF04A4194DA4CF76CEC66718C84CD020D04C412AC848F03E3C61A1C8D50D0EA6838A00376054D3DF61A0E393E1F8B058A6C994093476D601A4A06F0CFD3C0A6BFA910E75CC10400A80FD
311
A93AC9B5EA4303F6C0D188B559086091CC5910137772E14F2376D03181B5CFE74C0EA38440D0AC256D6C4D104CE05302FCC00B60B9CD4D71E08BD40C144A025E60D4C1F45FE846A2105D717EEA84808A5DD90A168E133640311CF05DD870768683F5D2F1800F485AEBE5CABD8FFA3C0BEB33702493AEB551B1EB035EF5C8E5
311
757FA7832141F88E8578A363802B560007AF93D7D470B478C4D00B412D634C9140C4F9275C00DCE8DFE3C7F8C0AFBC5B2CE82E3C3BDF393D4375D50C43CD1C17E3777CD2C170725B7B42B41DF15BFC344DAD089C1E9118522B4A2C60B794E4E8F33081BB7C8CFCEEA0B2015E49D586429C6C78646180B7710E06018A308224
311
3C275F077FBE412C17DE80D3E6B9462C5204C5D980D1DF84A864401C483CD01B143F4A4868087A0F780F37230200A4FBF6AED325114C367C22512750A5C7C3E32D545CE20A0904183BA10015DCAD89864B3E1EE97EBAE8B204266A48E010511838E2FE413FB116E60880C2D8440AC3880DDA6DF6618C138CF1CB2A09637E18
311
D00F80CB0DC05322E31EADB8081C29410903F06BFCDF5AB46024E4A75828056440503C707856EF0C037623DD4922A400E8A6BD75E4D2800905F18450A00CEE88860C8964C7B3F90F56528BA18F71CFBBBCD2D05797E168FC37DB26DBE0DD2EAEF39686C18440820013C1444055402A541400DD362A0A402F1FE51246404E09
311
8249FEE30708C10CA0B54601053159480C00BAA9B1223A773234FE72FD5C3BD81804D8D196FE3D5315A0C981D88D04FA01DFC185CA93F9120E1F480B08063364A0A318F08DF95056E4C91F1150D31B011200383502E079EE43CC18603AE2F88FD139C802A739F208E88D06DC78267C448C27C4113C19B0F51B0E9C1C021CF8
311
F9167C6B1F2E10E461002910105D1042792D1CA303F469714C018C23D72179E165049C40E801CB96CF334562E5807291D1E0C70FE6CAD91656715F0E5C5E70F8D7F83290549B1BAA6F781D25180EBCA93EC84E72A74081CE3020789B3790E1A9E478E658C099BECFF01E530E80EC5FE31204ACFF70AF8177A03059240CD074
311
978A002A878BF883FEEC81DD684E406CA630ACFDE87292822A11953710F000885D6F68A67ED40CD772B0828359B753F7CE23D9479AB9845771B389D6A77130F8C134EFC83947392029B10E4425440A84AF0E54825228FC1634D369874739C837A9DDC83C20D320C36042610ECDFA750303710224D01202488012CA847424F8
311
D53F78AB6BECE9B3B35A7F32396AC6B7444566327DBB4DF06FD9616744F4D3A397EB3B0A3FBA8D763702883ED742FE5CD24146D8E353ACCF811C806AE09914D8446E93840FF4D6C963FF32BFB6AB015D1D3B0C9A0968776F021F21404B6260CF84A14F35180CE20B5E85BDA2EC91FD5A7DBA7E5705F4F0F97AF26CE18E3BA0
311
78138202400A62930FA6CC7882F911A92F33E547E64990B0F27323D73B6222863F86425153FA8009361C675554C25382CE148420C8DCC47A20122806CA178A0918C14CBD33440289078A00EC6070184CA9907FD0A1270478E0B325B67C2193694EDB7DD0F3C238447C8A11485562FB4902134E6AC952FD5320A4F7C780882D
311
A9684285CD81D278C0E8FF8DEC9F45D22DC3C2CA99C2728110888799575B6834BF22B0F01EDE72D7F21B672C40F0A972999E2200B7C91403F9BB3D09C01990819238CBAE5E7510D7D57450507E3DB04AAA0A3C280064E0775380C8C16EEA4834346A04BF0CE847B4B3AF760D06D24BBB267C32E2C9257DE5EB748AD101AF1F
311
D33265E2B674EED8C01A0AC901392211011AC810560F77778E85B13BAFE3E25C95B70919A4862C15928BD8989664AD8638101D009A80F00BDC41AF27602A4BDA0C077E550048E7F1011410F01405045E1C140B4D0E70E0F6E034171C3D6FD12004FCC1FA304312518910356628A4A326EC9ADF5DFFD1B2C0399503F14B4F8E
311
3E0E4E39A06ABCB56A8014687E86E462BDDE5124615ECDB412B7314F62E6E0C76ADEC0F717B360E741960104CF1706CFA18E0605004B01AE007869B095ED92144A807841EFF2811C047889A04901C809062057192688C92346F97F279449F89B113500BAD282D1DA80A55C27EFFE02C8D4F395003F285B617BBF0831F49B05
311
5342DDDD414378E8888E92C16789F269A27C9A221FAA4A0DFDDB9F935B2ECC04DC51481558A69301E0460B02665AC4DD30C03D480866C3409400051811876014C0F294C542821AB045011A3E3F09001FF304E3A0BED05CC11A811B865001769507FC01ADC611F400CF68C7B093606E30F3C7E0F00C1D10C31951C1E2D72521
311
81DA00345842A19130715C736EC9ECE686A712FDB31E4D3E50AB336E5666D7B212C0113C4A4406029709B43D0228F3FBAF49921B19CA0C82A2D5BC4A2079809240F37D3E10F9637607C3983F0458508A98B8B4EFC92AC13530180CF55359500080061DF59B98BB3FEACEE881DC8127F182A885A86FB12B43C590A4380504E3
311
2305E3148BBEEB2D2782029765428092545BA5C2C681FC5F8E869C0EE1034A822FF09A12C94084505AA868080303473F8161F7AA0A6610745E280BE4427FB770106F8800EADABA19F453210435BDB2348471B13B65F2FCB554827632C4C44467333E4127095D22092ED492009930413251B5408345065065E415266E20279A
311
40B3F520370BE2050C8360E6BB4601C1673B9BFE007EF5200B6483CD195400A783E6DEA0653515B0FCE8E86D1618FC1EFC15C2E727F24F2A2DAB57326D8D0877D4E298894E7A0C3C7D9CE8A0E2D17AA2020FA1097D6372F2A9F955060FDD467AD0426368C24A8340FD0D6687A76316DEF5179ED9042005A2BF02A5DD810A4D
311
EFA4A8F700EFC50FF4FB8C06410F0303C106ADF8852ACC6A2CA9046E9ED070739339857222CC009E206479886EA26227BF7A341A15C351A8404A6C10080A2140FA4B4E8D9B9A11645899332363FD69887F436A660566964250FD752E787B64BCF8E6C8190DF8EA0C854C062D8A5A1346F810414313E606ECA0AC3A01D69285
311
44029D5F42E202C0CB386F880F7842A31287061F32F3CBE09F2950783394F2F2B23D85386C6F51943E99DD10C8A0000BA9569A14805693274BD0E4F4DC3F28E331EEA91C4F33ABE057889BFB92819187840A08E57A276A8BFCB75B0342668C70C565C8059996D209C2800941A21FB82B2F520BC2E6FE6F1A8827043DE17000
311
DACC8193E78BBB8DF1467978C06F6AFE986123E3A95272CAC122046F4C65C4B88FED2F1CD1D918F7CDBF8903BF1A90057D42F4DC133AF804ACBB58446A0DB78806FC053FA1E45D0AF1112613CC0DD976C5E70AD3282F42725C0D02AC8588DE451B1C01ABF063E7748A3882F0DD484BB78D037F9812240EB88B6034C0AD53E5
311
116D4C6D920C6A89F084E6D0598AD7EB6930CC7B293E27A666E5CDFE9A3FA52FEB3C97976FDAAE9A60008FCA6B33099CF9880D35D419FC687D424378E3099441E110C5B3C6DC311E6653514A67A530D863326C4D8430E0C28024803B5B069B0E60C10EDB6DF087034171DF01F1F3404B27B1056D8C0E56E7CA6056E7798147
311
BE4C2F01CED5987E413AC6A724876DE3F599E0601CE7B9CEF3BEB3671E12DCE8AF9631B8031D3F360B6955DC2342B2A0E4632A00264C0DA002220CFEC3E10D9BADC8904D88DC51928593AA16C91DF6FFF82B3234404C7214D0F8608E0052283EFB2B0563F1D072936C4017706010BCF1B16CDE0C1FA9C777E44E1F5259B0C9
311
BBC8794A82A6C182A3AF56B16921405351FDDC91B5BAAA617860E8D76C97C377FE701A4EB4378FA97C2C8E3CC8950886C6FD93AF70A1F5F676B7ED16CBC56AF5D09110EEB8607CC08A795882358280DDB98AFFE7087C6EB593D62F041CDB4018935238E73F1098100D0C8769818F777057F64C703C6530E142FDF5C837AE1C
311
F66C94C4887D3A3726AB990DEA248F73B5D32C8E04F6714B1E67C53FC52040252E605B322407CBF8C7F05453462A295ABF4D95592DDD76AC23512E9A2DF964715C80DD752CA8E263AC36F02C3C28A133EB22AC8D099BDEFDE28C3E8FFEE3815D5D00C17C00511058354D62443C1A546280E43572A9C661A34FA5891F8E7570
311
608C8DF21DF51DF9D2A84D4501F41B8CD4F4C9DEB2F901E810C0E4CEB6EC08DFB06341C864CF8D0EEE779A606545E1E64AAF30A4324C20FDD3BD558BD966BA994FA915CD162B1978642AD01694E533EC190368A68234657085B5F88E27A0805E04B8BB6A00A51646EE3C10A50FF007FF410F1963CA69BE2002F0F902E701AE
311
C995FD41F83A3F0C3809A3288A083003A6CC2A20E6D703EE48E3777AC07ADD51EB6101603A9FCF17B3D5928F6D742EE7E4CF38AE2B03C5FB39C81D7B2978FAFE85AF3D2710B0582C970F0FEB0E4D1103B8BE2B4D560CA10002FC8F334C891C07B44FE06B2E3ACE5E1E2D1FC32203110ABF9CA0E8381F68EC3C06701328E5A3
311
8278A5FCD944CEA5283DA933DF2A2448BD23F1C5D8BE04CC2DC3B43B3EEC29F8B5FF926D11D3E97EBF7FA1BD1E5E5F5FE6D3D972F548547783146ECD84873F377C5820F7F9FCE5E07378D6CBCB7E036DF7F7104079A05B77C6942D1BA95D47424BFC3DB6411009A42E207871B7EE9B06614BBD20F22F7523FB985F3F7068E3
311
7600273A3ED0C1CCC380F6EC4AF01CC1CF95E4848B7BF950AD14C44F10460221E02D21D01DAE800F323704C00035DFE97CB37F797D3D1C0E4FBF35EE1E5E9E0E879FBF3DF6F474780A01FB3DAF01FE0C0798218007C2090A3008BA7682A338F4A8804A06CBFE6A80CEC766F49853F15B2F45FCEA3F8250012841315016E75E
311
797EFEEC4ACA6C79F515CF1738F7C36E2406071051043817C9E8C5888D49D0332E800062FF54FA562BF7446CC0BFDFBF8603D1FEFCC9F7FFB5A7F000430755C2D3F72F2D02A022820897ABDD44594475BDCCA4A10AF34C06B08B4AB58BBFAE30999DC66C7CE903A83CF8EB006EEEAA063430F84B05F0ECF644825F5E950738
311
70E72A0771AB89B080022A0C5A9FAF34C89286257FB7BEA000EC65B59750C68E0815B0D9834B15606328F80709DE09018AC2A7817F83F96DB3D562C10A0A31300230CD4200B87F85808BAF64D04600254047F9C14DE93464009E7F5AABB4FDD6D55142A2C0BF1541FCE19C20C899BF4F76AB54B84CB97F88F48ECC029FD253
311
F0C70DF4816B9AC94BCBD653B1A283C4001A0337955E4AFED3FB790B6B1F5EA0B5514074103A38D84280EE0F5F9BE974EAB2D16AB1EA969684B6E4166CA28264B300474C7308D20013B204A65F82970718D05678B3315D442E1C0A327E2F56556040C005D2FAB1326A68A07507C9E46A3648555A7080F5F50219A00E6222E3
311
E0862CE95B5680930530742F1D041805E69B788161F015944D041182B861A2C17F3AF01CF5BFDF6C343F9171F5B004BF59C016719164B888EA206A02AD05E8464D06B48E4381A0E9345FD171625AC22198F57C003BEA5510F81FF78D31C9B033D0030000000049454E44AE426082504B03041400060808000B81145D28BB58
311
AF800100009E0500003D00000043463535344541342D394341392D343539422D393037382D3733303543323244303031382F536368656D61732F436F6D6D6F6E536368656D612E786D6CBD544D4FC23018BEFB2B96DE15493C78601010A34B880709DEDFB52FD0D8B54BD70DF6EFED3AC0B12E6442E2716BFB3CEFF3D18E26
311
FB440405EA8C2B1992E1C323095052C5B8DC842437EBFB673219DF8DA659866649B798C078B48AE6410122242F2A4994AC7F93815DF85C049C8564CA0A901499DD886B2EB9B1E02448F358701A9235880C49A0119892A20C89D1B9FD768815CAD268CB5E0355B40B1E47F3E37A2020464BED06AA57CE8FCC20C3C3446D4676
311
1A2632A8C1283D07031EFF2AE7CCB1BFEEE916E406DFAC8E36FFD99A9D60A6944090EEDC3B670C7DC13DE86B6B2C5C240D6E503BB85ACD579D513F1B9F9A69DC9CC22AFA80C426D40AF0B21EA168559156B6276F0F726A6BFF04DCD513A87A62CAD41FB24FCB2858B3952E3D852084DA25B9303C15687973CC8E8AAE11DF28
311
36C38C6A9E765E8C1BA1BFB1DC29CDFE518C8B5A7655A4ED7E77291ABEB80DBD82EC866ADE1B8D05AF9E35CF09D7A061F38A986D9EC412B8F0F65E5D81534D9B231D1E5A8FE577A241F3A5FD01504B03041400060808000B81145D1004A04F380500005C1700003E00000043463535344541342D394341392D343539422D39
311
3037382D3733303543323244303031382F536368656D61732F47656E65726963536368656D612E786D6CED585B6FDB36147EDFAF20F41EC7F69A2005E214768278069665709ABE0A3445D9DCA80B44CA89F7EB7B0E2FBAC4B2A32643D10E33505411A9C373BEF39D1B2F3F3D27926C79A144964E82D16018109EB22C12E97A
311
12943A3EB9083E5DFD7239558AEB07B6E109BDBA7C5CDC902D959360CE535E0866DF07A7579733AAB85D5AF234E2C51DD5B081CA7A87DEE56E47E2D6689E735AD0947194500A22A249308DB6F82682A3782C52A141BD80E4E54A0A3609622A150F48C16994A57237097451C2DF462738529D3AC5FCFFB5B401988BC7882497
311
3CE1A9A628D91CB968BDBAC335B9A4BB379C6ABF5D2474CD7B9F773F7F78C349F055EF13FE2CF856F0A7379CE2BEBCCE6456F8E316A9E66B5E18E4AC77BF5812F5937FDEF0F5BFE3E3C785576D96659253EB54863A87AB5D98ADFEE24C3B8E38FE48BAE2C062631799EDC8BDDD833C6E88585B9287340B23AEA990CA49B1A4
311
73421E81F856D06D9125E45E6F001C4F7F85D6DECA8C6A835753A250DA50DF92F743409CBC3BFA4C6EFCE2618D302A0CEDDB264D93950002937BC66489A18D0A345DD650415124BE376A745EA9F0E016108E328D14C979C1302CD6BC0A4191B2C2C49112FFC0DB51401288D6A44C26C1B87A160AB6A11E5BD862514BE8B3DB
311
750607BABFF6F781D6A74EED6EA7AC28FB3BA68C87AC94B2138A99DB41AE7147A71F56659287340123812054CAEC8965690A74E111C5BCA7260158B0963EC50C07E38FEDDFC5C5C70AB6A915F446D44E46C321E46087E23E221E2BC0DA6EB440EE6F44E80CE5AE2E2D2F31AD7AB71B8B139AF730773909401FE0D8DC3FCCFC
311
C3D438DC1176062076C3CB4A9D953ACC72CA84867CDA0361E0910F4EF3B109A07D332211C72556825745A215835F47678059E337068E3ACB0E2EA2B507175B0818FD1082EB4D26186F85BAD33464988F1420E1B9E43D522F8452A450106B04F01362BFF1B2BF5059B60F687C9F663A54396722163C7231012E7480FE916910
311
E6572B6D8F4A54CBF92C5CD324A163C8508058D3F16A399B13B348C6830FB5FD47257A1B8D2CF08253EE776B3A72D782D895363D96020B6C18D3C86359B3C6D45E728B4B9D716893D091E4D533045F495D2EFEF633FF5A660A520A5790765FE52E12F0AC82685E7FFA0398D65528850A132894DDE9F837B1DE48F8A74D4877
311
95A482C7122A6DAE377BDC5DC212A465ECD8B03E7E2E208EC88DD9DA89456CFBC477FB798C74389668AB1A75C820AB7568FCBE0B5F94DC9AFF0D038D9F77E49D45B8278FC7177D0DDCE732FA0BCDDB42720FA90E87115FF76375C5696F368AF83103F6A5911FFF03561EE06AD10ABE933AA9DEC398588888137017449E09C3
311
77051FCAEED1E8BC3BFA9CB27DA2CFDBF533459F374FC0C4FDECCBF3E06CDC6874E0710421EEAA6CEDBFEE60EB913607436C3F5BBF713F6F42253B9A4A0FD64C08416FA986EB02254B1846D82E7CE2584EBE31E340E9A8247483F07D5B84AE3A5AE0D4C5B202EE585468BA84105B1F5EC00C16FADB133FB7399F390FCF245C
311
BF9027A137FD26D1D651058D44D9B331A93985CAC2046CB4ED9E0314977128A42C13DB06879A273052525D16BE833B8706BD1269FA69F2B9B109BB55D30D37679986D85848B86F026CF21E74809100180B0D280C36F6015A7DFBD06AEB6F8D503BDCD7DD6DABBBEF54E1FF5EDF0E3AD53C03509B5B816FE9F51BC8026F44DA
311
B82BA989F200C4220B24166C3037854094FD46C5648D9C42F8B07E53687D824917FED3CE56F3FBA68BE3C6853FCD64F4A00BB85831B1243346654A134805AF5CF39A9DFE22C9906A6EAFE8303A5F4AC4FBE637489CB62EA59B9D529255F326CCC28ECB77F812A7D6E63DF957504B03041400060808000B81145DF702076DC3
311
010000E60400004500000043463535344541342D394341392D343539422D393037382D3733303543323244303031382F536368656D61732F52656E6465724D6174657269616C536368656D612E786D6CA554CB4EC33010BCF31596EFF405481C9AA2A64851255E4A816BB438DBD4926347B15BE0EFF1236982021512B925E3
311
9D9D9D59677EF3510A72C05A7325233A1D4D2841C954CE6511D1BDD99E5FD39BC5D97CA9359A0DDB61098BF9CBFA961C4044344599637D0F066B0E22C074BC98C7A0319C58A9B254B2435ED23BC2F388AECB4A6089D280B18D139496815152EDDF046711DD82D048498D902B293E236AEABD7DF74D5D839F69EE1D9F48E1F3
311
BF448FC9E6BF144F351E38BEFF9D662D0D16587B77825FAF2195BF515C395B563BC5197A0AE68DCF363BA831CF7C7C8D7F0DA23D42898037B451BA833673DA92BC82D87F636ACFFB0CEC96F4EA30EF9A0FEAB85D91CAED89348D80E9B178DDC3ACFC71D06F2528A182138DD8672E4DC6DC57CF91467432BA985E4DBE3DB399
311
079353607C0A5CDA0B70D4E65A122FA41BAEEF6C272908D315B076451BD55EB0FF9E092E11ACF8C6B5306028F9D5F15EB95426D31532BEE5D6EC700FBA0C1E94211D7ADC8341143D429D2671564059C2EC72108B4EE3847890CC4697DDF8A708DB01FD7AD8209A41EFC2DCFD7063A504821C7869545188D6C16DF801342CCE
311
6B276363DC8EFA4AFD0E86ED0677C3B77747C7FD3FD617504B03041400060808000B81145D1BE41A6051000000570000004700000043463535344541342D394341392D343539422D393037382D3733303543323244303031382F4173736574446174612F41737365745461626C654F66436F6E74656E74732E62696E536160
311
603033733430717371D175B43072D635317735D5B5743176D53532347336767232307536761402AACB4D2C492DCA4CCC492C28484D2C4ACC4B4E050A82012F90744FCD03CA26072767A4E6260200504B03041400060808000B81145DC55C663656000000680000004100000043463535344541342D394341392D343539422D
311
393037382D3733303543323244303031382F4173736574446174612F53747265616D56657273696F6E5461626C655D8CBD0A80300C06F73E4B29FE6CDD8A2E82A083B8B7F209014925C9FBA3AEAEC7DD2555D896CB85E51C2A1BD834F6A1F56EC4494C4695278364ABB24ABD2146F88CCEBB89D5321FF8F3F43D672A3B44DF
311
3CB6A1710F504B03041400060808000B81145DF22CC6BF340100009E0400003600000043463535344541342D394341392D343539422D393037382D3733303543323244303031382F4173736574446174612F636E782E786D6CCD94314FC3301085FF4A648931B19BA1AA2AC71582A51348540C6C57E752AC3A76645F10FC7B
311
EC2403A888A943D7D37777CF4F7E27779FBD2D3E3044E35DC3569560053AED5BE34E0D1BA92B37ACD82919BCA71F182B1CF4D8B05C664A9E821F87A5D46207A3CD556BDC7929DEC7887480A3C5A7EEC13B42479115DA428C0D8BFA1D7BA86024DF623C572D1054AB2A60F463D0982691E97199A4030261CB542DEA75293665
311
2D0EABF5566CB675FD267926953C7A6F17DEA465C10F77B5D0F35EA684E41950720C66A1F26B98FA4B6575344EF2442A19292457960EFA1A52070C83351A2899C7BD26A4324108BDE433AC24CF2EFCF2E2113BE34C6ED92769403E3C278118C8E00D7AF29FDAEB7BB37791C069BC65472E355EDF8797E917BDCEB19C72737B
311
69B9D478859CF0E994A4D8E4CBA2BE01504B03041400060808000B81145D8FE45A94E5000000600100006700000043463535344541342D394341392D343539422D393037382D3733303543323244303031382F5265736F75726365732F36364130344644442D413832432D343745352D394433452D32313643334242303543
311
33412F7468756D626E61696C2F302F636E782E786D6C4D90C16EC4200C447F2542EA314038ACA215617FA2A75E2A4ABC295A821198AAFDFB42CB614F638D9F2CCFE8DBF719A62FC8C563DCD8C2259B203ADC7D3C3656E93EAF6CBA199D11E9096353B4276CACDBCCE823634DC3DAE16E6BE86EF0F131CC032264EFDE533CD8
311
E4822D6563C57DC269B9AD843B9407DF2D59BEF00C056B76D00E903F611C70192CC1CE8C92EA32CB7556F275B95CE57A55EA4D8B4E1AFD811806EF2341C6F4A2A4C336C6F68FD4A20346D7EC07D54330F3F49C166D6974A1DCF20F887E52836C4AC13B4BAD26818E80E606813DB5F8878D163D6F93BF329AF66ECC2F504B03
311
041400060808000B81145DA233C2345D000000800000006500000043463535344541342D394341392D343539422D393037382D3733303543323244303031382F5265736F75726365732F36364130344644442D413832432D343745352D394433452D3231364333424230354333412F7468756D626E61696C2F636E782E786D
311
6C4D8B490E80201004BF42E6EE76F3C0F216234B883063108CCF170C074F95AE5473F5C4C06E932E4F28601967600677D21E9D8092EDB002539227A2FCCB80E1168D80A6417297A89C5D6963B7129A0D1E8F2EE73AA7B62BBEB8B27DE50B504B03041400060808000B81145DBE89762363000000880000005B000000434635
311
35344541342D394341392D343539422D393037382D3733303543323244303031382F5265736F75726365732F36364130344644442D413832432D343745352D394433452D3231364333424230354333412F636E782E786D6C4DCC3B0E80201004D0AB90EDFD75167CCE820A4A845D83603CBE602CAC26799919AEEEE0D965E2
311
E908050C6D0FCCE04C8BC355404EB6198129C92351FAD580A10E464065907C8D948F8F166375F655BDC3FDC3B4E530A176BE7057BDC43B2A593FE403504B03041400060808000B81145D5D9F89137F000000A30000003600000043463535344541342D394341392D343539422D393037382D3733303543323244303031382F
311
5265736F75726365732F636E782E786D6C4D8C4D0EC2201805AF42BE3D4AFFB026948642BD47636943A460B0188F2F982E5CBD64F26658FFD92C7AEBF032DE75509C0820EDEE7E366EED20EE0B6E01F59C05EFF7BF1B20376DBA838C81B335F8F83CD0AC9729DA4CAD718F03522A487D530A8BB694B8BE8C0DBEAA6AC46541
311
65350CA4919548C6392B697EBDB439CFBF504B03041400060808000B81145D798C64500A010000550300003400000043463535344541342D394341392D343539422D393037382D3733303543323244303031382F536368656D61732F636E782E786D6CCD93316FC3201085FF8A85D4D11833445684C9D0A15397B653378A2F
311
290A70D681ABF6DF175C0F89D4AD1DB2C1D3A7D37B0F4E1D3E836F3E8092C338B29E0BD640B438B9781AD9928FEDC09A835684982F30D64413606455665A9D0897799326389AC557D5BB78DEC47B0C01E3B37D87605863BD49696469BD72B3649C209DF964B2E13D2748B890853221BB00DB044B60324C4C4B2177AD185A29
311
5EFADD5E0C7B295F555749ADDE10FDC6BB988170BE93C26239C66248A8AE025A2DE436AAA660FAD21D2F7DA8AE105AA54CA5858DCC5F7321CD3C7B674D2E65752BF8C368D5D5B057911F2002397BAB99AFECFD5BE8278813D063792972C6DF6AF6DF5CFEAD826EDD80F20DEA42E86F504B03041400060808000B81145DE360
311
3EBE7A000000C20000002C00000043463535344541342D394341392D343539422D393037382D3733303543323244303031382F636E782E786D6C6DCD410EC2201085E1AB90D9DBEACE05D09878023D01A1D34A8419C380F1F82DA68B9AB8FDFEC93C3D7C52546FCC12980C9CBA232824CF63A0D9402DD3E10C6AB03A3397DD
311
192872090D3406ABE7CCF5B5D18893ABB1690CF4DCF02282E5EA8A5BB96FFE536F285CB347F95BEFFE81C9ED5AFF9D5B1FB575BB00504B03041400060808000B81145D9D884A6E7E000000A300000007000000636E782E786D6C4D8CD10AC22018465F45FE7BCB2D650AEA5856EF319A1B92D3B0193D7E1ABBE8EA83C3778E
311
EC3FAB476F9B5E2E0605CD8100B2E11E27171605799B3107D46B9962DCFE6E80C2B85A051583964B8AF9B9A3C9CE63F6957A171E3B3437C6E875A058984160CAC4190BD271DC9D08336D7B21A4E1C53856A5CCAF57B6E6F517504B03041400060808000B81145D1E7A0675A400000032010000130000005B436F6E74656E74
311
5F54797065735D2E786D6C95904B0EC2300C44AF1279DFBAB0400835ED02B8011708C16D239A8F121795DB93D22D20B1B467DE8CE5BA9DED281E1493F14EC2A6AC4090D3FE665C2F61E2AED883689BFAF20C9444F6BA2461600E07C4A407B22A953E90CB4AE7A3559CC7D86350FAAE7AC26D55ED507BC7E4B8E025039AFA44
311
9D9A4616E739AFD7DE8C8338AEBEA54A820A61345A713E0B17153F7257E37E705E3371913892B25F02FEA0F1FD83E605504B03041400060808000B81145D3DEE336E64000000790000001B0000006175746F6465736B2D64657369676E2D7061636B6167652E786D6C35CBC10E83200C00D05F21DCA56CA76D41FC96062B12
311
0735B69A7DBE268BB7777961F8D5AF396893C2ADB70FE7ADA196782C2DF776D7A97B5933C430F15651E5469C55D70F80A4992A3ADC954792C525AE70A1E4D6AD9816CC044FEFDF01FE3FDE907802504B03041400060808000B81145D42707CE1F9000000960100003700000043463535344541342D394341392D343539422D
311
393037382D3733303543323244303031382F4173736574446174612F636F72652E786D6C8550CB6E833010FC15B47783710A0D91714493F0053DF566D90EB1126CE447D5CFAF1DA8D49E7ADAD5ECCCECEED0E3D7FC283E95F3DA9A1EEA1243A18CB0529BA98718AE680FC59151676DF84583C2F059F59061607472362E1B24
311
AC09CA64D458A936907BAF0214E2919A1EBCB8A999973C86C4F0F772E1E2CE2755D6E5CA6334462D37A996C94D5FB572C03A726A3B32BEA273570FE8A579C3A86B1B821A7CE9C6CB693790B1A35516331AF4FCB35D38C58392C008262DC27B44F07BDD1EF0FE40C807AD3293511F5CFA795B9ABF0336E4ABCF3C705AADD33F
311
AE7191FFBB466DC28E6CAEABC203ABD391CF01A3554E29956784A9E644D937504B03041400060808000B81145D7FE52007F40000008E0100006800000043463535344541342D394341392D343539422D393037382D3733303543323244303031382F5265736F75726365732F36364130344644442D413832432D343745352D
311
394433452D3231364333424230354333412F7468756D626E61696C2F302F636F72652E786D6C8550CB6EC32010FC156BEFD898D46E8830519AC65FD0536F08888B1283C5A3EAE71762576A4F3DED6A76667677D8F16BBE579FDA07E3EC006D8DA1D2563A65EC34408A57B487EAC899772EFEA24165C5AC0728307036799796
311
0D92CE466D0B6A9DD21B2842D0112A79CFCD00417EE859D422C5CC08B77A11F226265DB7F5CAE32C25A336A951D9CD5C8DF6C02939F7948CCFE895B627F4D4BD6044FB8EA00E5FE87839EF4E64A4AC2962CEA2997FB64BAF45D40A38C1A447788F087E6BFB03DE1F0879674D617216A2CF3F6F4BCB77C0316B56F48F5B5AD4
311
FF6EC9D8B8239BDBAA08C0DB7CDC63C05953D2C9E5115DAE2549FE0D504B03041400060808000B81145D22BE4DE3FA000000960100006600000043463535344541342D394341392D343539422D393037382D3733303543323244303031382F5265736F75726365732F36364130344644442D413832432D343745352D394433
311
452D3231364333424230354333412F7468756D626E61696C2F636F72652E786D6C8550CB6E833010FC15B47783710A8D23E3284DC317F4D49B8B1D62056CE447D5CFAF1DA8D49E7ADAD5ECCCECEEB0E3D73C159FCA796D4D077589A15066B0529BB18318AE680FC59133676DF84583C28859759061E06C74362E1B34581394
311
C9A8B1526DA0F05E05288629351DF8E1A666518A1812C3DFCB450C7731AAB22E571E67316AB949B54C6EFAAA95034EC9B9A5A47F46AFB43EA1A7E60523DA360435F842FBCB7977223D6555167316F4FCB37D704A042581134C5A84F788E0B7BA3DE0FD819077566526673EB8F4F3B6347F073CDCE2FC61849E58B54EFFB8C6
311
45FEEF1AB5093BB2B9AE0A0FBC4E473E069C5539A5541E11A69A13E5DF504B03041400060808000B81145DD5C7F71E0D010000B10100005C00000043463535344541342D394341392D343539422D393037382D3733303543323244303031382F5265736F75726365732F36364130344644442D413832432D343745352D3944
311
33452D3231364333424230354333412F636F72652E786D6C85904D6EC3201484AF62B1C7C6382626C244FE3D4157DD219BB828314406AA1EBF10BB52BBEAEAA161868F37ECFAB53E924FB95965740DF2148144EAC9CC4A2F35F0EE062B905C39DB8C71BF6C20D16295358832E06CD98C7F1ED264B4933AAADACCF21085B5D2
311
81647A84430DECF42157910AEF82C3DED3A798EE6291699EEE3ECEBC57F3115573784DDD94DC00A7B823148F67D8D3BC81A7B245909212C3120D741CBAA2C12365590C73E6D4FA439F36299C9C01C70813882A88D15B4E2EA8BA60FCCEB2E8E4CCBA2DEC7C40E3768013D2A0D3D8F7B0A970074FE7A184B42F068873D2156D
311
8BCA4064D91EFC03F4CFF97FA057DA15F800EE090B781EFEFFBAE02C8B0586F16A37CC5836FF06504B03041400060808000B81145DD62C1BBCFB000000960100003700000043463535344541342D394341392D343539422D393037382D3733303543323244303031382F5265736F75726365732F636F72652E786D6C8550CB
311
6EC23010FC9568EF4E1C53D204394694C207543DF566D90B58101BF951F5F36B93546A4F3DED6A76667677F8F66BBA559FE883717684B6A650A1554E1B7B1E21C513E9A1DA0AEE9D8BBF68505939E1080506C1CFDEA5FB02296723DA825AA77101650818A152B7DC8C10D4052759CB1433235CEBBB545779C6BAAD679EE029
311
19BD488DCE6EE664D08318D8BE1BD8F199BC0EED8E3CAD5F2819BA35236B7A188E87FD6AC78E036F8A58F068A69FEDCAA38CA84130CA3A427BC2E87BDB6D68BF61EC8337852978883EFFBC2C2DDF8178C3E092571878334FFFB8A6BBFEDF35191B576C719D1501449B8F7C0C046F4A4AB93C22CCB5242ABE01504B03041400
311
060808000B81145DD85DEF1EF8000000940100003500000043463535344541342D394341392D343539422D393037382D3733303543323244303031382F536368656D61732F636F72652E786D6C8550CB6E833010FC15B47783710A0D917194A6E107DA536F96ED102BC1467E54FDFCDA40A5F6D4D3AE66676677871EBFA647
311
F1A99CD7D6F45097180A658495DA8C3DC470457B288E8C3A6BC32F1A14864FAA870C03A3A3B371DE20614D5026A3C64AB581DC7B15A0108FD4F4E0C54D4DBCE4312486BF973317773EAAB22E571EA3316AB949B54C6EFAAA9503D69173DB91E119BD76F5093D352F18756D4350832FDD7039EF4E64E86895C58C063DFD6C17
311
4EF1A0243082498BF01E11FC5EB707BC3F10F241ABCC64D407977EDE96E6EF80BD2D777A5AADB33F9E7196FF7B466DC28E6C9EABC203ABD389CB80D12A6794CA1260AA394FF60D504B03041400060808000B81145D0C18C83C02010000D80100002D00000043463535344541342D394341392D343539422D393037382D3733
311
303543323244303031382F636F72652E786D6C9591C152C32010865F25B37712429236E9103AB5EA1378F286611B99369001E2F8F88289A3DEF404F3F3FDBBFCBBFCF83EDDB237745E5BD3439953C8D00C566933F6B0840B69213B0AEEAC0D3F30C88C9CB0872483E0A3B3CBBC498335014D528D55B889D27B0C900DB778E9
311
C10FAF38C95C2E2112FE9ACF72B8CA11F3325F39C1839EBEAC83431950816094ED086D09A34FE5EE40DB0363CFBC48A4E08B36A1625B339C5E5065760E311288A6E2C5FA1CB145AB0DD22A7E525F343A10E7C7A6A91F4E35E9CEA78ED44D77473ABA6FC9BEA2CD99B17B4ACB36168966C17D7071345B913484BFDA57E3AF68
311
CBACFE196D757810E577A822CD59F0E27309F14C3B111F504B03041400060808000B81145DDC74B84807010000B201000008000000636F72652E786D6C8D50C172832014FC15E6DD5124D56A06C9A469FC829E7AA3420C13050730D3FE7D21DA99F6D6D36376F7BD5D961D3EA711DD95F3DA9A168A8C0052A6B7529BA18525
311
5C700DE8C099B336FC92013262522D2418381B9C5DE60DEAAD09CA24D458A9365078AF02A07E8C8F167C7F5593C8C412A2C2DFB259F43731A8ACC8561D67414F3FABBD532228099C125A6152634ADE8A6A4FEA3DA5EF2C4F4ACE9645CBCD4ACBE8AE2F5A39E00D3D550DED9EF16B531CF153F9427053951497E4DC74E7D3EE
311
48BB86E56999331F5CFCF37624E60CC88B7BF265F94A71F661EDB809622889AC19BF80139627E24FE86596FF08AD4DD8D1EDE0BAE1811731D08388C6A9C1381EF5C699DAE6DF504B010214001400060808000B81145DB5FC1F0D21010000A80100004F000000000000000000000000000000000043463535344541342D3943
311
41392D343539422D393037382D3733303543323244303031382F4173736574446174612F446566696E6974696F6E4974657261746F7250726F706572746965732E62696E504B010214001400060808000B81145D8D7F1FF9150100003002000045000000000000000000000000008E01000043463535344541342D39434139
311
2D343539422D393037382D3733303543323244303031382F4173736574446174612F496E7374616E636550726F706572746965732E62696E504B010214001400060808000B81145DB5A795FFE3790000DE7900006B000000000000000000000000000603000043463535344541342D394341392D343539422D393037382D37
311
33303543323244303031382F5265736F75726365732F36364130344644442D413832432D343745352D394433452D3231364333424230354333412F7468756D626E61696C2F302F67656E657269635F706E67504B010214001400060808000B81145D28BB58AF800100009E0500003D00000000000000000000000000727D00
311
0043463535344541342D394341392D343539422D393037382D3733303543323244303031382F536368656D61732F436F6D6D6F6E536368656D612E786D6C504B010214001400060808000B81145D1004A04F380500005C1700003E000000000000000000000000004D7F000043463535344541342D394341392D343539422D
311
393037382D3733303543323244303031382F536368656D61732F47656E65726963536368656D612E786D6C504B010214001400060808000B81145DF702076DC3010000E60400004500000000000000000000000000E184000043463535344541342D394341392D343539422D393037382D3733303543323244303031382F53
311
6368656D61732F52656E6465724D6174657269616C536368656D612E786D6C504B010214001400060808000B81145D1BE41A60510000005700000047000000000000000000000000000787000043463535344541342D394341392D343539422D393037382D3733303543323244303031382F4173736574446174612F417373
311
65745461626C654F66436F6E74656E74732E62696E504B010214001400060808000B81145DC55C663656000000680000004100000000000000000000000000BD87000043463535344541342D394341392D343539422D393037382D3733303543323244303031382F4173736574446174612F53747265616D56657273696F6E
311
5461626C65504B010214001400060808000B81145DF22CC6BF340100009E04000036000000000000000000000000007288000043463535344541342D394341392D343539422D393037382D3733303543323244303031382F4173736574446174612F636E782E786D6C504B010214001400060808000B81145D8FE45A94E500
311
0000600100006700000000000000000000000000FA89000043463535344541342D394341392D343539422D393037382D3733303543323244303031382F5265736F75726365732F36364130344644442D413832432D343745352D394433452D3231364333424230354333412F7468756D626E61696C2F302F636E782E786D6C
311
504B010214001400060808000B81145DA233C2345D000000800000006500000000000000000000000000648B000043463535344541342D394341392D343539422D393037382D3733303543323244303031382F5265736F75726365732F36364130344644442D413832432D343745352D394433452D32313643334242303543
311
33412F7468756D626E61696C2F636E782E786D6C504B010214001400060808000B81145DBE89762363000000880000005B00000000000000000000000000448C000043463535344541342D394341392D343539422D393037382D3733303543323244303031382F5265736F75726365732F36364130344644442D413832432D
311
343745352D394433452D3231364333424230354333412F636E782E786D6C504B010214001400060808000B81145D5D9F89137F000000A30000003600000000000000000000000000208D000043463535344541342D394341392D343539422D393037382D3733303543323244303031382F5265736F75726365732F636E782E
311
786D6C504B010214001400060808000B81145D798C64500A010000550300003400000000000000000000000000F38D000043463535344541342D394341392D343539422D393037382D3733303543323244303031382F536368656D61732F636E782E786D6C504B010214001400060808000B81145DE3603EBE7A000000C200
311
00002C000000000000000000000000004F8F000043463535344541342D394341392D343539422D393037382D3733303543323244303031382F636E782E786D6C504B010214001400060808000B81145D9D884A6E7E000000A3000000070000000000000000000000000013900000636E782E786D6C504B0102140014000608
311
08000B81145D1E7A0675A4000000320100001300000000000000000000000000B69000005B436F6E74656E745F54797065735D2E786D6C504B010214001400060808000B81145D3DEE336E64000000790000001B000000000000000000000000008B9100006175746F6465736B2D64657369676E2D7061636B6167652E786D
311
6C504B010214001400060808000B81145D42707CE1F90000009601000037000000000000000000000000002892000043463535344541342D394341392D343539422D393037382D3733303543323244303031382F4173736574446174612F636F72652E786D6C504B010214001400060808000B81145D7FE52007F40000008E
311
01000068000000000000000000000000007693000043463535344541342D394341392D343539422D393037382D3733303543323244303031382F5265736F75726365732F36364130344644442D413832432D343745352D394433452D3231364333424230354333412F7468756D626E61696C2F302F636F72652E786D6C504B
311
010214001400060808000B81145D22BE4DE3FA000000960100006600000000000000000000000000F094000043463535344541342D394341392D343539422D393037382D3733303543323244303031382F5265736F75726365732F36364130344644442D413832432D343745352D394433452D323136433342423035433341
311
2F7468756D626E61696C2F636F72652E786D6C504B010214001400060808000B81145DD5C7F71E0D010000B10100005C000000000000000000000000006E96000043463535344541342D394341392D343539422D393037382D3733303543323244303031382F5265736F75726365732F36364130344644442D413832432D34
311
3745352D394433452D3231364333424230354333412F636F72652E786D6C504B010214001400060808000B81145DD62C1BBCFB000000960100003700000000000000000000000000F597000043463535344541342D394341392D343539422D393037382D3733303543323244303031382F5265736F75726365732F636F7265
311
2E786D6C504B010214001400060808000B81145DD85DEF1EF80000009401000035000000000000000000000000004599000043463535344541342D394341392D343539422D393037382D3733303543323244303031382F536368656D61732F636F72652E786D6C504B010214001400060808000B81145D0C18C83C02010000
311
D80100002D00000000000000000000000000909A000043463535344541342D394341392D343539422D393037382D3733303543323244303031382F636F72652E786D6C504B010214001400060808000B81145DDC74B84807010000B20100000800000000000000000000000000DD9B0000636F72652E786D6C504B05060000
311
00001A001A001D0B00000A9D00000000
310
504B03041400060808000B81145D000000000000000000000000370000006662782F45414443333135452D433242382D344444312D423144442D3334314438384637373937302F617474726962757465732E62696E504B03041400060808000B81145D000000000000000000000000350000006662782F4541444333313545
310
2D433242382D344444312D423144442D3334314438384637373937302F76657274696365732E62696E504B03041400060808000B81145DF270F1330600000004000000360000006662782F45414443333135452D433242382D344444312D423144442D3334314438384637373937302F747269616E676C65732E62696E6366
310
60600000504B03041400060808000B81145DB5A795FFE3790000DE790000420000006662782F45414443333135452D433242382D344444312D423144442D3334314438384637373937302F7265736F75726365732F322F305F67656E657269632E706E6701DE79218689504E470D0A1A0A0000000D49484452000001000000
310
010008030000006BAC58540000000467414D410000B18F0BFC6105000000017352474200AECE1CE900000192504C5445818181B3B3B35A5A5A4848486060605C5C5C6464648383835E5E5E6262624E4E4EAFAFAF4A4A4AB5B5B54C4C4CB1B1B1858585B7B7B7585858ADADAD7C7C7C464646787878ABABAB747474A7A7A768
310
6868707070B9B9B96E6E6E6A6A6A8B8B8B666666545454565656A5A5A5505050A1A1A1BBBBBB8F8F8F9F9F9F4242425252527676764040403E3E3E9B9B9B7A7A7A8989897E7E7E9393939797974444448787873C3C3C727272BDBDBD3A3A3A6C6C6CA9A9A9A3A3A32020209D9D9DBFBFBF8D8D8D9595959191912626269999
310
992222222424241E1E1EC1C1C1282828C3C3C32C2C2C2A2A2A2E2E2E303030C5C5C53232321C1C1C363636383838343434C7C7C71A1A1A0E0E0E121212484A484C4E4C1616160A0A0A4A4C4A787A781414147C7E7C9193915E605E464846838583878987B1B3B18587856668665A5C5A626462818381A7A7A5A3A3A1B1B1AF
310
ADAFAD7072705C5E5C9D9D9BABADAB7E817EB7B9B7585A58BBBDBB4C4C4A8D8F8D747674B5B5B3B7B7B59FA19F606260ABABA9A5A5A39B9B99A9A9A78F8F8D6C6C6AC7C7C5451AD12700002000494441547801DCBD89771BD7B5A70B8EE04C702641712605CE034890E220088028C93245451215B713AF388E7DFD9EEDB8DD
310
CE6ABFF4B57D97137BE50FEFEFDBA74049B6AEED74869B7E87404D2814EBB7F76F0F67A8835CEEBFA0E42B854AA5B2BB5B6BCC951A8D52A93657A914FE0BEEE39FFE2FF395B9B9C6CAD2D4C4606F4B7FFF8D1B37EEDCB97587F7CD9B4343BD134BABE7DB48E3FFA7A228ECD6F6574E4786C0FC8B5FFCE2CD5FFCE297BF7CF3
310
CD5FFC92B52FFE58BFF9E69B776E0EF5F79E55CBBBF9FC3F5D3DFFB07F5898ABAF7CDA3B74E74EC0CE20230561BF096E97E05712BFFCC59BC80539DCE83DDD6E54FE61B7747DE17FB8980BBBFB2BBD4337DF487881AAE6C5ACC6AF25207877B2B527BFF1CB3B77FA47561ABBD7F7FA7FE146A5B6BD74E3164C7F51449AE95D
310
B412200EC539418717E7F2F11B376FF62E95FEAF1442BED0581DBCA1BD2780D23F506AFA16E1A7AD974EF17876F00DD7BCB187A1A97AE51FCED5BF2BC1F2BBE5B3C19BE27B43CF26DE00933658FE129B109C2FFF922CC22C4260FA01BEFB462A77DEBC35F42F600C3F5B0795D2E9E02DAD5E650B4438A92801B65C35CBAB7B
310
1EE5041CE69D3B6F1822DFB873EBD6AD3B6FBC71EBC6C86AE967DFC2DFA4CEBFF1BF54F6276EBC114E2F43FEC60B01A0D440A868B2920E5C4BC10D60931ADCB871F3268B21D3851B08E1D6AD9BFD4BF57F7577909FAB86F29B982571136AF01DF5FE32AC3BD9406CAAF2440A54CF176EDD01FBADA1FEFEFE21FE4C9858DFF4
310
183458A9FD2B6708A5A5A137E0EE1D11A9EC0C7C58B2C73C0AD6B479BD76B7790CF899E287FA5B06FB7B07C9195B7851FA8794031EF1FC5F9406BBFB23375420286399B631E93B08022A785C4DBF9996EC3551874094D71B6F487E80F6837E50F483BDBDBD83232323AC420A18C68DA196EDDADF68A77F938F78FD972BABBD
310
B7B87FB164AC6FC2CB760365821ACB74AED44FFAD7E7431ECD7E08AC421F391D199998989A383D9D98E8E56F84A318C58D9BFD2DAB73FF5222C8EFAEF4DE7AF30D756E5108683DA471E70D0502099A7240F19E4089D3FD203E620F1B47BF43501E85031AE44B4B9F2E4D2D9D4D51D8970983FA861B3706FF950CA170DE82F6
310
B312CC4F42C8966295F7D725ED29882415DC055F36DEA1FE96FEC141493F05FAA9A9A5A595B333DED5B3D5A533F62183323032F46EFF13EA0AAFA5FBF7C8976F8C10F7280A014832593B90004D52341980D907EAEB73411EB2F1EBC9F507F92746C40E7AE0AFAE54292BAB2BAB67CAE0746264A277B06508168C94BF772BE9
310
765F7BF0B548FE1E07F3B5A521340A5CB5297C4B12811B89E82191ECF3E41B3259C529F135E23CF4C7F961FB13537F5A02ECCAEA76B5BA5D3D3FDF3F2FEFEFB3AA22053E5008833428DC6C59FA2F770595F311F235D427F379BB8A121BD901B96076A388DC4C3C61C7933CCCD770FF375A6E0CE9F535FE2534BF5ADD3E3FAF
310
D71BF57AA951B6D4CFEBFB8864758A26154430080B06ABFF557610ECC93726224F155D1471041E0D42F82F4891C926C1355B0831649FF365F46FF05300A7A790BD8ADEEB0D4AA9569A9BDBADCCD56AA55AE377F5F3F3EA2A34983A1DE91D810543138D7F28E57FF4E2B5335A3928B76EA1CB9B00BF158C8F63A2E788826896
310
D0B5E7C461949ECE089144F8EBEFC7FB4D8C9C4E9DAD60F7FBE572B416C2F2423ECF8B86C439E450DA970634ACFDA977629098D0B2FAF313A36B3869E37AF7853378CDA1171FBEBA95DF1E44FD5144A420588641B0055A79ED91CC0DC41E27064512FB33F1F04D09D0D2DF0203A646A6CECE80DF28356A348CED8C4F1EF137
310
B9319E1BCD29867CA556AA97F7B757567006A447FD375A26CAAFDED9CFDCFB2BB0BEEE8AA5911BC2C7F85DF88A3775389990AA72219D582409210F85A4E66F2987D875C30848023088FDF77E87F96FD7CBA5B9DCCEF4F4C9FC7C676777577B7B7B67E7ECCCE4E8DEE85E81A6D55AA3BC7FBEB242589CE8ED4770E785D7DDE2
310
3FF2587EBF57F50B9E820527316488E5C32D50F979BCA58207297E2B6D658702FFCD211840FE43FC9F3A5BAD9E97E6F21B9FCF16BBBB3A3A5A175B5B1787875B5B3B86DFEFFC687A72674F19D46A8DFDF3EACA59E405375ACE76FFA922C817CE86A89BDD92F400F2C55B7462F610459837D3A61ACF50C7471C8F2F2A9D38C3
310
DA2F068007F80EFCDBFBE5DCC674B1D83EBCBEB8BCBCBC3ED0D3D333D0B3DE33BCBEB0D8DA35FBF9F8CECE68AE020BCE61C112A4C1138CD47F9AD13F7DC6AB9CF9CFCFAF9D0E01FFE6CD503F5B91C5218E2899CA15098714848B04FCE5654884ABF0E554F11F6C21D73D5D5AADD64B7B9327DDAD8B0B7D7D6D6D07070763BC
310
0F3E38E8EB4310EBEB8BC3DDB347E3E37B5842B97C4E44A0C630427E5CFDFB71E03F471E12CA9FF70E055AE141042DD81234B879EB4606361D9328149037D7D76A571A7E974FA20AD0323832713AB5BA7ABE3B3E3D3FBC30307070B0B9B645D93C3CDC3CDCA41CFC6AAC2D64D0D579B4B1B397A7C1BDBEBD7D36657A3CD4B2
310
F44F4909F2B9CA597F4245C59DEC354316F0587020D0C661742BC02869435FD12CF195C422DB3C5A3E2305C000CE6B7B27ED8B7D63079B5B5B878787C787C7C7C757C76C51B60ED60EDAFA06D67B965B3B672677080BB5329E60E9B477847AE2E9EB53E35779FD37EFCD2D0DDD68AA355B6B0D81860502B8B68C801F5C697E
310
9AD62F4B406244CB975560BAC756AAA577675B07C6D03778C17E7C95CAF1B3ABABE3E3ADADE3CDB1B1B6B681014470343EBA979F8B90383545727C63E43549D14FD0F927E5F1FDEFD7263058FE02EBCD1BDCBCA053496BD58E69BC44F9F854D4D979AE9ADB908824382AC1D4014E9756EAF9CE85B6B54DB01F02F8EA5908E0
310
D9D5F1B3E72188C3C3AB67879B07C8A0A767B8B831FE5E7EB754DEAE5261460243FFF07858D8EF0D658BDC563A2C5EF5833C13C90B69248C4DD97842B61DFA7F210A2F6108A0F96B62E2D3B3F3DD939EA47E30ABF5AB2B903F4BE5F9B36757CF65021E616DAC6F60A1FB647274B4B05B2E5341B082D43278F67D8DFDA48AFF
310
9A13F22B34C7586C9992BA6E66CABC190E313E7C811AA57304B421A75B289B9D174CC868C24548823E230B9A5A2DCD2CAFE1F98E61C015CA7E96B083FC59F3ED06EE60F360B3AD6F79787ED278D0A86FAFE00BA9220EAEFE1D5DE1F7855939C3FCC1332426B377F692406E022C010DB437EF009803F0DCFD3B7C94440571D8
310
F2C328F115F47FD324802070BAB43FBA80EFDB92FCA1F7E7CF9FA875CBB327CF9EB08C4DE4815BC4210E2CB7CF1CEDECEDCED5B757490968286899FAF95583BF46F9393CEE6A86D6F618CAAD9BFF0BE22B042412C5CFB50556815CC5BBE33E9F61ECEC26A9BCB8145FD10590078F9C9E953B513FAE1FE387FAC246E14F9E3C
310
E7F5F8194BD6594140876B6B84C5D6799C61A16434201E5237582AFD75C07EEED9863F463284E2E13425A036BD41061259289B6BDC1ED656FC8B8592C9D00701E27CEA749F0D8EF44EAD8C1F80FFF8F8F9D513191F6803384C800097F24069C407CFAE88136B7DCB3D5D4A60B711F19070D83235F77331FD35E71596688903
310
8E2E0B346EAB7936C4162043E1A1F144093695443A570144898BC4079CEF1912809A3035A1D3F361235F90FFF1E3E0FB93C7E2750719F88E7D8E68123883ADB5B18185AE99F1D11C1238A792DC4BEDE8EC6FF503DF377E0445F68FAF4E08D43082D02170F30131A154206CC559A8D9CFDD762B31273E4947A581E0D9BB71E3
310
3FFA07CD02CE2A6BE1EC80167497F2A81CFA3F7EFE58D0CF5D5D170DE4F89070B0BC4040CC17BEAC6B0586C3D3FF0309BC06F44B04A1E13729929B4DF73C44070692C810B08AC3012E8EE9EAE22067796288C193B2139B970B86F47FAD0F98382B1E035D9C32FD318A4FAFCB274F2E1FA772F94411B0CD42493C23393A685B
310
5FEF3E1ACF554AF5F3552A478383374E6B2FDDFC4F6DFE38F4F4ED7A7FE838F488EA852482F412D3CB07E293D02C9F074F12E84C5AAC423271450572A385449844706475FD38DC3C22486A0639E5F1E38B0CFE93CB4B25910EF309A2224BD8DAD40C682C28341AD69047E8539A6AFC14EC573F7FAD10AE0FE6EB13E87B28E0
310
93B513B5803514DE408809BC12A14876DE0A25F643009E9176D9F0C330164285A7444DC8CAF0E9FE41429EE0A2F6A6DE91C0856C501272404A8468822E24C807030B1D33D40D4AFBDBABB411D093D88C86D7205E05FC57EDD1F805FA4CED5920F0CED39157E007CE21757C5DE440ECBCB46CD283E378029B43FB077B4F47E6
310
0E9F61E8D01BE017D7E843EB49F50A2028F1E442FCC90C9EE308E4C0C2C94EAE30B75FAD3A0EAFA57FE9EF960F14BE15638840EAF3BA490BB6850EDB38EECAFD21A0C746D0C4234DBD035EFC7EDD121FA585FAB73DB89FE6A03CF833AB0730E5E2F1A36CE3F202A128934B44E396961121E1F2C9F32BFCC0C140CFE22C1CA8
310
E109B182919696BFB98120234F61B59F7BF46EC30CF067B21A33B0FB3E402448EE266CCD93135A8E823DB31F85E677434E608F53F8100BC0098EA2FD6BC01770E0F2F2D1E5452A711C4BB8486248FAD756D852026B6DC90A2AA5C6B69E9068B8F27AFABFFEE8AB36F1D23985D5960014FD711940800B560250D2272CC54FF1
310
D3A660B275AC3881E349689C1616E1E9044129D032313509DE4700BC867C71F128C400159407C761022BA8A040F40A244788808C60B3AD67A17576279F6F946923191921B0545FC2F12AC0EFEFBD7262B6935679FC7F80629160ABFAEC88E8430E76D82A8DE62ACE50BD4A42FBF03B387B37FD321B37E31C3F063D99703F51
310
60E6C9E5A300CF32A91E0A085A29C0FC507F6C21012303C6104B82C1F1E156DB3229D1A855A32A8352C9077AF733A0AFE0FB3EF81FDF2F0F82C21B0EB06998866878B103305E31EC17F4FD43831E570A2118D1667632D4FFFFB125782F96168A833DBE78C3F11F8383A79D49F58F1E3DBC780417AE6581381E8610604888E2
310
913E12492881274822C221AD04CB0B1D273B8542837460898C686864FF6F801E8269F40AD0481DFAF5E6E9C1F3BE391C325004DF0746A4E4448F7B52C0D5EAD39EC46896B888C4210D68E99DFA2820DF7FF850EC407EB55C3EBC5028611409BFCB8889C90F1C52355AEF98B18100094C9D0EF6F64FD47E5CBF3FF5293DDFB4
310
B50DDD54F351446FA1F14580DC3902C085F593CB24ACC917B213BBC11B3F0A61042FD8B24F4FB9C4556D0CB9E1A880DE89934CE9607F18F81FDD950DD0E1D143F41D56110E227C250621FF098838042BC85B5B6BCBCBC31DD37B34966E9FFD9936A2FEFEA9EBA4182E5CD3E17AE35501FCE0707E5525A7DBC64DFD077825BE
310
37CE0BBE1BBEC061410C660B6E49912665E2B3749C7C9F93834022F74CDE6CA5EB501D9CBC04B768292C5CCB84478F3CA83074092C6082169015E5800D5839DC6C1B58EFE83ECA513BDE3EFB8EF1242D2D4B3FD55AFE03D42F8492AF8A3F21444FA2FA9ABBF525EAF84C09F0168527B0138A85D1EC0443C467B28BF844EAF7
310
6323BE13D7C11F72FED783837B970FEFDE7D7817E077C17EF7E2A1C2C0FE851FE4C008388C15E818958746129E1009D054B67530D6B3D8DA3D59D82D9D57CF70039FF50FFE0DE94089DB269C3655A4F25B38C49D0BD48E59F1526887C18FC5272197F85CA72862A593A4843CD25F920487DDF7AA0441A2C0600D062001F103
310
FCEEA3D8560CEC3EBACB01CAE5A51E420349F602191E5F901893142381351CE17047E764BE50DEAF9E4D8C38B6ECFFACEB141E54A6865A88A60133EE9CBB4C256930B0B168C1C3AB59FE1743FB422C7166082E934AFA5EFA3E4BCE0B69362FA7041818B7FDECE1DDFB4D022007CA23E521F0700AAEB5888BBBF08023E128B4
310
045381542FA256B0D04E28A0C3804E233A1BFB476A2F48FD135BAF9843BEDA3264EB42BA499601F16B566E72C7EA35908ABCB9176BBED43204C696AFD3D7B24B08D3AFA44BE243D88A6D9D0B6562B52F741E1610C0EFBBAF2B0829289A640EC4C8A4FF66A24430786CEBE1E1E61AF9507BFB496EAEB64F8F49B4129EBDEC06
310
5EC1F8A3F228A3CD0950883B41BEC6D1944AE06147289600A7726313AC69A3F91197F1438BCB743E76F01F6EF1D1C854071670FFFE43FF1EDED702EE5A14C85D0C42DF90B86068800659AC88981855E3E774A71C0CAC2F76754EE7CC87C808D1E1E0F6CF47FD4224731337BE1E39C5010823EE997B1491BBD99FC8D8EF7748
310
2BEB5EB2CF66499A8E0F7511B19B3EFBDACB6507BC78731B1B383D02FFDD7BE8DD9256F7D0BA7B46015941097B80018F700FFA024CC08078F51806100ADBFA163ABA8A3B95B9D2F92AC30BC908ED31FABE0CBEBFFF0279B675868F9AA24E9530B08C174055B7F48E4F58002F3E82F0BDFA003E8B431EB6C4A91E4D9B5FFB79
310
1265BA8827BBE5F1BCFA7F789F72F75EC800F8AE43FFAEC42F13009FB905A9A0132015D0068ED7682AC608BA6771038DEDB3B33082891FAB1ABF5614F93238079726B833958796B845B731FCB86316713C1DC581B1E19B424EE32674093F80776F7E27C6FBFAC85C536CD955B96EDA2A3FBF770FF4BE11845470EB3E42D022
310
000E0FE07D161811020742162444668308801E133A4C163BE68F6826A5523071CA78B2FED51F28F8C70FE4190073A3E5D3259D7A288CD19BDE623F10021BAB0C6E327FD507B2741627727EA00D31856492F9F009D7F152D930704E642795C1C1B336E0DEBB7F0FDCB79318543B25341F36802D64A981A690B94259607DE0B1
310
9D466BF8C1C5E1CEF9A3FC5C639FD6117B4BAEAB453F8EFBDA500A67E8BAF76C8A06566E36EE1184E8329419161F83D843D5DE7D8221163E145F56921C3EE383978072129E290A9B7166E63D26BAB1FCDBF710009E4051842390031845F20077CD079407C575F20364C4910ED2A574BC357630B0BCD8DE39335EB175646A69
310
8458F6A346F003A93002E846FFE0C459B8006E506D79BF902908A0AA05CB5E73530E33BA1D3C2EF99C712B7C8B41DF4D2A7830BE8707485FCFAEEB85A09AB6D39BBF7B4F23E00509C20DB04E240822A4B810E04D8D53D10D504C059ED86BB8697F514777717A8F8144D48A4C89077F7EDB00E2D89DC02A7B975640A282C49A
310
4AA84B70B12BFED8EA6584860DFB7EE23FCB00C6BAF7332FF259FA3C9346508813E372F1DDE425065BB61FDF8300F7EEDDBE8D0C6EDF46F7D8823478590AE23759D60DA6B7A9F125EDE8F4A5D2B37470D0B63C30DCDE3D3D59A8D1501EB1B0A5377517BDD6E301F995E3F955F0F58FAC2E81CE172A8344AC03DC6781939D24
310
84B8FFC15E8F3ACCD3954CE19576B942D0A029188EC7013FE59AE90B71292DE774F1F63D60230180B30A2EDC65291B6211B4081128856001A680015CE000708254891851D4B3BED0FA4D7166B466BFF1D2A924885AD12B387FC0FCE6819AC3AE06A7AA4B715F0927B74D119D4A668FB54B8A8C268D8B038A207D10A7B1E95E
310
42195B695BE0240F7408B311257C23F581E987C180140C584A02B1670CB817CEC0A080F259F1360E58452013200E3EC107AC1DF4FD7B0F6D23F33347F9527D9F51E6138E31AF35F1BDAAEEEBA3D71BB402E2FB47CECEE96B4DB85536772B07C82A34F3E66D0BCEC207FEB9E70643761276F7B50D5EE963CFF80C7AF4A2130F
310
5BF8C4EBFB5F07B709840480DBD8007FB7EF3F90104908BA457D43AA2A6A02C91422285E5AAC143F3313A0CB74D9D164933B86C25587134E8D342B453FC982860D09FD13ABE72055ED020E85D3E312F74C25CB0293D978A1C4001927C80B86FD06349126EC219F0C735C8053D8F5F310817EA01F1B7851F406144C211C6362
310
C27DD51F1E310C0102280ADB891E9B085CC528A2B1369A46BA195B9A2B351862CE43174BA73FB7CBB430A5798F4C54B7333B96C3224A9863AD02B9FBD8E63092191924E77C199D92887DA594B6DCF0112857162FD0949FE6A441F5E62E42FB2105BC405A2301A3424601DC807912CB2C39C604A27908021CDA30C4C8C2019A
310
883B3A8BD393BB3546136EAF561980FB63E9E035FF73B96D09A905ACB2C11D79571C5159026227DDBDB81396EB03F14100BEB66DE1FA9EF82C3ECCBE318119C4269FD014E66361FC8BB0B4EA9A98EF3D8848A01360430284335004C183CC25BCA82D2302EB03B8419241C64DF4F5ADAF77B533BE786334BFCBB8DA72BDBEFF
310
C36103AFB30608A0B39B58D93F0BF42180841DD26BDC22CF0A770E90240006BAC65197D90920131C7B2EB3CFD3C71C6378A305EE8488FC1FF8D391E2BDDB0F6E3F45E7C8207C419800DB410073A3173942CA8D5242642A74496FF115832A6314D9FA4257577BF7FCF8F8E8CEE8DEDE5EBE76DD3CF892BA7FB8B90F629431B5
310
525E92A15A3A4A6FEA3FDD73136172060959206591F4C927196CF645AA285CF3014630121754261C0D31E1A7E3DA2DBDB54B04703BDE3A4209F02045C4BB0F529A14BED07098A2A1CD47513DA64B512F409BC01663090796D787173B5AA141B1B39BB470EEBCF1E30F9D263ACC4D05110797CEF7B923B027F089F74D1D06F0
310
A4D8C0CDA6604023FCA45B76C5CDE0BF3845ECBE13E0C0ED73700A8A753C1AC8AEFFF1B407FC8A20F42F0D94019121DE304077A027D4112283BB8FF0072444D68AAD111D6F591BC0061854BBC048EBBE9E81F6A33A95C21BFD13AF3C7E7DCDFFEB0DE8903F77B41DF178E99C289895B0EA8CD640549D68935BA7C5294E0A1D
310
66DA0CC419BD398E6265789CA1241441AC94532A3C19C95340BEFC68703077EFC1D307B71F3C500859C11494838E902203A2BE90EACC5135B80B078804340C920C2300BCC06F7A1C71B875DC572C9BD1D84BD5FB9363CA6BA7D03E5C40FDFC54FC23C9B4B9DDD028787D89219038523BF64E638BB37CC25335937A00DFD328
310
69C5B390C8C32FF25C8C47A7181B4A599A224A9DADB0E0406FEFF9F183B7448F081E3C55024FB33828784AB61704482CD0160C04174F9E33BA9291D58C2F1F1B1B3B5863B0D9F3E51C35C253D54A23E560E2C0CB3A6F7A81382601C2079CAE96B7B1560D20A341E85A928A4E01083256420576C2ED477E2E565FD9223BCC69
310
1CF394D3D8E281501E0EE5C1C8159E92585D255CF30CC854C75318006EA4A01028EC853F9407C6053910BE105348324002260254886C156260F9189EE0F8C9A3CBAE9D5A992184568A69D5183A7DB97DB089FDC57AEE54F858FE54F577DBA85309640290F2D220952620750C5811FB772A7876D1E4040FBFC6474D51246D8B
310
3FB378283FB514F8AB3C20B8BF7DBE5DE541C9A5D3D38DDB30E00151E02523081BC89C2214103E0BC1B3D0199A08E002681A2613A2616CEDF0F0F9C5DDC75DA395C25C0309C03DEC8091A4AFD3FEB504AAC6633930556DAC86EE3561941E862C4A75DD6B6BB3A0C59BE153DFA73EDFCBC3CE2188D3D378FC976D0EF9A95B7C
310
8532F527CE3CF539581E0FE501291E9139FFB65EFF5DBD8E0C18DE3077170A64E033FD278F18068028802F156C3809FDEB11B1019C208D020C9BA2870457F0F8E1FDC7EDD393E3B9FC9C4308E9315704233F960E554802C14716B0B45DAB5EAB5E25AB7830EBB8D25E6CA94E4AA01794FB1EE164FE9F040FE82C940A4BCEF9
310
13075D087E85A7237D3CF29C47E4E676777779528C4781761F0BFBC1D3A77880E40C9A2E5109180D5255317890394229F0F082010354082D574F1E3FBAB7D6553C2113DACB97BEB5526C7C6F69F9310A94C46CD89FF8F379AD1AA035FD00FF3F320180F01417A6F255A3A8D86319FE0C0B0E06A0DCD33F79841339C01E5BBE
310
1911AFCFF7C1E0A540BFBDBFCF2372352686D863F83F59CB6865F43104007EE06F52406F680341102048A01BB048823082CBCB0B6AC48C313F3E7CFEF8F2D1FDC3D6F6F9F9D9E98D9D7CAE5EADE2A6512FAD7AB526E17F600C85550DDE9ACFE9D97E694513103BC69F8A2813176032C890C1E9C49FC09C61670FF8705B1D73
310
86260E7C8E7122C7F8208A55139E8C8D4763F7EBF5728DF9C34677364E3A3F9AEFDEC9CD95470788834F9FBEC512379890B38C94205B2557987C4186DF5C0837608DF0F9F3CB87B7EF6E920475752A01460E556919B2B64296FB9FB70DD5F47232A0F77465BF140CD001F00ADCA175090E2665A14E6329B62660E02A1CB50C
310
6025E3DA252A670B3F0FFAA5EAD94A509FE7036B159E0D1D9F2E76B7AE1FD5A606198D3A747AF450023CBDFD162278B9446688111009B4029B0F2180AE20A542D40610C073B47FEFE1416B2B12200F3C991C2F54EC2491027A816B0A34A9D05C6F437AC23462385DADD75642EDDA738AF1600DBE07EE8437804D2D011A94DF
310
71C2085EDD40266A407FFA1D1C00B0C03927E60338E3B9D8C47D1F8CAED578E06F7CFAA4BB63B175FA7C301B747CB377F45192003CB8FD34B12009224543D8604494011A80C1903CE0518C986208E1C5FDDB8FDA161686873BBABABAE74FA637BEA894A44078C19696F326E057D7F95D061A6B0394A9D5F2DCAAFE4C2388D8
310
A6E9AB7695CB0BDD0A332430F1A9333DA41D1FFB97FA09AE84E738C75C407C260408F8DBD5EDED7DE1570A7BE333C54F16963B46AB0C2B71208EA3D16EF4EEDCD7005241166C005A73C03164792151205C007288AE337B4D7103741BDE7B7AC913350B348B2D767515674EC6F72A0402BBCB41C81305AFCF05F2758D3ECAC8
310
D26AB97606DB9581A4B7A8FFB068CD5C0604E6849046B70C2B60FF0CDDF93C13822B4E82FA0479A68220E66D9FD775FB3C1A9CDBDB9829B6AF2F77EC9E0678FB20ED8D1B1A1A39D10F9812E20D6281F5673121AACAA9C53424000DAC173F7E18C3052EEE3E78E7F1160F5AAEAFB70E0F7775CFCE4EF384DDEEBEB9C0889D52
310
43BDF557559FEDE5F17AB21E118C4C31A3DF6A96B56AC62180293910ECD6B721047664BCFCC6B2DD3C65CA0F0C823DFEF84083C7ECCDF05898EEF158F4FEF97EB9C123F1B9D1D1A3D9F9AEC5F5CEDA84A3C96C14A55584D62893D6A54D8D2028D05C8B1F124884543F3223B29D208B04910D3FC43F5C52196AEB5B5F5E58E8
310
E82610F08C21BD443801233C0CE8BD1E40F84A1CA86001990048031ABBAB11EF83F9283EA89F181F2A0D9A9F62D94B7F625FD727E6A93F63F200F614F7CF100D4511C07DB45FC5F0CB4CA359ABE4774631FDAE85E599EA0878A3C33D5AD6430CF4C055EE5FDB80629000D7855DED3F436F3B61B3DC7FFACEFD2B1BC6FB0696
310
312CFA477CE87A87070C7998E04FBA78AE3F915A065E819FCF35B410321D9ABB308146A11AD5196CDDD7C477A171C8AFC74B45CBC6F641AB53C8D4ADA5870C02379BC0470CF83DB55F073E29CF5CE5F7A3F8FD62EB7AEB1774C2C6780B9523F9287193FD23DDB79FBEA513B45200E2E0C1B51350163AC19043C600F2C1DBF7
310
DEBA7BB9B5457BC0D840CF325EB0BBABBB786D301437000020004944415472B491ABCCEDAFC0591201CAC8EBFACBF367FE7B6E40E69F551BBBE7123E3C00AC560CE20C62436E8C3C54CC225EE08C0D74CE26148877689EDD004FB2BFBFFFBB984035373A7954EC5EE8591FE531348654514DB1D1C56411DFA2A7C212BE5ED9
310
1278F2851A432244C6822C29C85A8B320ADCBDFDD63BF71FD32648E7D098CD018BC35D7FE89E250EF2AC75F96C15271602687965C844B8807C6E7729D93F22E81D39ABD62A0820C1FE9F11CFA7208125D33E96FD69E83AF6052DD32D49FF0802CD9F9DFD39260389A950887A647CCC99BAB17132DFB5DED35138FB3A060F62
310
95AA5E195BF0BB56495A5A4A8FA440026E46A047D40ED2520A441C302D240F201FB8F7E0EDDB0E12A04D8816215A0579E8FE1B1281E9F19C9900DE79842E2A7CCD48E9876EB01C75DBA0E0C8D44AB5512947A00BE7CF5DE9E1A6A6BE43CF1A78783DFD5A404E4477336C1ED8B18908B2A847B2AFE9839E891137A6673BBB96
310
FBBA2A4B8E9373B001F08369BA11BE8ABC4302FD2345FD6014A127068427D007BE28B41D9B0D40FFB7EE531FA673C8870A69135B1CEEE8D009C08042A5B4EDA314920B635BF941E7487E45256439DFE9D276295F87E698389CD49FB394FE19720412DEDDC40E9CE9C6DD605E0B719FADC416CB15AB3A61F9B5B9B9426E54F8
310
1D8B03DD950946D432B40CEDAB7BB5AF11213CBA73C9BCCCDAFBCF06127C7980FE6D1DC9B4DF14832D6568FEAEEBA76FBF438300B541064ED33F3AC0B0D10505306FD370AED02859234402F6C3FED006766DDED2034D90D119057225EEE3DAF787EBF30EC51ACB4F551678BD6728E1944730C095F13E4D81A4DFFBF67C5BEE
310
37E62A85FCCEC6CC6C7BC77A5B477E22223ECA4FCC0F87E2A5E3EB782BDB25B8CFC6736A044DE5A7CDA604526361D650484FE283B77EFBD65D52C1C73C4F48E7D0D81ACF572F2E2280F98FB230508FA906B42DE240ED651B301CEC83DE1790C9FD96B6CBF986BECF3BD332C18EF627A0B6EECD5B152E02088D03D828AFFAD2
310
6B05BF671B4F9A09A8CE0CD2707F67F2A4B3BB75B9ADA331C1305BBAC182FB4A79820B7EEAF73199B8404C0B81231CDCBB871B80FC41FF5860E8E108222A1A076C29E6E03B6F3FBD4F1F295DC457573C7ADED636D6B7B8C88413DDF3B327E1046AA51040B40CB50C7E3F1D2E44DAD34CFA604029BFFBE714DF0C069908027E
310
B275F1F366C132E1A7450B04011CF82B2B647CE754F650FF6E25BF37AAF65B7BDA16CAA791F1D09F6CAB989EC5AB7809BE145FA459E8D3E4B0FB47DAEF093B946FED585B80FE1A0305FD5330FEDB4FDF79FBF6BDE81D8300CF6815E5F9896552412A03F31FCDCC7CB5E32365550CD9365FDCCEC8752E943161D78047336F8A
310
F6539840A1F2E764FDA2970999F205CD2BD1F5CF496571F76EAEFA0E1CF8FD2A55FD06391F9EEF8B9DC9994E72BEBEE1FC928E2F223EBA0FBFBFB4F2DF137BC894B8087643D64ADE6EDED67F7680FAC9060239E845FC94AE93D880F994FBF71FBCF5F66F9F32C292EA900F9C1E6F1105E81C5B5F58A067A448143842008D72
310
75EA3BBA3D2516FDF02FF79260020D6B3C714711F3CFB61BFF56A826E627E82256F7400FB387FEF23C1C1E77FD6A21EBB1B2B35F2F95E7760BE1FA3ABB3A981423477517EEE36FF96F122B942F6FB64D9502BD1B9089162532A2FEFED255028FE653C9F46FA321E0B588B7DE79FBED07C44106CC85133CA65190543004D01D
310
02D8181DDDA5A9C91A7110805B7875B689FC3902200FB192E7DFD936B37B57D9C338BD49E99E181F4E5FCAB2ABC1CA7AAB382CBC7D515457CFABE6FBC63D525E5CDF74B16378B9AD6774A58531912D232DF01BAA913DFB7D3AAFF912984302B84D0500077800D26C60A4742101DE420C610C2E92FA93056022EFBCFD5BB6B3
310
8651470CD33BD87630C05831BA864C85997B8754B05167F0706499DC442FCD22592AEC2ABF3FF13F950039BF159FA9B36ABDB2778EFF83F70972B83BFD3F4899E64DD8346AA495CB155A7499F2CE39B0AAE755125EB84FD8CF8D8E4F4E9FB4B72E8F1DBCCB98B31BC4607C2CFF21C8145FB48EA0F2159F86A3098415609554
310
DEFA7B27EF1301033DD06D274BAF6821D220DEF96FA4CBB60B3CA241C021D38E1AA76B4406B4767576166766A6C7F77273F5F395291BBA19F64F2E3095C14F3E60371827741CB27E89543857D6D96BF9A47C6A9A26057840332EB843717AAD171880217B71FCCC0355AED3D4819911F79D0EA8AD6DA31A83E36C5DC2D47029
310
5C011302387069158F6C9966022367ECF1D00BA9BB95C389AE7B6105A1FB640689033A7FCCFFEDB762189103A61C3A4FEFE0D6A6B5A19EC5755A443AE78BC5E9235B047890A65919A0D2F96AA3C01CEE913BB3ED239C3E0CD8DDAB99E4348BF3F8B977B6C43DEBEFBD7721A839A63B94C06A10DB87FCBFA3C2932F8C26F88B
310
6D6BB30C3C4E09AFE40FAB52EFAA1EC0316920E031A46D65A0FFE45A673432E907FBCF86717AC04F2CD0EF512D665FF53F05BFCDC43489F150890C60A8E0314E70A06F619D30D841189CA15D3417F3CD50191AE4396543F0C42BCFD696C58DF163F5B46D708BD5FDDA5E5E5FDF9401BC4F7E00E8A17520833D1CBFF495B5D1
310
CE037C664123EEE74737268B5D1D3DBFDA6AAD8C08DF2C0BC7A737E10AAB2A7B958990CEBF556CDBEE823CB09FB344143463C630CFFF585D330CF0320E921744A7918280FEEF981161008E9FBC78C830217A07B7D6985E83F9A79884ABB5AB383B4D7D788F9FB3D867A2112A43F19042B33A108690CF6F472F8661CFAC9714
310
78757F6E6F2F7AEB82FEA85E5715941778B278281F28C268AB24BDB470EF3303E09C359E9DF1CF990D8A096106E6A66C8620DDE7D281DF0B2831F20439A30D68386CE13E002F7EDA8D7806162B205D6A19AA1FABFD6B1B400EC2BFFDD66FDF7E8755B4883C043F43046C1326136680404F1F934EBDDFDD39CB58A98DF1BD78
310
80E0532E671FA1435E9D6EA5E9071000BE8F262E7C4044FD95D5FD526EB40A05A634775F32205C3D779FDC168CD5E56BF982508BF572BDA4F6F57D3304BE9EB18149461B12F760D7485891CA47CFC44909136FBF4931716A2E100123FC6CCAA6A644F25EDF4AC980B14039009BECE8B798BF69A05DC5B6885CD23F8E13A46F
310
F0C0A986D617F001C52241801E87C2974C31411DA3A5D7B6175472763D637D3E57C33B908F867F4A59CFCA7923375E5F027A983E18BD7BD4E6FDDBB2250C1529F4202EFAAF979DFFB1F2612E87EBEFEC58581EDB9AA95AD1D7C1905F7305BF8182D5BBB524D47C4E3B81CD843220DE1E6536497C0962C225F75A2D6A998303
310
B23FC501F0B3F736EE1FF01200FC8C99F5515207C9C40081DF304C0A17D06E26CCBC5B3C47459308178301FA8057C2C0AE9D99B05F038828B08400F2E3251254DD7EB8BC4853B101F99AB48E387457C96951E5DB670648BAB70A7B04FE93EEC5F5B183F9739C98952C6845C380D401B8FC86E70A20744EC720E09D35955D96
310
A9041720196D183AC2CFE6AEA816652D0234883D788BEC8F5DF2615261DB031C2381092401B48D8D2D870FECEA9C3D99DDB036C8A051058030E32190976718C89F031DFBFF2EEA3D88606A8A19BD0AE305BDFD12BA4FF46F1A0002B07137989C748936E9DB2C91F43B07E4E4D16C3779CF5A4FFE8CC981F07C29E34B7C012A
310
F0054FAEA4A6A3D49D3A16D2B3CF220A029003366663053C89B3FB1827080DEC2780076FBFFD8E39810CB0593CC68B5D9009F2D400418028B0BC6CC74067E7C9CC0C2690FBB084AA5254A12AF63543B35EB40D17B693F7E3464D5094C00AA9E04E0E0524F5C35C5EC6BA94B21AAF2440725E2A9FF94FE7A8F0E769EB83FDEB
310
039B631B18BF396F5C13CF89ACC02C387DA56DC3B1CD84B96CFAAA37B55FE723B611062258257D331F186AC93D8AD600B4FEF4AD777E4BF68F2168FF08C081A37AC13446C859964803961928476D78F68419390D830C1935B5C2A0A22A3AB17D3D6428BF12DC373B8D464E04C0A496BB3B3B75639DCC2500E0F0B15FB6F47B
310
5A7ED0183A87CAE8D535F2EDBD4B3B7FC762DFE65A07C30B2851DB890082ADC07131EEEFA3DB7DD5CD32C0860CA83CD4B7993A175F422A8149B1C1D94C1145059D9C78A8A572A90B7C8B1E3392FF77A80C50220880FF3669004E90F101740D2B808181455A044904674E7482CC3EC85C4BCE339404C0B0BF6A5611E4F9B815
310
7BAB6DE327EC9BFBA1B4557ECB609C1F45326499EFB90EE78F18227F09E563C9E63D847EDB3B68EB9C39E95AC4F7ADCF7D87F6752BB6912040281E4A0D8A8314E80D60470999B8A51FB1488A66A9F3F81FFA61C83F4FA6969E472288FADFD61B005E0EA4284822E018911828E868614DA0C36E11F3A051070BF2F0840E35F2
310
00E2C0C80A776CC9E7E6841C0503D0EDF15ED9AFE527E798D23BEE5F0604E58DFB7099D739BF0BA5D332EF29F1535995BDBD0DE681C4F71DFE6A7AC5A13554AE6910963E9ABC9A0DB5B202225545F5CFACC942B5B93C207352B6E5310BF349AF200175D7DFDF78F6D683B7C87E087FA9B35812C4F8F13452CED610A2207541
310
E6D659A739441F3833CD0C9C3C3DC2B0712F62333C4FA9327C9CA1124904B4FDE0FE21C119776CB0C212AAFBA5CAF80EB43772ADFE77CD9FA8A4144C54C2FB2304C65F62FC3678E4F6C68F30FEE1BE8383CE7DB86F58B1AE0C51F0F055E188D02F00911DDB0991832228B3172B3E623E513FF1734FF414A611A603163F401B
310
EA790FC9FF7FC3FD3DB02DC00184145B850D01D120424DC03C00FCEB7880EEEE939399F1F18DBD4AA54C939899304D913CC2D5CFBC55E50C7FBE4C0E14AEEF53D6843DFF56BE2D554637EA047D3C210E2C61077875FB5B40E19F43AB7470CAFE1C0D3ED3B3B4778D1DF6D4F837C08747180FE8394F2CA1E0A46B6DA62CE2B2
310
DABEDE0B1924098580FC16B369730E9E90541D3730D47FDE16EE1FFAD3419CDA05ED1F2715C607F2E81893AFC5936303F40EB776F1D808BDE393A3FA401E1C706E154C892860AD74A2949C409E28A8FB3349C764D13E4D1D3468952B7B1B35001BF41142CAD58D6011C8B78961EACAB66E9AFBC627673B61FFDA4167950A27
310
4145BF11EA17BA9AA60815C2C43AE1F648E3772E53C94E6364AF826019E723069A8AA353A3BF7FB5359281700061FF64C28C10B9AF0B70B0B0D30A31CD1CFD22F68C76DA1E44558869257892363C091D313EFA46B57C3BEB252E9C6BF5B4799EC58F1910F469E25AA17B343799DB3E33CF410061F96C6D63FA91B1000CEBB7
310
D2971BDD39A2A76361E000F5DBC1688D47CB812DD60F8001AF25B328D173A9E4BAC18CE9F1F628704330741B2649B92E9714447C68559C6CD2F681919367E4811100750058809D0230C087A89FF3C80C23C4C60882E481F48D531764BABD5CCECA308DE2F63D3BB50373D630796126803C2D1FBAC148F7592881B395ED7D26
310
B7DD38D7096AF98841CB37592561D9C6565317AFBE9FC4AF7371E060736C7635E0CBA1809FC80F544DBAA1F2F9393D970D44C0615A0C6930E758B9E63AE690F73045F0C8C0731DE9CD80F718E94652383458799E02C06D328010011C7090D8C5E5336A83D4059953877EA1E1D66FBE994F04608C4C991917230FB61F9AEE18
310
3A40AB9108D032449FD1A7283DD25ED15360EF7EA9303EDDC0043403531EDEAB10DFF87F5E2FD56DF0F1B701A9F614DB17FA0E0EDF6FD0B1622A81FA3D1DE5A33F551930335C353A87F9AB05C60455193448246944A232C5D07636D864CDD7A50D0B4440CDCC465D1C418321F50E1648D500294065D869559EF3C40C8FCC6C
310
323E989AD0F0C73142480B200842802C061008B480A9954AF282052B3AF67350FD0DD30D1F4075AC303A5D490250F5400ACF479656861E4C77AFF327F3EBECA4B57B6B6C8FF62602BF150744656A87DABD7BC6BED50527B2120C001A0B3718C74F0C65CD34F275164D7968148DDF259AB8AD6CA81CDA4E8819509B996A7F64
310
2D987A401A2B04018C01E6C169A8700F9DE3B489DB2BC49C9B7B858A4F50D22AE15428FCA4A1EDB20C83492690CFE361CC7F8C8066FFD0D77AEE797977F468A36E0B0DFC87F90EE6348BC748F7CB73B5B9DD5C6EE7AB19ADBF6DF359F1DC2A0F9E44F213F8041F64274C0859A2AB7C37440FEDDD2F95BE44065F22067E3EA0
310
CC3BD8C0D8194EAB291CCEE20B9CD8E02950AD806080047A279F19024C837C848816719AC4A34DF8F0706CED904E8185753A458A27E4C1E37B5F30A104932BE140E0BF4E400160F320B054A8705042FFC47B4940810173F9C9E97240C7FCC3F3813EA239B745DE9F1B1F3FC2F9330374DBD1A7B475923F9A2ED81716D18D1B
310
577DAAB9D1A0458655AD3CA7E211867AE7C702DCACCD291E0F798013DC01BC326087775C0833E04EA3778FBCB8DA4687A0255CA0AD210C15661E4E92001A4449031D1DD27D327334BE830B64DAD90CBF537A45FBD4E94A7A88888E715B7E74FCD040E818BDC1BF5AC609CCCC015DED23877080FCDC47BD8EF3A7B783A17D33
310
F3ADEB6D6BC7AD75EA7C7852C5B6FDADA6AFEFC2D181C03F8C40DD8A4AB5024F0B72E34B57BC1182472DC80946789AFB711DB7F1193C03C893B0345F420246114D3EA71D04FBA731C0DAB0D3CD311B218F0D5A15ECC105D02F3AC32F13600084731A83220040019B03180634B5923D438300B05BAC80881F061095FED5D572
310
A3323ABD83F1D37A2301A8C930AB3F66ADF7CBEFED30BAAD7D78A06DEB6A87F15491F5AB7E25842B6B34BEFC12C8A159F187C64B3CBD2356DE5FBAB98BBE9583F0E3280C0076DA15BF34C15238145742B07080B1EFB83382F9FEF2239D003541041083C5AF9EF3C8944DC2030BC3ADEDDD9D27475800693049E05413BFB3FE
310
B4308731512F13400D06F813368A0101D8D863EB3E75FCCADED124F532AD3F123F131AB46A93DF1ECE7F96CE9EB6C365C6D6A07EEC461FC919FE288AF7AE1A7D012D291EB073735FF26BBB1C99FB706E972192819B7A34BF22424BEA1CC7958AC2E04BFC8E02DB90A4A1DD04811ACDBC181037864672C78F6C0EC3073A40CC
310
49D5E813593B7002763BC6A909D31AC86F3F6E335C9E1C309BC58F16418642E2AF6B290A34FEDC0CFEE08FCA0F56700699CB73B9C99302AA17BD516D7F1FD755A2B32B3FBE7134D3BEC813195BD355020A7DBB541539CD2C06E45F46FC0EE08293E6C0E1972176D9B678340AA1A4823404EF79B1E2347E47C35D0A2260730E
310
0B513025DC0BD1C07E3366E9B9D17F767405FB531070700035618606F0B40C73C974CFD321B0C174A80C0F3AA54945FFEF348F5488895713E89B5C98DA501E06D8D24FF04FF0CD7ECD7BAA755A854EC6A180AD13BE094E8D5D63BFD6DFA5F5D3E4DB1BA18FD8473DC6E17FFC9832B71A2A94D96E808BB53F9192955D62C82E
310
282B05168AA0927D54AB20A20A74800B7CC9655C8B15F62377CA4C91641F9F4D0478F4FEFDCE273A002CC0A725EC165CE3A149F0333E8E9600B2C05A7D15FD831F0938DBE5D0FF13E3C0F0765965A0961C3FA86DEEB0E28304747BFBA5FCDEE44C23544F7BB7BF7A132DDE34F99E44EC3FEEAE92F667A10F7E90B0E8C6442D
310
F5A5318B0F816311DB2E6DC6F172C363FC800EE09186BB9EC82A24C0117700CD884AA42023B81EA6E0CF8B3056411110D78606EBC5AD5417B45BCC8E61EA01C4006AC233933E35D860BC1B6CB9C9CCCE7840D2E0C1C1FFC11CCE54D59300F2B47D66A10F09D8E24B71B9BDDF98FB62A3B897C53EC88D16D1FFE8C649B17BB8
310
E760EB20B784F52F992544753F2CBF642CD3C9C70D8722C197142C567E74FB431EE248A8F3FC00377F5142144A82FFC28AC2970A780C85A7EE9146FA4B2981F3C93BCB0F3FBCB6DD3DE69C72B6073B99140DE28B8E919D9D9E7C2F5FA99FC1FFD07E9AC0965CDAEA0A945FADE52C791EA989E8E7A21A355FB37E44405D171B
310
98A6E946DB26AE71DBD01FEF07FD378F5B4B518724481820890E7486E3FCE61A60E096D577701890EE07CA5D7F2B086040749FCEF3F81972E510A86359C9BB579883035887542090614E5C4461705D7CA1CF84DB564838606CF1597E8119790D021080C935A908324EDE9F60A04B7830A33F0670CB08605B8D01BF9A3D4356
310
93FAB4FD84EF6754930640C1F9D74B052A7ABBA9F502B39DA3BF6BC7514EA4BEC71D752BFDC198EDA8DFE8F32B3EF811E4576B0A2074B99B070A069F60173E7427BDF285024E35A4418B7A412914F2800F1965C4F1120A2D5D2C64400563D5942044807BE7C738EBF3034C4A6F4D70C04ED1F97673C039FABC4CFF18866E08
310
200BB66BDC9CCDCC3FFD1E43BEFC52C317F0F5E64900FBFCDA4DEE68768FFF46350E0EDADB7B34DBBEDE3776BC55599AF84E312229F931E700D04478D66A0D88D09B2276141AF0F8811C5F8067DC04C0F90929F7F1AC9CCD368488AFB965C97B855A3E2E93AE5B4866502E55991B82D4388614F2C36B8484A5FA06E3EFFA98
310
4A6AF17D5C2073299D9F12FD63826F67FC460E54030981684E9FBFC22009A3006962285FDF4FC84B699FB5BEF3736C6072F6844C15EDF25883037DE6BB7AFAD6AE164B367812FA8CFCA6FA25725D99AEC5C6EDEEC64ADDA2BE0056002032E1D7A20A54CF444E360D520A5B69816C0A953CE0434A8A898BF18E2B704588C01B
310
DB2133342F5404FEE698957C200EF54E31BE6DF4E888C9C67F5F3F1B41F922777E7FA6332677C20098C59F762F5DFE4A23F9801A3BB6F8A4F66E0D40EC867E92DEFCE84C714FC7CE8DD3DD3BDBF9C781B1C3B549FAD2C89D711808CAB100E09700BB85240374A7209212F320CA577222A7020E7824500179FC7096C714884B
310
DFD9499E027ABEB3CB0226CD293CAE6E0C41A6788F396606A073E28CBE5CC67D584D36CA39D37974FE1023253E3FFB007A26F657FFC901D851130DDC2BF54884F20D5D40A0B7E5C7BCC7CC87B84F2ED820192CCE1AABA1FF24ADBE1D03635B5B3B53D4A5F84120125FADC36A0E792D3AD7E255792CD5241A4C84171F110409
310
0017DA493D0A7790A7BDE6DF326180398E4B0DEADA5C2763825E43E05C388E184678C88CE6422606C017F030366981353DF03A753DBF6370879F79889DD0BF75408724DB53C5B0063AB6568D02DC47AE4627B58D7E367A6000267E7840C23A0940B992DB98ED1C4731B4FB4DCFB6D3EAFB6CAC7646F0335C5031888CD74E21
310
03380260AD47176D703960230370FBBF28813524C17FFFBD6288BB28E4F905ADB4A788B40B4A6201C1878BED224DE9906C4C79EF32EE679B9F5D3B5DFA137327320643909A823F62106CB8F9BFE4BFEAFF0FC7A6393EC7F64A698EFF8ACE31BA05ECE6DAB6DF124118D1D13F892F3D3530602E3F3ED3D59DFB821ECFA3D9AE
310
85B1ADAB9E328DE738BF55D5DFD039445AE76D0194180F57B15BEE5F09C07F952F9A10372BC894CF7DA12CF6507E2A8916E0DF430C519485C55D61EFE209912D8C32866214E121611E22A0B1238DB18E86636A3BFAFD5B4EE02FF1E505F902BDF424D0516907BFC95EF3A76B6B3872769D67E25B548F0DA46E2B93DFDFD5F2
310
B9E9EEE1EE1DCC7FBE6380DFBF38A165CAC73DF912AD76A4690D2B766A3EB4AFA2D05BE543EA20B095FB17AE3F1928D84482049B659E671A4763CFA567C08824913D37F2F92F841FC244085C1681225C04AD6DE1684831682CE0D6096B56101C0D4FB3A1BD3F11FC1105AECF5660BD3FEEDF162B0D9DEC6DB55AF27FC98050
310
BDDEDFF63ED14B01336053A19DE9AEF5F5D9E9D9F9E19ECDADCD497BCC57681922F327EB41FF681E17C1921B04FBAE371AC69E53F98183E91B84897A5DB164158BD1D12FF6F6BEF0E02847727BF2628F9FD48B6FB11DF6928C868B29590A0606F92140D0C08850DAA7DD8A5FE8A50389F61288AEB743E9C801BB67DBE0A7F6
310
4F63BC87770FDF57AA73FE1F5A84F8DD3AADDFC32087FBC0A7D645C327B97D65E7A8BBA76DFD9BCEE1B1CDE3F5F7CE4E6DF4013ECD7CB60BD1239E8A4E9A5722AD9C4FAC8F7FF17B214AF8801950430639A08E3ABD05A0D94E253BD5951C885B0CE750309070555FF21F2EF83FF53F4E15038B8D8A244740A5C9CBC120043D
310
A0B323FB1DA0A4EDA268C05A304619505000BE10415DE898809DB6B66896E60AE347ED3D6DC707CB7D5B5BC374A158EDC343D0EA61C217D4878CBBDC1D85686782C3CF4272E7DCFB5E9EF628F5A95AC1AC0C6848F5771329EF8DF2BB79EFEDEC8DBEC72EB7F245287FD4B31008AB38EA4D52F2BF57167159E3004CD8950E21
310
7DDD6F699FC763E9D1A0AECC701F7BD4430A3E030374066938F883C01DE40E7DAFD609345E33570F4CE6BE467FBD7F793B5AF2A9D331D86DBA7BF98067918F9FCDD609A0384B523F4413B574B818C6889FAEFC5E7B8F90CEFD62BC2C85B2478D54DD076635BE434FCADE68B3ECF1C8708E27863DBEC352D87BCC7A92A8E135
310
700CDE65BC114026DE5DB68275E656D2C0D4087293D43BB4C9C14EA83C0D806783B40DD7CD4F19EE9F33801F55A3F1FD600017A6CD5DE607783D5F74E34680E7DAB98D99F6E5B5ABC7F7DF19D8278322F6A97FDB2FADE1539BD945DDF868EE2B8B70D9EDAA45D1BB0A5801198CF1DA891540474745BF0317F8A3703E02510A
310
E94B084221F887FE950272D62D4232781054A87C58D015CD45EBF9B70E60820A2056E9D4D619E8494BBFA68B61EBDD8CF52CCBA124BACD4A4077E8420A7F36FCDAF661E577B792A7E1B7E337C7CF1FDEBB3B49F501F3C7366C1730E793F51FA20A9C3D2E9F18E63DC277449054CEADA36DA0807467D45F8A744E1BDED725A0
310
33868703F1392BBE221158220588F30574A0B0893D0515B0B7C404AD0E7F40C11D504C49BD7DA39A85A19CD7357DFC966E5D92272FF06D59CA5A6A1C8AE30E52F1247C1F1D78F81887F9F3E387075B170F9F5EEE4A7F5BFC69DF02FD8795FCFFAB472E7C88D563DA514861B85BD41594A75F5E866BE69471110A9F75C8609C
310
7E6BF6C7C727431EE3E9E3773D2378C25226E82C08104A57ED273FE0921D6990E02B006BD038263BA360355E8DC446A380F0BA35FA9945A80CF60DFD54054202F91897C241C147D59F8E0FC67CD0F2BF377A3463F8BBBABCFBD6833C57E214AC3F5AE9C2FDE88852968F20337972C7E04EE5658223008AE82D93BC37D8DDD9
310
00BD6B16EF221F0D4149045D740A8A215D4FC186C658E01994B8CCD317465828704BB630DA2243B3B4ADD3EA554A97408454148C04A1A0CAAC2E04033C04073851F54380E0BF2DFFA43FAD3D6B574F2E1E5EF6E5F4FEFBD1CA87C161FCBCF5C7AAE2F726F814027BAE10F79BC3D765D61D1803952210A9AA07F8C6BB2105B6
310
1145B324F96014EF223D4A9261080239F03FF6F4DD4975C183B887E081F7A467A25EAA0C94028FEB808637768B07400A8235D4EF33143253198900E079E3FACB0C59B00F827A5785A6FFE2FCF0C0E6F1714F11CDE5140D931D707950631F3DE877F300002000494441540ADFB08704E252AADE1BD4E8DF55796A32B9B6F177
310
37C67702E5C638682737286CB0E0A89B624D5BF28222432848C9AB8C07170C97B814FF492A61072407D638006F7C8400860444C01B1930A522788045633DFA9507267A3A42BA05925BAD705CDD3792FA23C1075C6EE768A673919EB6C3FCFE7629B7310AA794CC9C0D14A1FB88F95C845BF22543F57996E0B26C9E4C2ADF18
310
7F979F8A55F11B47BC26594C52588518D25E6C2B1CCED231EA1B748F093E5726A21A54C91EF95789041030C20FD5AD68613432E19A4D0DA2505B6BD843516E10BB00AF9AC315EE9FDB39CC1F9EA59CD88F9CD071D470C86C4647FDEDDBB1CDAB81DA94034747A779F4CED497CFF817348F69F52E55490840E48840BA72DB71
310
F3E84F6DA2F4717AA928F153DA6E4C7E8E00363CEC9A2E1C8E65F298FC4A52F087FCDEE5CBA38A80CBE11FF7BC2AFF249203FFAB77A128A001B1987BD334AD9B901890A8C2005B6B248196AD09C0025ED841325B31845032E327C531C839E66DBAB39566B631C2FF0A1DA5A3CC47E665AD8751B47CFE33899DF047C9F3C365
310
E3B11278D49DF939298E09002F6430F9958803309827A7C791048CA070061B7E9A64C557D235F83EE24822E5EAB805F9862F20FC58F483DC0EF02181F572930205107E00E523861895A2811309808F2B6C14B2AA579E893753C155D2F54302007E9FF36AC5FEDBCAD47E182D91A73920CFA5C18E01F8FFF4C3F1FF553BCAD0
310
E58DEF85DD63B91BE38ECE1A9FFC4AD4A1FBA30D462C328C5A0340DFD393D3D3D3C0659195C96990F391EFF4175213BC74C020922D4830FE215E76940962BC0713A3B82784C0CB6623DC40D6E1485BAD454F6892200B225096127FBD82D2B12006BAE2E329C771E25FEBC0DAB3B5395289D56D7A8A89081B34EE06F80F819E
310
FE75C67DEEE95D227E283FE98A7B9F1C97D2D05B4D07A469153C3DA3048EA68FA667A6D90E291C7D7E2D063E4D044964D055F2DBF3E31BB851AE9F78A0A7314F0AD24901F581D74A6929142039C65AF5830D1C809536CDC05E4BA51038F79D713DA930CF18BA3010E385351CF47F74D439BCBC793556A1F99814926AF12835
310
E251C59BEA3C083EC2B2760FEBDF4304C9EB87B35769E1EB24B648542CFA4EBA9EF93CD42F03C08F249A2C98897D8E2225E90077823F4A52171A61219998CED6FA050992B6B0A74A2220ED12123004FB977084208F8E2AFC80F456CB110BCA647A3A0F854085D84FE0052BE31FFE7F925610BAFEC06FC33F9931BF063F39DB
310
3D1BB20EE357F594045F4226131578582CB055A59A073AE0413989D215019B6EB8A21CF154D71164E0D8F4E730C2CD382D098DA5261456A425643686BC8301710F2C50665881399156AA2B4C3191BC555728384800CE10040F746A3D8A80A5F0E500A93456FEC52833BBB45203DACCA37FE1D3EE4B9BF0EC27ED47D89B8266
310
F11EA2DB8B5A8BB93EAEDF0C06B7AD0402B9EAC6E787365535AF19F15158308A9D9785C1BC1C01377F8C6B4D07B50DAD25649764A91DC9812C7B34CA98184084F7C01055466B48058CD44085AF26648520C85C41C67805462D8425680425559F4440F3ABBE1F3F81B1EC72708767DDC8FFB6465796C8FE310FEABE0C9B242A
310
74137EC3E0427091967023299BE5D6D4D0C6D15747DC2AEA4ECC57C72856E827D33CBD319D70FF854369EB841282F84B7CA4881447ACFCB257E252E00FBB3272120A75B99119840858486615636E0E0334031AAA8C08A62E080053A0AAA4158431EC727A084021D41CF5D630C94184F6FE7432E8F5F9A4FCDF3EA7CF136FC2
310
988093F98ED622E38E4976E1BF0CF49D2889E6DF3566719FE1F9B47A2D3BF89C69155DCF24F88C609EE551160F0415900B4C48FB013D8900A9192A700748002924771A3686A0A580FE4009E00ACC090253E280B90AC15048E047020483A038A60ED232831F2CC90498648690D960C48E439F18F4DDBEB0B6F5AC7B7B89F623
310
0243B4FA160A7B9327F3AD5D937C8BFFE5FF8B3A5E64283BEF8EAB9F71159514CFED62DBC880614AA1F7994CCFAE7D8C87057F451733699B8DF87056E1F0654B5021E38097E4E23221B810DE20559AD183A61C2C88A648DB096081E9801CA00BC1DA0124E08DAAC15FD2936905CA8DA1C40E42B13F1764E0C4015EAD7F8BFE
310
C99A310B1B7C0BCC7746D3C0702759C89EAD57122092122D1F857067684A578F1DAB7EAC400841F493A468113282FFE42316CC74C756B1C880FE78795C692813CF4644480EE9B02991BCA257A71861F00666D9410288487618D120D0E80D7773E2B7DD180E100EC98B221C94BFC4FF531A09B986230F1CD08378A8E4D0FDD7
310
D9B1BC75F5C12EAD7FF83F3ED19EB018620303C217A6A35D826E72ABF2D8E2BB1B783F6E48D2E3F360806E1D192085D022103473A10375B63853EC54F500B5B064DBC20945B88160DCF7E4F83A0200BF6FAEAC88E9F54D22D898E43F378D20B51B5D6B1457000922202800DD401A9266483029C0D6D57ED80D42A0E6E08835
310
F0F3AC73D7FAE6D56185F04FC44472B854EB7D9CBF7134DF3DDC35A9F6B38417DD6F508B37C1A718B0D054124176F7222F62DFB327F34D451799D56216880193254FF782D7DDE26C271BF38C6E422E271CE4AB8823C9510F021126A7A944E00DB4031D013C88EA0746C96D4574069BD5439C4110403B40020C30B07A604F1E
310
41D19C21A93FD9002DFC35F23B1E7B98E95E38387E3603FE7393680410D702FF9ED5A3C5E5CE68B5827D721FA78F3A9A0C08A79722D9C9B418F46C0057BB1640C70AA4A03D29CECF33987596D53CFB27B32C3BE304C540E14BF8464E080918268D254838C91A01F0FFB99154FD8A9C0495EAA6534A6C464440B4A71E16100E
310
7405088122A35F7A511DC003D002E6C8E7E15F6D1D2FD09014139EC11FDC89394621F77B9F88EB5A583C41E2FEDBC8F82334494C0BFA97FF3C3A34ADE60385B60E5A30CF036E5E75370BE3B83AE73B3B7DC0BB337DA0045299ED0C66681E4AE223D01B1BC3BD4C921E2005FEB5114739040758189BA8A320067B62A3995E47
310
20055065AC2B4A8006BF8CFCC907C0063EACE41813C5F017065AD46CFDC6FF1BFEE052932CA3478C8E5A6F25DC8503D40F61FC1B047E4DFFE8E84407C81F1AC7B5C79DA358551CD0D13785A9AEB38D6EB68A0A8087FC6543E7471082873CDCE5CBEA1EFC5CC0579469E225428E9A43D6A6000B4219DE52E8DF00A55F4BF503
310
5960661C2DB88AC1F67C2890A93FC420193C8326409E7B595FBBBA9AE1D1511B3F6D65B09AC10A71C2317201A603E88C56CC68C91279E83F5C147787EFE6C675F00941D23EF092920330982DF38C65EDFCA89DA98E8ADDECCD77CB86D85118F3DD9884820B1128010D02F1060F582871CC8FF42024C02239273A1CC3BF71E7
310
70DFB7E96081682803188118B50310BD620234F230B12711B063E0F0490FCDA9248B580D3D3DE944A30CFCF2A1E0F6E59E8FBEA289CCCC943785BB8880ADA9C2FD70F6A13F5418444E3A669273C006C4B4EEEC067827539FFBEA9CFF04D84E7F170480037005AAC8829084329899F90B5E013927F8E646514B4824B01D11F7
310
2C012CEACD163B6358A4454A4221D06E68A71062520649BF9E9127D0772D6E5EADED52FF216BC2FC513C7D3C5CC4C8AF009811826AE20203B076A2AA66D8D32E317DEE0EFC000FCE16D9E0BEB17C74AB009256C5D8AD1CBABBDA61402612C675FBD72D07E633B1A42F2421208CE01397560811204306617A5141706105C9F4
310
984C459F2D0F6C392FA05BED808512B0B9A8A9FC6CED89640EA347D31F0DF76D3D9E61E800FE9F7601BE4C9614A1C58E6C839F13A12D0EB426DE6386B82369A9E6A7F1F9146EB578A2EF4289AA109B4F6CEFEC0463E0072A05CC9DEDEDFE08407B173B8AA65399C80B2911252E6290C82CC1B8909140C11B7AE161B42B9390
310
5045D017E00CED6D27AAA15F2C2179F1E83D411A7020B9408D202381E7E5DEE5A9E7E5CDE3B186433F488AC81554BEC09BC579018ADD1DCB3D9D70F02B14BF9159A4DA376225FE43DA224FED327941705DA582B2FD1BB5DC0540667B650BECDD1D5DDFB0C7F36DEE2B94F6EE2EE4E426F20A1174C31DF153321A24114C4FFF
310
25E505475F6906D4149B21F1BD9D9DF7B059F8E0FD83323CB97991FE80EE131A9003B81C491B218B1D42C0C0D593D9D548003839DC29A740298B0C23F0CE14BB167BD61989AEF0B985C8FAC8F923A73F31953989F0F6C96CA6C4D0A9A88184BEDBBBDA3BBADE77CD8E2FFEDEEF46184A86671D7DDC51417477BE9F04804F30
310
5AC82C2D018A21EA903866A0F959FBD4139916D036635EE03DDB7408BCF0627A03027AD314C09B0A27F0A79490D53839D0DAF1416995CAB24101FA63F75029D57A4CBBA9FB4D120ADB17FB5A999FC9420DFE04FA670430B90FE7F589F7FE8D50A4B5F004CE5F07EB4EA007F8AEAE8E8EF7DB3BE2F81F42166C7246FA9E62D0
310
2C8209BA1024414C483498B50229FD923F2414040B2081390AAC353B5283EADA12A30B1080866D746B9ABF5BC107F33C2A015B275480759334B83AB02175EFD0DEC785DFC505E0064F4EBA5A97073A74C5C9FEC97BD25D819E28AEE661FD2732B8BBFB1BF13441B3C1F45E8AC1752BBF80C113DE960E0AC7D9D02C58C80505
310
A19BA0E84B14402601A590A4AE00A825E98C3212342302EE10FC5100681F86834A2804BC409D70270A2091DCE874B16BE0706C974EB3D26EFEDFFCA6C4579AA4DB781708469F055532A7046C6BEB0CF39F3ED2EC4FBCA3D00EA91CA68FD2B87B5C191E0EB2C300F00A1C9881F263571C6CFD83D079D09F176FAD839340CF03
310
0F70458F81F09AEE1329505150CA0A00576B56C06D58070B23086F685E44232D9D53DE3FC3731044F286D19F459351863F749F1104198D6E14BBC68E17CAE70D7AFD958E350BEBBC70C9C4DFBA075240DA27D40AD7DB063A097DD3F041EDB3E4B682A7A12A548F3393DB01945547175879989302521EEB1431B08759B632B1
310
74E0F700E774FCA1BB83F95029ED1A084288C8893520E49415E00DA080AE8027C34206D35491D050A4C6B080F6A20889A2FF82379AB6234F6710C05F9080ADF002B9C9F9C583AB220F45D618D7E7F7547FB27CED8A8B7A7D24EDA4988B0C1C2A1AFB53FDC61BF3DE50D63C560F0120B0372F0839DDDAF13E583B868717C1CB
310
8CC71D1D7F440CC82184803144196EFD58BBE00B7EE77DE8C015942357FB06FC906A5E2B8882CCF9FFE184B0035A5CF186A962A63F84B3AAEE3D5A2C830008807568B6A9F424086D2095A3E262DBF124350082C4B5DF4704A9D2C93553DE47BD6766B69349610716999FA25854F759CA9792599D3837ACF6247CE8597B0F96
310
0FA3EC45B61715050260C5844FCCFEC9666BC71F875B17E3BCB4CB151405D7D08F846B4CB952248B4603CC402B609E90F0044A007FA800EC46D07A51232B00E5683C55D5096E1374DA4FCBBDE2C25A5B8D26008227CA7758033D7D70DF12CAF7F247939F93F1CC63047D63ADA0B7CC8771B234D8095FCDB577B586D1834062
310
035670E204B245EC093FCBE15626C10D210CB38A13F50E10A0D5C0814B0C4B30AA9858516001669002229618F100767AA3D6D2528595FE7A398C2D2300ED0013A0AE60B91644A057327BD3C36BEBF48C91279B45F8BD145494674AFB211A91977CB838DF35DCB3D6D6AA2FB2784B591ED785DFD7DB77747DAC9D2F7674810E
310
FC2895F9ED8007EC7885101679C06F21E4B1C8A6120956F80518D1DAF1717BEBFB5803E20C6F2A11B2E48AFF4AD2810A70054623E341B3D1ACD92DA91150DE631EEB2C28882D092049C0DD38E262A7BD6F98549930C9D44B7C37028AEA9F8C5628A2BEF5704C0DCB2B428181B1BE766F43014498D2E57791E4C8DA6BD2ABF5
310
003F0C40202E2E32EDFB02852D16C30B7F646B98FDF86C7891690043128B0A0DE6B4EA27F08C30CA34C9D0AA0852A5997F8D11A6EE84E040B20472020256F4AFEBBB74E6705A12083B249089218E6452C8E5A69717E904A3F5EF3D5D08EC1F4D4E85086B238CFFC11AB9AE972CB775616C6D1DE04DDF073B4DE3747C41FBAE
310
6072901CAD0237100670C5A00C2C3CE063610ED824826C1F6650700E88C00B62468903A0D71D3A390255AD7040048348C56C4647413C2C2561216E0C469203EF06A5B101AD40D0E207F78B124747DB5B4BBB4E88B1C373C114E0470B345156EDDBCE1B4DBDF81DBC400746B0B54E05F693707B89A5E430982C2AC7D10DFF11
310
D5B102B9505034B35D07E8E5F585757F088B390F2D4C85CF7218E8418BB4F25B885053D07D5A908326809F31D6CC6B77CC948413B28664484439D118DBAC27DB5AC40C1AD166F25E6A2F0AE82100C0BF220405323E1FF80DFC518CACA8DE1003F3C9FAE9C7B2D60703A0004F8EAEAD2DE0F5485452D15B77B4B67F4C2403B8
310
D8F9C533558ADE058A9E177A1698F75DC0EB4C800F74C0270178C8579C1FACD025F0560844502D2BBC01E620030CB93636C1041636A693949CD80139FD15BE107F905590A292840F8860706D07E2970A2F15E5B13B87C3143CB2930374CC46A6F9B9D7A5CCCC14E11B9E879A49FBE27ADBD6DA82410FBB94FAA8487D61B51F
310
4BE0A03FD08743C31020D6628ED20305A22C2C2FAFA7ED1E7881C438AA5B9035F20759E243C51F34D0D5F02F11403B9E204CC1686C0B6C9000470561519CBE1B0E4FBEAB37A39EE4B84C05F023858779341991F36D9D9F351E7BB3B5ADF00148D9D05784F9AD8B037D48C01BFA83D4247F03BB768BEEF973A14E610090D4B9
310
6B1EEC5C5E66928F28EBEB6CF578B067DD83086081579848E60DFC7684044D8174993C39F886043481F6A2B743B18749E52447CD4D230513032D20D20206E536E15BCF7B7D211634F98FF9986287F33F9A94615A5A0A7CACF8DF5DCC1AC6EF9AF1945EB78E0A2FED1DA2ACC00EF983F9A012260BD722EF61C9DBCDD8719703
310
ECF839029010CA0B9F100B1D2842153E01A1A3837AB579516A31982FD2908A09100DAE591016CBCD4B011A2F4DE299E1338CE065DC4841BF9895D8C81714800CD08F5AD39601BC929B55D291F6CDCEF2AB40DD5D98F4E6F107C47AEE4A09A079C05316F479DAF4C2BAB83221BCC0CE23FE3D3D4C7BC9AB673D89A3677D6020
310
F6E182332028012FA0FBE0B2668FB85485902A8E7FA0BA2105C213E20BC2169211A4BABA7D693C3F1DA961F203694853137073AD5CD25F1C017DE0477626D7BA55B88F83B5EE513C41D814639FD1BF759171F4577D3CAB0C3DFF68B2D3B1F8478C18F67BEBB2598FA76A4545E9E961BACF657E0791D2373030E0EC9FAEDD17
310
BEA7703A738185D08236C407448A4CB504CBF01FF43859D3115488EA01B55078000DF085911805790DE1B41B6F8CB2889C3834FE02AFE07D85143C6C008438A944EA63E047023A7EF37E13B0903AFEA7BBAB9579330FAFDAACD540022980B65A75FBA17D388F1E6576405CCE7032D95BDA420E7DC0EFA320879E5F8B3B04C1
310
D2D9C1114210C19FCC49DC6A855E12010184DB8968109ED016E4683CD552A36B3AFA13BFC2114068935A7E774CD2C7225642B73325938052D8634ABC18DC9442BF9E0402E85B42F9F3273672DA8E8F1070405D1DC3248487574CD98092B8B956E6AFE1566530B78FAE05B4A0DE51FBAF85DD075C7E11939F80E015A58D1F87
310
E400CFFD2306C4D1D3C634380A201545A92BE01F445800BE12302AB477BD6F62600D211232EB061448A0D2B877BB940D63D059C37E0569A83DE93E214F4BD86209FF6F479C640AFF8AF6D1BFD987D029A94DB7C329B4184D4BB013BF912FB88FEEF913071A8D82B651BC10DB067A7EC52FE1B421883144C00F64FA23A11CF7
310
08BF16CA59F18D4C04B8085964B2D8DA4A855187000BE440BC816FFB13374640B0EB1D0998AF38A1AEF503F14302E2811081FC12EA6CD38A63B33035125F40F170C0B0AA45E9FCA38FC6D688D48563B5C4B4B7C359D3C7AE0EFB16ACD5E2FAA47EF8307044B4EBE1C71E84E742D81431FB06B90B600B9C239E277A57C94C42
310
7EE10E7826980C0136600D916A06058CBE8604DB4D314FBC014EDAACD0820F14BF75449B70339490FE5A0491221BF95F949DF1235380E969AABDBE2D32EB4403D3FDF17F42F9A0A7C28ED75BE86BDB7C7EC80C76F86B8800F77B305EB88F00A4352E0F8089EF811EA02A3DF08F7DA008F803BE4B4EF5F41E56087099E92070
310
8C3D720916444440FDFA013D4E1201414123A09290F5BD7AB729298209C4306D007BB0829FD4EC3A6D7E4F00B67DF38CA0764F832F0448E58439B952CB4F70DF964AFA74CCFDBABBDF273E2FF4F56D3DBFF2A78D42FFF2755DF307066497F44062AADFC0CC546F6DCCFECECFA232E14F408F05477D311B683A35BC245FCF8A
310
5CD2AF20022C21022266905A5BCC8B20235D6FF04019CC04058AC80023662E25F342063165956320BE50370F2A657BACC817DDA3DDD3EFE04028645780A768FE38DBA88BF2EF3ADADFC7FEACA952E5A77568ECF0C971DF32BF1D24F8486B22A649EC81B1B60315CBEFC026091CA45F858D7D04C1B437079431E63E38F88075
310
8842E780A9E03791C0FAAFE10012588C3C592FE35461A6047802BA18686887023A422A49599399893103942CF6DA53A8E387825FA0678B261F139F801E2B17C901D0F5217E07AC2401A87D0480F753FBED44FE949C93A1D042B879FCE499B3D861AEB23F9C1F372F0C24D0B7D6E70FE1AAF60F84BAE642D82F0A9F53E22783
310
915518494FDBC0AFAE7DA282E5050B703570E06319A015E00D693A6BEFFAE493941C3B08C13B96BD20D0115A9565701DC58568A3009DA13E965765C03091F0FF339F7309D44F6E61F837F1B1FF920450EB8FC48F9B40158BE89C81A597CFB0DAF5F5755D3886DC13D4479599B583758CBF35663AA234F133F91D3BCCFCE0A7
310
94367F385C59B19431780F1C099131384056616E15A1563B50021D369C593FB292685A68A8B2A50A0A2085CF05434617E05FC24A6B077B990014421A68401AC4D65788EE25F737EB780D08A6E38F060F2ABD889E1B889C44852C2FF368C1E3E710D73B6589EA83F7417B341ADA1F639A23D15298F087AD0326410E116C3A1B
310
325218433C71AE62C07C1480F1C045629724A076A4BB8D622D24690486727F56108D07046DAB065000678E04C4F8C342DE27F4AC102D854F2D08D59B4ED0E4F697B0FF62F113646BC5B7F3131D4EA8BF8B265EA3F2026E7061B96F6DF3D993276B2180B8E57067587428579460551049049B074CF8B1066C7E14C705F0B392
310
98C0997C17F701097023BAC31081390196801FB0C2A12380042927503D5A01CA127F9841B460310639C674BC8CDF1A320501448E0068905B07F6E5602F8C1F07786253438CEC51AE61FDB25FF71B09893AC026A9EAE3F30F369F5D5EAEA5801FBAD3C98B38C13EE017B054F81A56F05259DBDA64FE270B1FC4C77200FE276F
310
E814B916E222575ED717A62A92956504605268408CFE13FD61F84252228376060206802B9550F00B9D47E6AF1022538A752CF4FFF1F5931384A9FF8700EDD4FFA2B93FCBFABB3EA6C607FF714B0B8B04EBBE83B52B246092AB018C0D0002FC490849F1E214AE6FC42009D6D86616C835B65DB9862EFC4480C14137603C3089
310
D0A5588FA27E693DD184131BA4E88C35045ACEF1CDE1A82323C20B842F2419604821196EE8185BC834AD44F8E9B7549A32900196E9ECBBE20FFB4706861AACADBBFD9B56A23FFD3AB8BFACC18B1B5AC0ECD7B6AE2E2E9CCD2BE8AF1B1BC3A813B94107E82DE67A42E7CC7D4A6116700B5B2EE3C338A09B840F07C40A64800D
310
7C605AC42B72227C4C7020AB1F20056E26F542717F56534261DE3766AC10A6ED2D006DD03BA9DBA507AE0510A8B385C92363B9154167F1230C40D76AF6F3BE0CA08F8BA2FFBBCEFB09D0986550E0F0EAE2F2780CDF850CB0F88CFC2815FE87BD83909F474F45DD47F1C821DB2107A8817FD45384F57891B65F2543D0C1E20A
310
89B4A8DF806862AC27C60F6A054627FD344250718AC0FA21CDC4E28DBF2650D1B39D8B8A420C348A4F846E2BE824BF8C45E1DB8EEB52F576F47A75FF95F90FCE0FD3A7A08D48D5B9AFBE3EA658E1676FE3372FB57F0AD8D70ED4AEBA3D4C2BE0AAF1C3AD63A6004D12900CFC481A47430C9EACB390038642C8C41B13303166
310
614210592736B8603AD4FAB17189DBB32F3915F0C380795A089A15228460BDE8E52203527D41B5470901B088D84FF8B3FE2BA7F4FD30ACAB3DE0B7E2FF95807AB0010FFDE3A048F7360F9F3FB9380EE537F16F8673131325D3351A3F664022020811A0FE8C019CA17370725CBFF64132025DA1BE2555102212E80A907FB43E
310
D80A991A8AAC183932C19AE17524B06590B6AD286EB99BAD18FF4BD64BAB519202F992A963648ED30E7521F909F090C0213E367A77D8836BEB6F34D92EDA624183070248351F1A079E5D3E7A9EE81F2CE6678F92E299EE312B6C0572C0A7B5EEE07853612403813152C7125E2022A20C18F855DBAFA399817FC97FB6E1CDCA
310
31D348434ACD0012F0D32A5456B4007E6E92D72B1A4E9971223A42C1042819E4049C0C5801300C0013FA48F8944FBAE71DAFC27F1826FA2304ECDF3F6C10FF47D5C7E49748DDD687DE8E91C09394EE0682A4F84CFD6067EEDF43E67EA46CB2F4070160439245F00343D03BF25D7E2F26FC400A896DBF19FB8D4D0A66DA669C
310
3D608F9CD048A0533621B25690EE19D5D15248E390F042B12C682511B02BFE3E5700E4C9A9B2107A8F45248FA48234FD23005ED1F4EFE80D1320836F04003BF42856D478D1DCA3ABEEE3C68F9F30C3A16E5C238EA5DE3FF37DACC2F8B7980033F47FAC34421EF0418A045394802CE032D61C70023D788136788613887C0011
310
A4EA316E005718AE191F8D0D841B9C679CD2FC478442D005429166F5A24403B1E6ACF3298F388B6D0BA933D92339D48969A5C11F09B4FF017A9900A4F887010C474717E10F36468032FF33F4AD610517777104CD920C3CD15FC5F3B3A0C75BBCA3B00F2724863C10BCD4A0E00736C7981F2F72E4B001438B99714FCFAF713A
310
2603BC710376A1715FC602022202E06FDEBBC680A3DF1C4C095A12C50B554FE7623B50374FB2129DDEA4C392C9188077658C87F55FF92FFA507FF03FC8DFD3F31BDAB46DD51AEB03F7E1B38B8B87CFF47EA1479C3EBAD5C6B382C221C0F1B358B39D76D9D3142C4A20935F541E492E0EF081BA41B3620A8E172B584EA14856
310
32E22A8221CEDAC6110AFA4B6D43E2B76A18AB240BB24337721C9321D2C033B2D3E2641A55A400A28403C12D1DADE39AD23FC5FC08C47A64DC3FF6DFF76B5235124022D7E6D6D5F3CB870F9F31C96FE477FAFE54100068A3A87FA5908A2C08011CF31309C10025B089FEF9C510522B8DC07C30AA469841723A10C08E27F00F
310
7FBC181C083F2809EC3B2B328E294AEAD5A071B3A95C81D2DE3F930372D022C9C793535B92FDAD5426E90490C3C81D000017C6494441544698C416520C1C40C71FC204B22448FD9303782FBA67089A1A7D4CE38E89050FEF5F1E078A4DCCFADA058032C34C1CBC2E1202B1F8962B1A8024F0EB7A11F209E96FB369D4B64202
310
FE7BA230AD24C46413536EAE955B341B726C593B5D4630C0BE822480908522B0D85430230352618DCD4F7BA6D568BF4343801480006658EA3EDCBFFA9702B4FDE9022163C43F9B72B58001A23FCE6F0B3FF0E4E1DDFB9801A6FC42FD0132CC1F2224F89933107AD30B6C9131A53818AE944BE25A70810821C38F098411980E
310
46D108F483DC63F49B91B852351604091D60546702F58A3872A1716411B642C7629C267E64E77719F46B0548FD6BFFFC86A38DBFADFCDF700228C124C8664FAA02BFB1F92B09800876FCE4F2D1C3FB4FD0A44E0106A8DB8079751CBF0BD9340066C3D52BC64706467C05B5A54401BE4A1B0132A55EAC1CCCB10D378A3DFEB9
310
812022327745EF2102886A9142C812A1A2C9708027BB55B7006357459F9C2080E0BC34489FC629510F3017B62D5073E2A2C64048A0A42580E413BA9E08274091A398EA80B5BF31C87BF5ECF8F1C5DDFB4F22AAC181F070AAFDDAE5650C4000516440D8806786D874215149E69ABEC43FF0EFC820FEA112B0522003C84BE03F
310
B76623513B6D840820358B084119B0CEC8C00AE888826339A54091F5FCA513AFE147975BB1A86FC50618D9D74502F0C7C8815AA306602FEE3A5E79E0D7DED1B221001118B73182CD439A092FF801105D1AA14E1918EC282F6260869D55108065988BD67F68E5581720A708051F7C8070F582389C682BE53F2AFD85853F2A01
310
3D21564028E06E79B7A71E43212180A81541EBC88F451E02385100491AB0C4A3BC5309A95911E66D04C0B448366988ECD204C2FC930F8CEE8FA410EE4C25B58DD1B6EBAD83F6196670F7DE635282C0A56A851AB035831725F0471A10FE52097089C80495804100318405F0DFC2136004B4C40705EC9154315129205EC35793
310
0035688F61AC02188250CFA9A980233925F16A117A48CA54DAB6400221976B75D863330942E20EE3B00B08FBB71AA813B0E502FD2B023DF70114E0D7DF2E2EEEDE7B789504200112075478F2FBD6897835C91F0C20782401E801A2F9142700B74805703426023A81CC0BE88B537D0003E0C5181D29EB8D83050964DD258091
310
0A1E7A8138F76253DC01DC2F3824391AD748276C0B0CDF12366625D038603D0003E0266CB42704C8CE7FA7F11B4D59C0BF454A78F8FCF1E50513715D469607031272358F04E0003C90107223A581218F10008B10247CD20D860FF0BF48801040B361808148714764028EAC137E871501EFDD97C89B52107FF1235B0928C562
310
530082573CE137840EFEF82A0BDC602736C595912FBEC69E6A3A26903B3A300C5A098A9E3F1810CDFFBA019D97B4E7A7A075850F2E92569BD960CA7B8304995FD006FC4213BB1448A6F4BFBB3A9F9FC4962D0A1369129B10073771FEDA38B1737B663A71C088D8848027FC3008DAC4E4397A6F76271DFFFCF77D6BD7F1F67D
310
A51E0E08875A6BAFBD6BD7AE52CC04A0B4A2206F650EC412841A48258258E8662C3838FBE21E25172C2A15A4F78D82DCF68A005DCF07047C183E1CE47731BBCCB5469D9169E0D588945BEB637E87802A03D88FB82486210D28FB3B858D13DC7CE75F5E6F3B03C1744D30CC58C7C7A256146853A05243060B850072A7010CA4
310
7CFBF9A1E24F414037B8781E8E9F219A774B36481CB43E48A79819D638C8760D672FAC19FB9D3FC5EA9158DBD0159C27860409682E8FF2595652FE189D2CC2D7C023E944158355806FC320087CC74116030CC376C559C098B93A041C5DDA48AF33827D2327DC761D19C17CC62780D82A170E6CE7415A5E7FE825E053048F88
310
D2AC2A561CA4D4C60098DA28EF1A01382772484698F60C8DD24BF396EA76260542810A625978C03580A9CAB91D10249BE579B0377A3DD15749A45F24C4D81FF3D7D7996F6A1690288008C0FF6CC186DA9D5FC95BB09B1301004B016E707FDFED306A1BE8FA208828F00BF342186839839F1F6FA338DC5A0200FF383DE92614
310
C03A4508DA18F4D85F9354F7E867AA77A42FF49BBE6757A1A7454448D0BFC3C220714FE43A3D8F1547BE10F0BC5A05985AC3C28829A06FE24CD062700601F4AF12AF99099B08E7071DC4626A97C920C3FF96E190C9D1FD7CB6163E800D79E5F3F10A9306C02B799E80F1AB380E0571A584C0370A220C3125000B500900D96F
310
EA40409F980E2083E4EDF4D8D2480AE5667222E020BCDAD4EF19682120818FE18EC7FD6AAD67C03F7DF1955E697456F517AC4F24700C30171C67E9168B109A4F60AFA60F98BE30941BF776DBC7C70792A2FBE98AAA97224F8BEA39B47BFD14A8CD03320DA2B676E3AA397E652E30A42CE2987B7DA1EF7F75242413800A04C0
310
270C62A13372400B435ACD84B8B5009208F5AC73EB149FFF3508E21C2201E0338BE07E50EB47E7FF6D97724A601028C5519073E7978EC88834410450E074DD58AD13A4900103A6444A9CB99103229F0EF8C0C78161EBC68137240734CDCFC349807851E0EB46CE864D2E405ED341B71A390CF2DE20CF5193189E1901E866D0
310
230409684B193D17E2928534D04240937D3C84477494FC5E0FE0B448E35AFC19007926C1C6A6E622FDB8A12E30993C6710E070397C4B26304C0AE38218D19F01FFB15BAE1C0E7E74DF75F2406E373C414E848FF8E500EFAF3C1029C9C0ADAB2313A7426CA9B2C1B9E30032C84EF31A09A88A386F136E8C2F1D582EA0459207
310
015F10F1F001F0B1B7DF7222011EA2001F00BFD36BAEE0850928B08C077030FE3806C880EAA74BCE0863A952812E6008B3A89199C1EE918AF96AF583F1A073B0A355B9D861AF1460DCFB3BFC6B7EFDC834B09700CBED3510E48DC7129041C991F06BA5006CA6B5B34EE21501374E8DFC910042036111EC9C7CFA1C05D48A72
310
70F7F835BF04A4194DA4CF76CEC66718C84CD020D04C412AC848F03E3C61A1C8D50D0EA6838A00376054D3DF61A0E393E1F8B058A6C994093476D601A4A06F0CFD3C0A6BFA910E75CC10400A80FDA93AC9B5EA4303F6C0D188B559086091CC5910137772E14F2376D03181B5CFE74C0EA38440D0AC256D6C4D104CE05302FC
310
C00B60B9CD4D71E08BD40C144A025E60D4C1F45FE846A2105D717EEA84808A5DD90A168E133640311CF05DD870768683F5D2F1800F485AEBE5CABD8FFA3C0BEB33702493AEB551B1EB035EF5C8E5757FA7832141F88E8578A363802B560007AF93D7D470B478C4D00B412D634C9140C4F9275C00DCE8DFE3C7F8C0AFBC5B2C
310
E82E3C3BDF393D4375D50C43CD1C17E3777CD2C170725B7B42B41DF15BFC344DAD089C1E9118522B4A2C60B794E4E8F33081BB7C8CFCEEA0B2015E49D586429C6C78646180B7710E06018A3082243C275F077FBE412C17DE80D3E6B9462C5204C5D980D1DF84A864401C483CD01B143F4A4868087A0F780F37230200A4FBF6
310
AED325114C367C22512750A5C7C3E32D545CE20A0904183BA10015DCAD89864B3E1EE97EBAE8B204266A48E010511838E2FE413FB116E60880C2D8440AC3880DDA6DF6618C138CF1CB2A09637E18D00F80CB0DC05322E31EADB8081C29410903F06BFCDF5AB46024E4A75828056440503C707856EF0C037623DD4922A400E8
310
A6BD75E4D2800905F18450A00CEE88860C8964C7B3F90F56528BA18F71CFBBBCD2D05797E168FC37DB26DBE0DD2EAEF39686C18440820013C1444055402A541400DD362A0A402F1FE51246404E098249FEE30708C10CA0B54601053159480C00BAA9B1223A773234FE72FD5C3BD81804D8D196FE3D5315A0C981D88D04FA01
310
DFC185CA93F9120E1F480B08063364A0A318F08DF95056E4C91F1150D31B011200383502E079EE43CC18603AE2F88FD139C802A739F208E88D06DC78267C448C27C4113C19B0F51B0E9C1C021CF8F9167C6B1F2E10E461002910105D1042792D1CA303F469714C018C23D72179E165049C40E801CB96CF334562E5807291D1
310
E0C70FE6CAD91656715F0E5C5E70F8D7F83290549B1BAA6F781D25180EBCA93EC84E72A74081CE3020789B3790E1A9E478E658C099BECFF01E530E80EC5FE31204ACFF70AF8177A03059240CD074978A002A878BF883FEEC81DD684E406CA630ACFDE87292822A11953710F000885D6F68A67ED40CD772B0828359B753F7CE
310
23D9479AB9845771B389D6A77130F8C134EFC83947392029B10E4425440A84AF0E54825228FC1634D369874739C837A9DDC83C20D320C36042610ECDFA750303710224D01202488012CA847424F8D53F78AB6BECE9B3B35A7F32396AC6B7444566327DBB4DF06FD9616744F4D3A397EB3B0A3FBA8D763702883ED742FE5CD2
310
4146D8E353ACCF811C806AE09914D8446E93840FF4D6C963FF32BFB6AB015D1D3B0C9A0968776F021F21404B6260CF84A14F35180CE20B5E85BDA2EC91FD5A7DBA7E5705F4F0F97AF26CE18E3BA078138202400A62930FA6CC7882F911A92F33E547E64990B0F27323D73B6222863F86425153FA8009361C675554C25382CE
310
148420C8DCC47A20122806CA178A0918C14CBD33440289078A00EC6070184CA9907FD0A1270478E0B325B67C2193694EDB7DD0F3C238447C8A11485562FB4902134E6AC952FD5320A4F7C780882DA9684285CD81D278C0E8FF8DEC9F45D22DC3C2CA99C2728110888799575B6834BF22B0F01EDE72D7F21B672C40F0A97299
310
9E2200B7C91403F9BB3D09C01990819238CBAE5E7510D7D57450507E3DB04AAA0A3C280064E0775380C8C16EEA4834346A04BF0CE847B4B3AF760D06D24BBB267C32E2C9257DE5EB748AD101AF1FD33265E2B674EED8C01A0AC901392211011AC810560F77778E85B13BAFE3E25C95B70919A4862C15928BD8989664AD8638
310
101D009A80F00BDC41AF27602A4BDA0C077E550048E7F1011410F01405045E1C140B4D0E70E0F6E034171C3D6FD12004FCC1FA304312518910356628A4A326EC9ADF5DFFD1B2C0399503F14B4F8E3E0E4E39A06ABCB56A8014687E86E462BDDE5124615ECDB412B7314F62E6E0C76ADEC0F717B360E741960104CF1706CFA1
310
8E0605004B01AE007869B095ED92144A807841EFF2811C047889A04901C809062057192688C92346F97F279449F89B113500BAD282D1DA80A55C27EFFE02C8D4F395003F285B617BBF0831F49B055342DDDD414378E8888E92C16789F269A27C9A221FAA4A0DFDDB9F935B2ECC04DC51481558A69301E0460B02665AC4DD30
310
C03D480866C3409400051811876014C0F294C542821AB045011A3E3F09001FF304E3A0BED05CC11A811B865001769507FC01ADC611F400CF68C7B093606E30F3C7E0F00C1D10C31951C1E2D7252181DA00345842A19130715C736EC9ECE686A712FDB31E4D3E50AB336E5666D7B212C0113C4A4406029709B43D0228F3FBAF
310
49921B19CA0C82A2D5BC4A2079809240F37D3E10F9637607C3983F0458508A98B8B4EFC92AC13530180CF55359500080061DF59B98BB3FEACEE881DC8127F182A885A86FB12B43C590A4380504E32305E3148BBEEB2D2782029765428092545BA5C2C681FC5F8E869C0EE1034A822FF09A12C94084505AA868080303473F81
310
61F7AA0A6610745E280BE4427FB770106F8800EADABA19F453210435BDB2348471B13B65F2FCB554827632C4C44467333E4127095D22092ED492009930413251B5408345065065E415266E20279A40B3F520370BE2050C8360E6BB4601C1673B9BFE007EF5200B6483CD195400A783E6DEA0653515B0FCE8E86D1618FC1EFC
310
15C2E727F24F2A2DAB57326D8D0877D4E298894E7A0C3C7D9CE8A0E2D17AA2020FA1097D6372F2A9F955060FDD467AD0426368C24A8340FD0D6687A76316DEF5179ED9042005A2BF02A5DD810A4DEFA4A8F700EFC50FF4FB8C06410F0303C106ADF8852ACC6A2CA9046E9ED070739339857222CC009E206479886EA26227BF
310
7A341A15C351A8404A6C10080A2140FA4B4E8D9B9A11645899332363FD69887F436A660566964250FD752E787B64BCF8E6C8190DF8EA0C854C062D8A5A1346F810414313E606ECA0AC3A01D6928544029D5F42E202C0CB386F880F7842A31287061F32F3CBE09F2950783394F2F2B23D85386C6F51943E99DD10C8A0000BA9
310
569A14805693274BD0E4F4DC3F28E331EEA91C4F33ABE057889BFB92819187840A08E57A276A8BFCB75B0342668C70C565C8059996D209C2800941A21FB82B2F520BC2E6FE6F1A8827043DE17000DACC8193E78BBB8DF1467978C06F6AFE986123E3A95272CAC122046F4C65C4B88FED2F1CD1D918F7CDBF8903BF1A90057D
310
42F4DC133AF804ACBB58446A0DB78806FC053FA1E45D0AF1112613CC0DD976C5E70AD3282F42725C0D02AC8588DE451B1C01ABF063E7748A3882F0DD484BB78D037F9812240EB88B6034C0AD53E5116D4C6D920C6A89F084E6D0598AD7EB6930CC7B293E27A666E5CDFE9A3FA52FEB3C97976FDAAE9A60008FCA6B33099CF9
310
880D35D419FC687D424378E3099441E110C5B3C6DC311E6653514A67A530D863326C4D8430E0C28024803B5B069B0E60C10EDB6DF087034171DF01F1F3404B27B1056D8C0E56E7CA6056E7798147BE4C2F01CED5987E413AC6A724876DE3F599E0601CE7B9CEF3BEB3671E12DCE8AF9631B8031D3F360B6955DC2342B2A0E4
310
632A00264C0DA002220CFEC3E10D9BADC8904D88DC51928593AA16C91DF6FFF82B3234404C7214D0F8608E0052283EFB2B0563F1D072936C4017706010BCF1B16CDE0C1FA9C777E44E1F5259B0C9BBC8794A82A6C182A3AF56B16921405351FDDC91B5BAAA617860E8D76C97C377FE701A4EB4378FA97C2C8E3CC8950886C6
310
FD93AF70A1F5F676B7ED16CBC56AF5D09110EEB8607CC08A795882358280DDB98AFFE7087C6EB593D62F041CDB4018935238E73F1098100D0C8769818F777057F64C703C6530E142FDF5C837AE1CF66C94C4887D3A3726AB990DEA248F73B5D32C8E04F6714B1E67C53FC52040252E605B322407CBF8C7F05453462A295ABF
310
4D95592DDD76AC23512E9A2DF964715C80DD752CA8E263AC36F02C3C28A133EB22AC8D099BDEFDE28C3E8FFEE3815D5D00C17C00511058354D62443C1A546280E43572A9C661A34FA5891F8E7570608C8DF21DF51DF9D2A84D4501F41B8CD4F4C9DEB2F901E810C0E4CEB6EC08DFB06341C864CF8D0EEE779A606545E1E64A
310
AF30A4324C20FDD3BD558BD966BA994FA915CD162B1978642AD01694E533EC190368A68234657085B5F88E27A0805E04B8BB6A00A51646EE3C10A50FF007FF410F1963CA69BE2002F0F902E701AEC995FD41F83A3F0C3809A3288A083003A6CC2A20E6D703EE48E3777AC07ADD51EB6101603A9FCF17B3D5928F6D742EE7E4
310
CF38AE2B03C5FB39C81D7B2978FAFE85AF3D2710B0582C970F0FEB0E4D1103B8BE2B4D560CA10002FC8F334C891C07B44FE06B2E3ACE5E1E2D1FC32203110ABF9CA0E8381F68EC3C06701328E5A38278A5FCD944CEA5283DA933DF2A2448BD23F1C5D8BE04CC2DC3B43B3EEC29F8B5FF926D11D3E97EBF7FA1BD1E5E5F5FE6
310
D3D972F548547783146ECD84873F377C5820F7F9FCE5E07378D6CBCB7E036DF7F7104079A05B77C6942D1BA95D47424BFC3DB6411009A42E207871B7EE9B06614BBD20F22F7523FB985F3F7068E37600273A3ED0C1CCC380F6EC4AF01CC1CF95E4848B7BF950AD14C44F10460221E02D21D01DAE800F323704C00035DFE97C
310
B37F797D3D1C0E4FBF35EE1E5E9E0E879FBF3DF6F474780A01FB3DAF01FE0C0798218007C2090A3008BA7682A338F4A8804A06CBFE6A80CEC766F49853F15B2F45FCEA3F8250012841315016E75E797EFEEC4ACA6C79F515CF1738F7C36E2406071051043817C9E8C5888D49D0332E800062FF54FA562BF7446CC0BFDFBF86
310
03D1FEFCC9F7FFB5A7F000430755C2D3F72F2D02A022820897ABDD44594475BDCCA4A10AF34C06B08B4AB58BBFAE30999DC66C7CE903A83CF8EB006EEEAA063430F84B05F0ECF644825F5E95073870E72A0771AB89B080022A0C5A9FAF34C89286257FB7BEA000EC65B59750C68E0815B0D9834B15606328F80709DE09018A
310
C2A7817F83F96DB3D562C10A0A31300230CD4200B87F85808BAF64D04600254047F9C14DE93464009E7F5AABB4FDD6D55142A2C0BF1541FCE19C20C899BF4F76AB54B84CB97F88F48ECC029FD253F0C70DF4816B9AC94BCBD653B1A283C4001A0337955E4AFED3FB790B6B1F5EA0B5514074103A38D84280EE0F5F9BE974EA
310
B2D16AB1EA969684B6E4166CA28264B300474C7308D20013B204A65F82970718D05678B3315D442E1C0A327E2F56556040C005D2FAB1326A68A07507C9E46A3648555A7080F5F50219A00E6222E3E0862CE95B5680930530742F1D041805E69B788161F015944D041182B861A2C17F3AF01CF5BFDF6C343F9171F5B004BF59
310
C016719164B888EA206A02AD05E8464D06B48E4381A0E9345FD171625AC22198F57C003BEA5510F81FF78D31C9B033D0030000000049454E44AE426082504B03041400060808000B81145D51464CB48900000043010000360000006662782F45414443333135452D433242382D344444312D423144442D3334314438384637
310
373937302F6469726563746F72792E786D6C9D8F310EC2300C45AF127987122606C71DD918B841D4B851A43646695A717C52A85029031293A5A76FBF6FACEF7DA7264E43906840EF0FA03836E242F406C6DCEE4EA06AC22492573150D1F66C60C640E8938CB705396EEDD86DE9B5042FE27813D640EA63BB001C722AF6E55C
310
B61E4863F58284D5D3F53DD715CE1C3985E63FD7F1B7EBDD617E9F1E504B03041400060808000B81145D826430DE380700004B1C0000340000006662782F45414443333135452D433242382D344444312D423144442D3334314438384637373937302F6F626A656374732E786D6CDD59EB6FE23810FF57ACDC6712C2ABB002
310
5614DA0A9DBABB5AB4A7FB169960A8AFCE4376D2C7FDF53776EC10A701D27D48ABA352098E339EF9CD7B32FDF81231F444B8A0493C737CB7EB201287C98EC687999367FBCED8411FE768CA9324ABEC73508C233273E4B2339F1E7892A77A6947F63867F5D5DBEBBF9108494C1C14322CC4CC11E10389B08BF32CD911F1E8EE
310
7086DDC3FEC5F5DD62A34DF6C071FA503B2AC59CC419B00AEB3150D11CF8F64F10C99B4F3DB9C1DAD66FB7AD77669BA704B719A5B1C8701CBEE1AA765CEF0457B5E3FAFE6075D31B4E3AC3C1A0DF198C7A7EE7FAF67AD5F1AFFADDE568B99C2C6E260E9A4FB749C24A05A424DE81165F9DB93FF5E49D527C8D4213DF6112C7
310
24D468366DD8114D971251C7C402D657A2551452C85A59E8B714FEC4B656A0582C59681BE1CC77D57A93ED3F00826863A55C1069E522E3A06B8D7DE10FDDA957AC5A7AA1024538239C628618DD72CC4141B0B5509045467A8B248524664A8B865E955730ECCBBED4C4E53E674CFAAF33579E16803F924C28CEE8BF841FB9AF
310
9E063C81B4398DB3B116367B4D81C464EAA9C5E25EBFA76F1640A23DC307B01610536EEAF76A782D652C58AF9CF99FB7DB978D8C0FCD87A73C4909CFA4E52967D67E673458312D30BE16A014B8DABA3BA2F215A0FF04C897BCA029688ED397C1CBC0C8CE712CF6098F403BA88B3A5DF8D745F2F2CDD5D42B1F9E2364C5CA53
310
9882DBFE244C2D31ACB32B90CEA74F60F409EF6BE136216660D3F734967E0E868258024B10EFF7DB1767BE86600A8BF01466203DFC4D3D7989E0ABA003F1A6A6A1A6F0DB4251C661EA7E76D4D51DD80CA761A92A4BC653F80E7F0ABE8BD5E6CF4DCEF73824F7DAB157644F639A41326D66C802DD72F96FEB4FCA23EF58B2C5
310
ECF8B4B52984630E898C1B0D6AD968B520A517E044A6E142336AE59E82B733866392E442AF37C5A93061090FB6AF41E1C28D67FD656CA0384C1B40632C83E41E729A4A4C9CB9D6561908DD8AA06061986B0B3C145A0DB6799406384AF25886DAB7A658E703E28CB444A0AAA819C3365E6BC8EEE87E9F0B085E8D24971690DA
310
9F0DE1C2C20710C79AF8E564CF3124D1240E28E4607096C613AC034AF0CEF32C08DB0794B13C0AF694411E09229C9EA0DF52826AE67A24AFCF09DF3512B42DCBF8A4B12109B806D68064B25511F3B54E3979A2B2CC54F9CC64036B87AE439DF9E044BA9099A20150638CCACC47A3457770BB5A7516E3DEB233B8BA197626AB
310
FE4DA7E78F96FDEBEBEE70D95FD4F934D1AA9AEF4095B2CCB1FC2F7BC8A36D8C29831B526CBC4B3F7C54D973E64168F46E16AB65DF1FDE7496BDEB7167B05A41B5E6032BFD81BF1A8F6FAFAE26575D8F1391E43C24C2EB79DDC098641A1F4E7165B87B1B43A1ACB99CEC8CBEEAC2FC8F63683D27584AFC5D836819BB1A0AC2
310
B641543E5A0FA1387C94292A08A1EA6B749F5A10ADF3D114E7DE1997BB6EBFAB3EBE3FE97527BDF164386C19F6D4493F1CE99A6408A1F3CCB320497148B3E6945A43A625CBEFCA2E2EC48B021BF3BFD7438057EBD592A9F399493315D0081F48B0C7B2AF6808A597246ECC7A079608416322545FF8A65EACD1ECBA507ED959
310
BAC16CA9082292E1EFB158D568D4BC00A2390BA083CDE40CE1621D51BA80EE594E5194FD32A47A25FF6B207094B2A237BE8481DF331098AEA8C94225D3F28827B0CF0067417747D4A8E312F5927D5351346AAD4E7DF2DDE44FC0632AA15F088F39A27DB1E50EFD89FC8C210C8D867E7F7455AAE2125AE6B04CF67E2C876E35
310
7C0D9E093D3CB42A4EDB69A552E61585784622687D7196F3561E3B8268626CCB08A42343CD252A27BDB3A0543D9FE9FAE030D5F49D2A892BC740ED4A63988DB512E48D148D46AC74A1E68072DCF50ECF36D85CA4FAC311F39757D955F78BD4C0E8320E5061172158C71FAB0E6FACD4AD1A4A3CE32C8450BA51DF9D6BF0881D
310
D91D9B398B5C53596F6ADA4B15F75A86D408A6BC5846DA7B79C1BE62503574DCC2BB2B0A3DAF585FCBD4E6C240FBC887C5B44DEBF3DDA64605565A3FFD4562449E6B14F4EA5276D067487D5B1FE704350A5AA26FEB338FFF165D88516065F406136491300A837CB243079240FE8651458B0E854744A8BC0CC6AB8394798BD0
310
E2E9A7620E9BE12D334F870F1886D94CF76F79088354C8993347AFA33F60742AA7976AA0E53E42EBA6639883724E670E586C46A14373B7300253034745BD36E204C7C6F14166FCE2A9F2F7F131890E44A5A35CE59E36B868C92C6782523855EF16A0EE2B6ECCA7DF2FBA6107E10C2EB779560A735C384AA341302F110AE160
310
52F8A8E17D8192E2BC5CBEABF65890B49AE69FB583826A27C3FCA046F215BC17AB2F9E9CA6AF3FA394E507A9CE731DB345A9233B75961793AB2918861633C5B28A5C7EF0BEF0045E4B45E896821178CB248A9258FF58E8D75A68F3002FA9769E19100A6FE0A981817E03106CB1202EDE894758008D722AC7A805B296DECB20
310
5AD1BB518454013C66ED5FAF902E8A2AC3946AB495A8A8F13F02FF91AF7DA4B75437546695E002C095BA79BC300B538FC3BC7CFE1F504B03041400060808000B81145DEC81345AE0000000550100003C0000006662782F45414443333135452D433242382D344444312D423144442D3334314438384637373937302F726573
310
6F75726365732F322F636E782E786D6C4D90CD6EC32010845F0521F568C01C222BC2E4257AEA25A2B0A128366BF153356F1F48A9D4D3AE663EAD66475D7EF68D7C43CA01E34A6726288168D185E8575ACB6D5A28B9689510CB3F8C926876586997A9563E613D86E4E066EAD6D52DC4FB10C5D5438414ECF5889E12BB999C57
310
9AED17EC86995AD041BE33678A61334B90B1260BED44093B8C13368129E0A896429E26B14C52BCCFA7B358CE527E28DE49AD3E11B7C1875820E1F12685C5B6C6964828DE01AD6A0A83EA6F34E32F1E6BF1146FB656B9A4D6C1C0CAE36858D88D07FE427E5DAD787FB28D57036DF642F413504B03041400060808000B81145D
310
FF15A4A45D000000800000003A0000006662782F45414443333135452D433242382D344444312D423144442D3334314438384637373937302F7265736F75726365732F636E782E786D6C4D8B3B0E80201005AF42B6F75B59F0390B113044D83508C6E30BC6C26AF226F3B8BA6360974DA7271430F523308B2B198F9B80925D
310
B700539227A2FCCB80A18E5640D320F996A81C9F32D6E9129A0D1EF74FCE750E6D57BC7165FBCA07504B03041400060808000B81145D1E10C6EB4201000056050000300000006662782F45414443333135452D433242382D344444312D423144442D3334314438384637373937302F636E782E786D6CCD94416AC3301045AF
310
62045DDA96BD0821C80A64D1137451BA93E589ABC6D618695C9ADB574A95A4A5847611487662F404FFCF7C8D587F8C43F60ECE1BB40DAB0ACE32B01A3B63FB86CDB4CD972C5B4BE110E91BC632AB4668582C33297A87F3944A1D6CD53CC4EA60EC2E15159133ED4CE059A607E57DC3BC7E8551156A26ECC0EF8A4E912AAAC2
310
81C7D96908EFC98C90DE6B078AA063B2E6F522E7CBBCE64FD562C597ABBA7E116524A5681187C41B4BE0707AA8B9C670B4410E176504A4989D4954F4C0E4595BD11A2BCA702F850F7A6D9F38DA4F919BA6C16845A151256A02CA03046A14E5172C45191DFFF0FDB8793E6B08A7CE38D0846E7FB3365497DA7092568444FCAF
310
0B07F02FF3D8BE05CBB79BFB45C349D8D5EC1E93EB43747F2721E449D97EB8C70F709276FDFC87C54246DFA3E9A3B22B792E0F2B300C3E6E44F909504B03041400060808000B81145DBE97E0927F000000A30000000B0000006662782F636E782E786D6C4D8CD10E822018465F85FDF794A40DDA0097FEF61E2ED1B1101A49
310
EBF183E64557DF76F69D23DBCFEAC8DBC4970D5E013B54408CBF87C9FA4541DA662A80B45AC610B6BF1B103FAE4641C1A0E512437AEE6832F3985CA1CEFAC70E872BF6353B0FB43F758236888C760C91D60D43216E9C5F78958D6351F2FC7A794B5E7F01504B03041400060808000B81145DA6D797065F0000008200000007
310
000000636E782E786D6C4DCB3B0E80201045D1AD90E9FD7516806B51190811670C8A61F982B1B0BAC9C97B72CA7B1037C6D3332918DA1E04D2CAC69353902EDB8C20262D23F3F59B81A079470595414B17391D1F19B4730A5583A7ED43BBE4025D9592775E5ADFFA01504B03041400060808000B81145DECFD112DA8000000
310
26010000130000005B436F6E74656E745F54797065735D2E786D6C7D4F4B0EC22010BD0A61DF525D18634ABB506FE00510A79458060253536F2FD89D5197F3FED3F68B9BD80362B21E25DFD40D6780DADF2C1AC9671AAA3D677DD75E9E0112CB5A4C928F44E12044D22338956A1F003333F8E814E5331A1194BE2B0362DB34
310
3BA13D122055543278D79E6050F344ECBC6478EDCD76CE8EABAE5449AE4298AC56946789C28AAFBEABC53F3EAF09A84A1441B91F0101CD4780756578C173A578FFDDBD00504B03041400060808000B81145D3DEE336E64000000790000001B0000006175746F6465736B2D64657369676E2D7061636B6167652E786D6C35CB
310
C10E83200C00D05F21DCA56CA76D41FC96062B120735B69A7DBE268BB7777961F8D5AF396893C2ADB70FE7ADA196782C2DF776D7A97B5933C430F15651E5469C55D70F80A4992A3ADC954792C525AE70A1E4D6AD9816CC044FEFDF01FE3FDE907802504B03041400060808000B81145D31283CEAF20000008E0100003D0000
310
006662782F45414443333135452D433242382D344444312D423144442D3334314438384637373937302F7265736F75726365732F322F636F72652E786D6C8550CB6EC32010FC156BEFD8805D3B8E305154A55FD0536F0888831283C5A3EAE71762576A4F3DED6A76667677D8E96B79549FDA07E3EC04A4C650692B9D32769E
310
20C52B3A4075E2CC3B177FD1A0B262D1131418389BBD4BEB0E4967A3B605B54EE91D1421E808957CE46682206F7A11B5483133C2BD5E85BC8B59D7A4DE789CA564D42E352ABB99ABD11E38A6E7F6A51D46442E03411D6E5FD148C880C8D8BD75977E3C0F98B0A688398B66F9D92EBD16512BE014D31EE103A2F89DF4477C38
310
52FAC19AC2E42C449F7FDE9796EF329D351BFAC72DADEA7FB7646C6CE9EEB62902F072DC73C05953D2C9E5195DAE2549FE0D504B03041400060808000B81145D0DC14DA2F7000000960100003B0000006662782F45414443333135452D433242382D344444312D423144442D3334314438384637373937302F7265736F7572
310
6365732F636F72652E786D6C8550CB6E833010FC15B477836D2884C8388AAAF40B7AEACD321B6225D8C88FAA9F5F1CA8D49E7ADAD5ECCCECEE88D3D7FC283ED107E3EC00ACA450A0D56E34761A20C52B39407192C23B177FD1A0B06AC601320C524CDEA56587B4B3116D46AD1B7107550818A1D08FB51920E81BCEAA5429AE
310
8C702F17A5EF6AC292951B4F8A94CCB84BCDB8BA99AB410F92F273FD52773D61978E9186D6AFA467AC23AC6FDE9A4BDB9F3BCA4495C5524433FF6CD71E55C41124A7BC25F440387D67ED911E8E9C7F882A33A508D1AF3FEF4BF377203D0697BCC620AA6DFAC7352DE3FFAEC9D858F3DD75530490F9C8E7408A2AA7B4966784
310
6BCD89CA6F504B03041400060808000B81145DDB3D01EAF2000000B1010000310000006662782F45414443333135452D433242382D344444312D423144442D3334314438384637373937302F636F72652E786D6C8D504B6EC32014BC8AC51E1B709AD0081335213D4157DD21200E4A0C169FAAC72FC4AED4EEB27A68DE0C33
310
6FD8E17BBA375F2644EBDD00708B40639CF2DABA7100395D2005CD81B3E07DFA43038D9393194085016763F0795E21E55D32AEA2CE6BB38232469340A3EEE53180A8AE6692ADCCA930E2AD9DA5BAC9D1B4B85D789C253BFD4A553032190D3841640B1185047DE0ED1ED13D219FACAB4CCE72B67AB5B2BAB8DB8B3501F0F39B
310
38F5F8E50C4FE448E146080C8F5808D86FB0A0F47DB77BDD21D6553167318572F3FA49BDEE59F922FC9739CFFA89CCD6A59EAC868B22028E4B9EC782B3AE1658C6A3DD326BD9FC07504B03041400060808000B81145D6115416552010000DD0200000C0000006662782F636F72652E786D6C8D52DB8E832014FC15C33B0AE8
310
D6DA204DB3E97EC13EED1B55EA922A1804D3CF5FF012D787BDC404C99C7366CE4CA0E767D746A33083D4AA0438462012AAD2B5544D099CBDC32388CE8C1AADEDB7361029DE8912041830DA18EDFA05AAB4B2420554E95A2C201F06614154B5FE5282A1FA141D8FB9B3BE6378C43DAF1EBC11318EE73E469D93F5322A6BCF26
310
EF5218C010B9A42F695E407CCD31CC50FA0A0B8C73888BEC2DBB1E8A4B8E304DC230A35676AB7A6504B7A2068C207280E808097AC787133A9E08F9A049E86474B0C67B5E44833BC0EEB7274D667CC7E7FAFA6F3E27954DC9C2374F0C8085F5A602A349C8C7FFA6F0F6197A619F9FE5B776B5F0F0D0282AAB4DE62BB5765B69
310
E4AD139E1A45D34793B9EA9927829F78C82F3CBF73F8A0B86AFC6ADCFAEBCDD9A0BEDFA917068EF619296D3ADE6ECBCD2B6EE726B4B3B48E57BAD5E63FD3ABD535CC243C4CF605504B03041400060808000B81145DC2BC1E7A05010000B201000008000000636F72652E786D6C8D504B6EC32014BC0A628F0DD8B5E3081345
310
557A82AEBAA386B82836587CA2F6F685984AEDAEAB8766E6BD19869D3ED705DC95F3DA9A11920A43A0CC64A536F30863B8A2030427CE9CB5E1970C02235635C20C43CE6667E356A0C99AA04C468D95AA80C27B15209896F418A19F3ED42A2A114352F85BB589E9266655916AD77116F4FAB33A3925829290534C3B840F88E2
310
57D21DF1E148E91BABB392B318B52C565A26777DD5CA418EE9B9796AFA01914B4F508B9B673410D22332B42FEDA51BCE3D26ACCECB9CF9E0D29FCB919433002FEED997D53BC5D9BBB54B11A4501258B37C25135667E24FE8B8C97F84D62634B41CDC373CE439D08348C6B9C1341EF5A699DBE6DF504B010214001400060808
310
000B81145D0000000000000000000000003700000000000000000000000000000000006662782F45414443333135452D433242382D344444312D423144442D3334314438384637373937302F617474726962757465732E62696E504B010214001400060808000B81145D000000000000000000000000350000000000000000
310
0000000000550000006662782F45414443333135452D433242382D344444312D423144442D3334314438384637373937302F76657274696365732E62696E504B010214001400060808000B81145DF270F13306000000040000003600000000000000000000000000A80000006662782F45414443333135452D433242382D34
310
4444312D423144442D3334314438384637373937302F747269616E676C65732E62696E504B010214001400060808000B81145DB5A795FFE3790000DE7900004200000000000000000000000000020100006662782F45414443333135452D433242382D344444312D423144442D3334314438384637373937302F7265736F75
310
726365732F322F305F67656E657269632E706E67504B010214001400060808000B81145D51464CB489000000430100003600000000000000000000000000457B00006662782F45414443333135452D433242382D344444312D423144442D3334314438384637373937302F6469726563746F72792E786D6C504B0102140014
310
00060808000B81145D826430DE380700004B1C00003400000000000000000000000000227C00006662782F45414443333135452D433242382D344444312D423144442D3334314438384637373937302F6F626A656374732E786D6C504B010214001400060808000B81145DEC81345AE0000000550100003C00000000000000
310
000000000000AC8300006662782F45414443333135452D433242382D344444312D423144442D3334314438384637373937302F7265736F75726365732F322F636E782E786D6C504B010214001400060808000B81145DFF15A4A45D000000800000003A00000000000000000000000000E68400006662782F45414443333135
310
452D433242382D344444312D423144442D3334314438384637373937302F7265736F75726365732F636E782E786D6C504B010214001400060808000B81145D1E10C6EB420100005605000030000000000000000000000000009B8500006662782F45414443333135452D433242382D344444312D423144442D333431443838
310
4637373937302F636E782E786D6C504B010214001400060808000B81145DBE97E0927F000000A30000000B000000000000000000000000002B8700006662782F636E782E786D6C504B010214001400060808000B81145DA6D797065F000000820000000700000000000000000000000000D3870000636E782E786D6C504B01
310
0214001400060808000B81145DECFD112DA8000000260100001300000000000000000000000000578800005B436F6E74656E745F54797065735D2E786D6C504B010214001400060808000B81145D3DEE336E64000000790000001B00000000000000000000000000308900006175746F6465736B2D64657369676E2D706163
310
6B6167652E786D6C504B010214001400060808000B81145D31283CEAF20000008E0100003D00000000000000000000000000CD8900006662782F45414443333135452D433242382D344444312D423144442D3334314438384637373937302F7265736F75726365732F322F636F72652E786D6C504B01021400140006080800
310
0B81145D0DC14DA2F7000000960100003B000000000000000000000000001A8B00006662782F45414443333135452D433242382D344444312D423144442D3334314438384637373937302F7265736F75726365732F636F72652E786D6C504B010214001400060808000B81145DDB3D01EAF2000000B1010000310000000000
310
00000000000000006A8C00006662782F45414443333135452D433242382D344444312D423144442D3334314438384637373937302F636F72652E786D6C504B010214001400060808000B81145D6115416552010000DD0200000C00000000000000000000000000AB8D00006662782F636F72652E786D6C504B010214001400
310
060808000B81145DC2BC1E7A05010000B20100000800000000000000000000000000278F0000636F72652E786D6C504B050600000000120012002D060000529000000000
  0
XRECORD
  5
5F6
102
{ACAD_REACTORS
330
5F1
102
}
330
5F1
100
AcDbXrecord
280
     1
270
     1
271
     1
  0
XRECORD
  5
5F5
102
{ACAD_REACTORS
330
5F1
102
}
330
5F1
100
AcDbXrecord
280
     1
270
     1
271
     1
  0
XRECORD
  5
5F7
102
{ACAD_REACTORS
330
5F1
102
}
330
5F1
100
AcDbXrecord
280
     1
270
     1
271
     1
  0
XRECORD
  5
5F4
102
{ACAD_REACTORS
330
5F1
102
}
330
5F1
100
AcDbXrecord
280
     1
270
     1
271
     1
  0
XRECORD
  5
6F1
102
{ACAD_REACTORS
330
6F0
102
}
330
6F0
100
AcDbXrecord
280
     1
102
DISPLAYNAME
  1
Metric50
102
FLAGS
 90
        0
  0
CELLSTYLEMAP
  5
6B4
102
{ACAD_REACTORS
330
6B3
102
}
330
6B3
100
AcDbCellStyleMap
 90
        3
300
CELLSTYLE
  1
TABLEFORMAT_BEGIN
 90
        5
170
     1
 91
        0
 92
    32768
 62
   257
 93
        1
300
CONTENTFORMAT
  1
CONTENTFORMAT_BEGIN
 90
        0
 91
        0
 92
      512
 93
        0
300

 40
0.0
140
1.0
 94
        5
 62
     0
340
11
144
6.0
309
CONTENTFORMAT_END
171
     1
301
MARGIN
  1
CELLMARGIN_BEGIN
 40
1.5
 40
1.5
 40
1.5
 40
1.5
 40
4.5
 40
4.5
309
CELLMARGIN_END
 94
        6
 95
        1
302
GRIDFORMAT
  1
GRIDFORMAT_BEGIN
 90
        0
 91
        1
 62
     0
 92
       -2
340
0
 93
        0
 40
1.125
309
GRIDFORMAT_END
 95
        2
302
GRIDFORMAT
  1
GRIDFORMAT_BEGIN
 90
        0
 91
        1
 62
     0
 92
       -2
340
0
 93
        0
 40
1.125
309
GRIDFORMAT_END
 95
        4
302
GRIDFORMAT
  1
GRIDFORMAT_BEGIN
 90
        0
 91
        1
 62
     0
 92
       -2
340
0
 93
        0
 40
1.125
309
GRIDFORMAT_END
 95
        8
302
GRIDFORMAT
  1
GRIDFORMAT_BEGIN
 90
        0
 91
        1
 62
     0
 92
       -2
340
0
 93
        0
 40
1.125
309
GRIDFORMAT_END
 95
       16
302
GRIDFORMAT
  1
GRIDFORMAT_BEGIN
 90
        0
 91
        1
 62
     0
 92
       -2
340
0
 93
        0
 40
1.125
309
GRIDFORMAT_END
 95
       32
302
GRIDFORMAT
  1
GRIDFORMAT_BEGIN
 90
        0
 91
        1
 62
     0
 92
       -2
340
0
 93
        0
 40
1.125
309
GRIDFORMAT_END
309
TABLEFORMAT_END
  1
CELLSTYLE_BEGIN
 90
        1
 91
        1
300
_TITLE
309
CELLSTYLE_END
300
CELLSTYLE
  1
TABLEFORMAT_BEGIN
 90
        5
170
     1
 91
        0
 92
        0
 62
   257
 93
        1
300
CONTENTFORMAT
  1
CONTENTFORMAT_BEGIN
 90
        0
 91
        0
 92
      512
 93
        0
300

 40
0.0
140
1.0
 94
        5
 62
     0
340
11
144
4.5
309
CONTENTFORMAT_END
171
     1
301
MARGIN
  1
CELLMARGIN_BEGIN
 40
1.5
 40
1.5
 40
1.5
 40
1.5
 40
4.5
 40
4.5
309
CELLMARGIN_END
 94
        6
 95
        1
302
GRIDFORMAT
  1
GRIDFORMAT_BEGIN
 90
        0
 91
        1
 62
     0
 92
       -2
340
0
 93
        0
 40
1.125
309
GRIDFORMAT_END
 95
        2
302
GRIDFORMAT
  1
GRIDFORMAT_BEGIN
 90
        0
 91
        1
 62
     0
 92
       -2
340
0
 93
        0
 40
1.125
309
GRIDFORMAT_END
 95
        4
302
GRIDFORMAT
  1
GRIDFORMAT_BEGIN
 90
        0
 91
        1
 62
     0
 92
       -2
340
0
 93
        0
 40
1.125
309
GRIDFORMAT_END
 95
        8
302
GRIDFORMAT
  1
GRIDFORMAT_BEGIN
 90
        0
 91
        1
 62
     0
 92
       -2
340
0
 93
        0
 40
1.125
309
GRIDFORMAT_END
 95
       16
302
GRIDFORMAT
  1
GRIDFORMAT_BEGIN
 90
        0
 91
        1
 62
     0
 92
       -2
340
0
 93
        0
 40
1.125
309
GRIDFORMAT_END
 95
       32
302
GRIDFORMAT
  1
GRIDFORMAT_BEGIN
 90
        0
 91
        1
 62
     0
 92
       -2
340
0
 93
        0
 40
1.125
309
GRIDFORMAT_END
309
TABLEFORMAT_END
  1
CELLSTYLE_BEGIN
 90
        2
 91
        1
300
_HEADER
309
CELLSTYLE_END
300
CELLSTYLE
  1
TABLEFORMAT_BEGIN
 90
        5
170
     1
 91
        0
 92
        0
 62
   257
 93
        1
300
CONTENTFORMAT
  1
CONTENTFORMAT_BEGIN
 90
        0
 91
        0
 92
      512
 93
        0
300

 40
0.0
140
1.0
 94
        2
 62
     0
340
11
144
4.5
309
CONTENTFORMAT_END
171
     1
301
MARGIN
  1
CELLMARGIN_BEGIN
 40
1.5
 40
1.5
 40
1.5
 40
1.5
 40
4.5
 40
4.5
309
CELLMARGIN_END
 94
        6
 95
        1
302
GRIDFORMAT
  1
GRIDFORMAT_BEGIN
 90
        0
 91
        1
 62
     0
 92
       -2
340
0
 93
        0
 40
1.125
309
GRIDFORMAT_END
 95
        2
302
GRIDFORMAT
  1
GRIDFORMAT_BEGIN
 90
        0
 91
        1
 62
     0
 92
       -2
340
0
 93
        0
 40
1.125
309
GRIDFORMAT_END
 95
        4
302
GRIDFORMAT
  1
GRIDFORMAT_BEGIN
 90
        0
 91
        1
 62
     0
 92
       -2
340
0
 93
        0
 40
1.125
309
GRIDFORMAT_END
 95
        8
302
GRIDFORMAT
  1
GRIDFORMAT_BEGIN
 90
        0
 91
        1
 62
     0
 92
       -2
340
0
 93
        0
 40
1.125
309
GRIDFORMAT_END
 95
       16
302
GRIDFORMAT
  1
GRIDFORMAT_BEGIN
 90
        0
 91
        1
 62
     0
 92
       -2
340
0
 93
        0
 40
1.125
309
GRIDFORMAT_END
 95
       32
302
GRIDFORMAT
  1
GRIDFORMAT_BEGIN
 90
        0
 91
        1
 62
     0
 92
       -2
340
0
 93
        0
 40
1.125
309
GRIDFORMAT_END
309
TABLEFORMAT_END
  1
CELLSTYLE_BEGIN
 90
        3
 91
        2
300
_DATA
309
CELLSTYLE_END
  0
XRECORD
  5
6EE
102
{ACAD_REACTORS
330
6B3
102
}
330
6B3
100
AcDbXrecord
280
     1
102
ACAD_ROUNDTRIP_PRE2007_TABLESTYLE
 90
      512
 91
        0
  1

 92
      512
 93
        0
  2

 94
      512
 95
        0
  3

  0
XRECORD
  5
6C9
102
{ACAD_REACTORS
330
6C8
102
}
330
6C8
100
AcDbXrecord
280
     1
102
RTVSPost2010Prop28
280
     1
102
RTVSPost2010PropOp28
 70
     1
102
RTVSPost2010Prop29
280
     1
102
RTVSPost2010PropOp29
 70
     1
102
RTVSPost2010Prop30
280
     0
102
RTVSPost2010PropOp30
 70
     1
102
RTVSPost2010Prop31
280
     0
102
RTVSPost2010PropOp31
 70
     1
102
RTVSPost2010Prop32
280
     0
102
RTVSPost2010PropOp32
 70
     1
102
RTVSPost2010Prop33
280
     0
102
RTVSPost2010PropOp33
 70
     1
102
RTVSPost2010Prop34
280
     0
102
RTVSPost2010PropOp34
 70
     1
102
RTVSPost2010Prop35
280
     0
102
RTVSPost2010PropOp35
 70
     1
102
RTVSPost2010Prop36
280
     0
102
RTVSPost2010PropOp36
 70
     1
102
RTVSPost2010Prop37
 90
       50
102
RTVSPost2010PropOp37
 70
     1
102
RTVSPost2010Prop38
140
0.0
102
RTVSPost2010PropOp38
 70
     1
102
RTVSPost2010Prop39
140
1.0
102
RTVSPost2010PropOp39
 70
     1
102
RTVSPost2010Prop40
 90
        0
102
RTVSPost2010PropOp40
 70
     1
102
RTVSPost2010Prop41ColorIndex
 90
       18
102
RTVSPost2010Prop41ColorRGB
 90
        0
102
RTVSPost2010PropOp41
 70
     1
102
RTVSPost2010Prop42
 90
       50
102
RTVSPost2010PropOp42
 70
     1
102
RTVSPost2010Prop43
 90
        3
102
RTVSPost2010PropOp43
 70
     1
102
RTVSPost2010Prop44ColorIndex
 90
        5
102
RTVSPost2010Prop44ColorRGB
 90
      255
102
RTVSPost2010PropOp44
 70
     1
102
RTVSPost2010Prop45
280
     0
102
RTVSPost2010PropOp45
 70
     1
102
RTVSPost2010Prop46
 90
       50
102
RTVSPost2010PropOp46
 70
     1
102
RTVSPost2010Prop47
 90
       50
102
RTVSPost2010PropOp47
 70
     1
102
RTVSPost2010Prop48
 90
       50
102
RTVSPost2010PropOp48
 70
     1
102
RTVSPost2010Prop49
280
     0
102
RTVSPost2010PropOp49
 70
     1
102
RTVSPost2010Prop50
 90
       50
102
RTVSPost2010PropOp50
 70
     1
102
RTVSPost2010Prop51ColorIndex
 90
      256
102
RTVSPost2010Prop51ColorRGB
 90
-16777216
102
RTVSPost2010PropOp51
 70
     0
102
RTVSPost2010Prop52
140
1.0
102
RTVSPost2010PropOp52
 70
     0
102
RTVSPost2010Prop53
 90
        2
102
RTVSPost2010PropOp53
 70
     1
102
RTVSPost2010Prop54
  1
strokes_ogs.tif
102
RTVSPost2010PropOp54
 70
     1
102
RTVSPost2010Prop55
280
     0
102
RTVSPost2010PropOp55
 70
     1
102
RTVSPost2010Prop56
140
1.0
102
RTVSPost2010PropOp56
 70
     1
102
RTVSPost2010Prop57
140
1.0
102
RTVSPost2010PropOp57
 70
     1
102
RTVSPropertyOp0
 70
     1
102
RTVSPropertyOp1
 70
     1
102
RTVSPropertyOp2
 70
     1
102
RTVSPropertyOp3
 70
     1
102
RTVSPropertyOp4
 70
     1
102
RTVSPropertyOp5
 70
     1
102
RTVSPropertyOp6
 70
     1
102
RTVSPropertyOp7
 70
     1
102
RTVSPropertyOp8
 70
     1
102
RTVSPropertyOp9
 70
     1
102
RTVSPropertyOp10
 70
     1
102
RTVSPropertyOp11
 70
     1
102
RTVSPropertyOp12
 70
     1
102
RTVSPropertyOp13
 70
     1
102
RTVSPropertyOp14
 70
     1
102
RTVSPropertyOp15
 70
     1
102
RTVSPropertyOp16
 70
     1
102
RTVSPropertyOp17
 70
     1
102
RTVSPropertyOp18
 70
     1
102
RTVSPropertyOp19
 70
     1
102
RTVSPropertyOp20
 70
     1
102
RTVSPropertyOp21
 70
     1
102
RTVSPropertyOp22
 70
     1
102
RTVSPropertyOp23
 70
     1
102
RTVSPropertyOp24
 70
     1
102
RTVSPropertyOp25
 70
     1
102
RTVSPropertyOp26
 70
     1
102
RTVSPropertyOp27
 70
     1
102
RTVSPropertyOp28
 70
     1
102
RTVSPropertyOp29
 70
     1
102
RTVSPropertyOp30
 70
     1
102
RTVSPropertyOp31
 70
     1
102
RTVSPropertyOp32
 70
     1
102
RTVSPropertyOp33
 70
     1
102
RTVSPropertyOp34
 70
     1
102
RTVSPropertyOp35
 70
     1
102
RTVSPropertyOp36
 70
     1
102
RTVSPropertyOp37
 70
     1
102
RTVSPropertyOp38
 70
     1
102
RTVSPropertyOp39
 70
     1
102
RTVSPropertyOp40
 70
     1
102
RTVSPropertyOp41
 70
     1
102
RTVSPropertyOp42
 70
     1
102
RTVSPropertyOp43
 70
     1
102
RTVSPropertyOp44
 70
     1
102
RTVSPropertyOp45
 70
     1
102
RTVSPropertyOp46
 70
     1
102
RTVSPropertyOp47
 70
     1
102
RTVSPropertyOp48
 70
     1
102
RTVSPropertyOp49
 70
     1
102
RTVSPropertyOp50
 70
     1
102
RTVSPropertyOp51
 70
     0
102
RTVSPropertyOp52
 70
     0
102
RTVSPropertyOp53
 70
     1
102
RTVSPropertyOp54
 70
     1
102
RTVSPropertyOp55
 70
     1
102
RTVSPropertyOp56
 70
     1
102
RTVSPropertyOp57
 70
     1
102
RTVSPropertyOp58
 70
     1
102
RTVSPropertyOp59
 70
     1
102
RTVSPropertyOp60
 70
     1
102
RTVSPropertyOp61
 70
     1
102
RTVSPropertyOp62
 70
     1
  0
XRECORD
  5
6C7
102
{ACAD_REACTORS
330
6C6
102
}
330
6C6
100
AcDbXrecord
280
     1
102
RTVSPost2010Prop28
280
     0
102
RTVSPost2010PropOp28
 70
     1
102
RTVSPost2010Prop29
280
     1
102
RTVSPost2010PropOp29
 70
     1
102
RTVSPost2010Prop30
280
     1
102
RTVSPost2010PropOp30
 70
     1
102
RTVSPost2010Prop31
280
     0
102
RTVSPost2010PropOp31
 70
     1
102
RTVSPost2010Prop32
280
     0
102
RTVSPost2010PropOp32
 70
     1
102
RTVSPost2010Prop33
280
     0
102
RTVSPost2010PropOp33
 70
     1
102
RTVSPost2010Prop34
280
     0
102
RTVSPost2010PropOp34
 70
     1
102
RTVSPost2010Prop35
280
     0
102
RTVSPost2010PropOp35
 70
     1
102
RTVSPost2010Prop36
280
     0
102
RTVSPost2010PropOp36
 70
     1
102
RTVSPost2010Prop37
 90
       50
102
RTVSPost2010PropOp37
 70
     1
102
RTVSPost2010Prop38
140
0.0
102
RTVSPost2010PropOp38
 70
     1
102
RTVSPost2010Prop39
140
1.0
102
RTVSPost2010PropOp39
 70
     1
102
RTVSPost2010Prop40
 90
        0
102
RTVSPost2010PropOp40
 70
     1
102
RTVSPost2010Prop41ColorIndex
 90
       18
102
RTVSPost2010Prop41ColorRGB
 90
        0
102
RTVSPost2010PropOp41
 70
     1
102
RTVSPost2010Prop42
 90
       50
102
RTVSPost2010PropOp42
 70
     1
102
RTVSPost2010Prop43
 90
        3
102
RTVSPost2010PropOp43
 70
     1
102
RTVSPost2010Prop44ColorIndex
 90
        5
102
RTVSPost2010Prop44ColorRGB
 90
      255
102
RTVSPost2010PropOp44
 70
     1
102
RTVSPost2010Prop45
280
     0
102
RTVSPost2010PropOp45
 70
     1
102
RTVSPost2010Prop46
 90
       50
102
RTVSPost2010PropOp46
 70
     1
102
RTVSPost2010Prop47
 90
       50
102
RTVSPost2010PropOp47
 70
     1
102
RTVSPost2010Prop48
 90
       50
102
RTVSPost2010PropOp48
 70
     1
102
RTVSPost2010Prop49
280
     0
102
RTVSPost2010PropOp49
 70
     1
102
RTVSPost2010Prop50
 90
       50
102
RTVSPost2010PropOp50
 70
     1
102
RTVSPost2010Prop51ColorIndex
 90
      256
102
RTVSPost2010Prop51ColorRGB
 90
-16777216
102
RTVSPost2010PropOp51
 70
     0
102
RTVSPost2010Prop52
140
1.0
102
RTVSPost2010PropOp52
 70
     0
102
RTVSPost2010Prop53
 90
        2
102
RTVSPost2010PropOp53
 70
     1
102
RTVSPost2010Prop54
  1
strokes_ogs.tif
102
RTVSPost2010PropOp54
 70
     1
102
RTVSPost2010Prop55
280
     0
102
RTVSPost2010PropOp55
 70
     1
102
RTVSPost2010Prop56
140
1.0
102
RTVSPost2010PropOp56
 70
     1
102
RTVSPost2010Prop57
140
1.0
102
RTVSPost2010PropOp57
 70
     1
102
RTVSPropertyOp0
 70
     1
102
RTVSPropertyOp1
 70
     1
102
RTVSPropertyOp2
 70
     1
102
RTVSPropertyOp3
 70
     1
102
RTVSPropertyOp4
 70
     1
102
RTVSPropertyOp5
 70
     1
102
RTVSPropertyOp6
 70
     1
102
RTVSPropertyOp7
 70
     1
102
RTVSPropertyOp8
 70
     1
102
RTVSPropertyOp9
 70
     1
102
RTVSPropertyOp10
 70
     1
102
RTVSPropertyOp11
 70
     1
102
RTVSPropertyOp12
 70
     1
102
RTVSPropertyOp13
 70
     1
102
RTVSPropertyOp14
 70
     1
102
RTVSPropertyOp15
 70
     1
102
RTVSPropertyOp16
 70
     1
102
RTVSPropertyOp17
 70
     1
102
RTVSPropertyOp18
 70
     1
102
RTVSPropertyOp19
 70
     1
102
RTVSPropertyOp20
 70
     1
102
RTVSPropertyOp21
 70
     1
102
RTVSPropertyOp22
 70
     1
102
RTVSPropertyOp23
 70
     1
102
RTVSPropertyOp24
 70
     1
102
RTVSPropertyOp25
 70
     1
102
RTVSPropertyOp26
 70
     1
102
RTVSPropertyOp27
 70
     1
102
RTVSPropertyOp28
 70
     1
102
RTVSPropertyOp29
 70
     1
102
RTVSPropertyOp30
 70
     1
102
RTVSPropertyOp31
 70
     1
102
RTVSPropertyOp32
 70
     1
102
RTVSPropertyOp33
 70
     1
102
RTVSPropertyOp34
 70
     1
102
RTVSPropertyOp35
 70
     1
102
RTVSPropertyOp36
 70
     1
102
RTVSPropertyOp37
 70
     1
102
RTVSPropertyOp38
 70
     1
102
RTVSPropertyOp39
 70
     1
102
RTVSPropertyOp40
 70
     1
102
RTVSPropertyOp41
 70
     1
102
RTVSPropertyOp42
 70
     1
102
RTVSPropertyOp43
 70
     1
102
RTVSPropertyOp44
 70
     1
102
RTVSPropertyOp45
 70
     1
102
RTVSPropertyOp46
 70
     1
102
RTVSPropertyOp47
 70
     1
102
RTVSPropertyOp48
 70
     1
102
RTVSPropertyOp49
 70
     1
102
RTVSPropertyOp50
 70
     1
102
RTVSPropertyOp51
 70
     0
102
RTVSPropertyOp52
 70
     0
102
RTVSPropertyOp53
 70
     1
102
RTVSPropertyOp54
 70
     1
102
RTVSPropertyOp55
 70
     1
102
RTVSPropertyOp56
 70
     1
102
RTVSPropertyOp57
 70
     1
102
RTVSPropertyOp58
 70
     1
102
RTVSPropertyOp59
 70
     1
102
RTVSPropertyOp60
 70
     1
102
RTVSPropertyOp61
 70
     1
102
RTVSPropertyOp62
 70
     1
  0
XRECORD
  5
6D5
102
{ACAD_REACTORS
330
6D4
102
}
330
6D4
100
AcDbXrecord
280
     1
102
RTVSPost2010Prop28
280
     0
102
RTVSPost2010PropOp28
 70
     1
102
RTVSPost2010Prop29
280
     1
102
RTVSPost2010PropOp29
 70
     1
102
RTVSPost2010Prop30
280
     1
102
RTVSPost2010PropOp30
 70
     1
102
RTVSPost2010Prop31
280
     0
102
RTVSPost2010PropOp31
 70
     1
102
RTVSPost2010Prop32
280
     0
102
RTVSPost2010PropOp32
 70
     1
102
RTVSPost2010Prop33
280
     0
102
RTVSPost2010PropOp33
 70
     1
102
RTVSPost2010Prop34
280
     0
102
RTVSPost2010PropOp34
 70
     1
102
RTVSPost2010Prop35
280
     0
102
RTVSPost2010PropOp35
 70
     1
102
RTVSPost2010Prop36
280
     0
102
RTVSPost2010PropOp36
 70
     1
102
RTVSPost2010Prop37
 90
       50
102
RTVSPost2010PropOp37
 70
     1
102
RTVSPost2010Prop38
140
0.0
102
RTVSPost2010PropOp38
 70
     1
102
RTVSPost2010Prop39
140
1.0
102
RTVSPost2010PropOp39
 70
     1
102
RTVSPost2010Prop40
 90
        0
102
RTVSPost2010PropOp40
 70
     1
102
RTVSPost2010Prop41ColorIndex
 90
       18
102
RTVSPost2010Prop41ColorRGB
 90
        0
102
RTVSPost2010PropOp41
 70
     1
102
RTVSPost2010Prop42
 90
       50
102
RTVSPost2010PropOp42
 70
     1
102
RTVSPost2010Prop43
 90
        3
102
RTVSPost2010PropOp43
 70
     1
102
RTVSPost2010Prop44ColorIndex
 90
        5
102
RTVSPost2010Prop44ColorRGB
 90
      255
102
RTVSPost2010PropOp44
 70
     1
102
RTVSPost2010Prop45
280
     0
102
RTVSPost2010PropOp45
 70
     1
102
RTVSPost2010Prop46
 90
       50
102
RTVSPost2010PropOp46
 70
     1
102
RTVSPost2010Prop47
 90
       50
102
RTVSPost2010PropOp47
 70
     1
102
RTVSPost2010Prop48
 90
       50
102
RTVSPost2010PropOp48
 70
     1
102
RTVSPost2010Prop49
280
     0
102
RTVSPost2010PropOp49
 70
     1
102
RTVSPost2010Prop50
 90
       50
102
RTVSPost2010PropOp50
 70
     1
102
RTVSPost2010Prop51ColorIndex
 90
      256
102
RTVSPost2010Prop51ColorRGB
 90
-16777216
102
RTVSPost2010PropOp51
 70
     0
102
RTVSPost2010Prop52
140
1.0
102
RTVSPost2010PropOp52
 70
     0
102
RTVSPost2010Prop53
 90
        2
102
RTVSPost2010PropOp53
 70
     1
102
RTVSPost2010Prop54
  1
strokes_ogs.tif
102
RTVSPost2010PropOp54
 70
     1
102
RTVSPost2010Prop55
280
     0
102
RTVSPost2010PropOp55
 70
     1
102
RTVSPost2010Prop56
140
1.0
102
RTVSPost2010PropOp56
 70
     1
102
RTVSPost2010Prop57
140
1.0
102
RTVSPost2010PropOp57
 70
     1
102
RTVSPropertyOp0
 70
     1
102
RTVSPropertyOp1
 70
     1
102
RTVSPropertyOp2
 70
     1
102
RTVSPropertyOp3
 70
     1
102
RTVSPropertyOp4
 70
     1
102
RTVSPropertyOp5
 70
     1
102
RTVSPropertyOp6
 70
     1
102
RTVSPropertyOp7
 70
     1
102
RTVSPropertyOp8
 70
     1
102
RTVSPropertyOp9
 70
     1
102
RTVSPropertyOp10
 70
     1
102
RTVSPropertyOp11
 70
     1
102
RTVSPropertyOp12
 70
     1
102
RTVSPropertyOp13
 70
     1
102
RTVSPropertyOp14
 70
     1
102
RTVSPropertyOp15
 70
     1
102
RTVSPropertyOp16
 70
     1
102
RTVSPropertyOp17
 70
     1
102
RTVSPropertyOp18
 70
     1
102
RTVSPropertyOp19
 70
     1
102
RTVSPropertyOp20
 70
     1
102
RTVSPropertyOp21
 70
     1
102
RTVSPropertyOp22
 70
     1
102
RTVSPropertyOp23
 70
     1
102
RTVSPropertyOp24
 70
     1
102
RTVSPropertyOp25
 70
     1
102
RTVSPropertyOp26
 70
     1
102
RTVSPropertyOp27
 70
     1
102
RTVSPropertyOp28
 70
     1
102
RTVSPropertyOp29
 70
     1
102
RTVSPropertyOp30
 70
     1
102
RTVSPropertyOp31
 70
     1
102
RTVSPropertyOp32
 70
     1
102
RTVSPropertyOp33
 70
     1
102
RTVSPropertyOp34
 70
     1
102
RTVSPropertyOp35
 70
     1
102
RTVSPropertyOp36
 70
     1
102
RTVSPropertyOp37
 70
     1
102
RTVSPropertyOp38
 70
     1
102
RTVSPropertyOp39
 70
     1
102
RTVSPropertyOp40
 70
     1
102
RTVSPropertyOp41
 70
     1
102
RTVSPropertyOp42
 70
     1
102
RTVSPropertyOp43
 70
     1
102
RTVSPropertyOp44
 70
     1
102
RTVSPropertyOp45
 70
     1
102
RTVSPropertyOp46
 70
     1
102
RTVSPropertyOp47
 70
     1
102
RTVSPropertyOp48
 70
     1
102
RTVSPropertyOp49
 70
     1
102
RTVSPropertyOp50
 70
     1
102
RTVSPropertyOp51
 70
     0
102
RTVSPropertyOp52
 70
     0
102
RTVSPropertyOp53
 70
     1
102
RTVSPropertyOp54
 70
     1
102
RTVSPropertyOp55
 70
     1
102
RTVSPropertyOp56
 70
     1
102
RTVSPropertyOp57
 70
     1
102
RTVSPropertyOp58
 70
     1
102
RTVSPropertyOp59
 70
     1
102
RTVSPropertyOp60
 70
     1
102
RTVSPropertyOp61
 70
     1
102
RTVSPropertyOp62
 70
     1
  0
XRECORD
  5
6DD
102
{ACAD_REACTORS
330
6DC
102
}
330
6DC
100
AcDbXrecord
280
     1
102
RTVSPost2010Prop28
280
     0
102
RTVSPost2010PropOp28
 70
     1
102
RTVSPost2010Prop29
280
     1
102
RTVSPost2010PropOp29
 70
     1
102
RTVSPost2010Prop30
280
     1
102
RTVSPost2010PropOp30
 70
     1
102
RTVSPost2010Prop31
280
     0
102
RTVSPost2010PropOp31
 70
     1
102
RTVSPost2010Prop32
280
     0
102
RTVSPost2010PropOp32
 70
     1
102
RTVSPost2010Prop33
280
     0
102
RTVSPost2010PropOp33
 70
     1
102
RTVSPost2010Prop34
280
     0
102
RTVSPost2010PropOp34
 70
     1
102
RTVSPost2010Prop35
280
     0
102
RTVSPost2010PropOp35
 70
     1
102
RTVSPost2010Prop36
280
     0
102
RTVSPost2010PropOp36
 70
     1
102
RTVSPost2010Prop37
 90
       50
102
RTVSPost2010PropOp37
 70
     1
102
RTVSPost2010Prop38
140
0.0
102
RTVSPost2010PropOp38
 70
     1
102
RTVSPost2010Prop39
140
1.0
102
RTVSPost2010PropOp39
 70
     1
102
RTVSPost2010Prop40
 90
        0
102
RTVSPost2010PropOp40
 70
     1
102
RTVSPost2010Prop41ColorIndex
 90
       18
102
RTVSPost2010Prop41ColorRGB
 90
        0
102
RTVSPost2010PropOp41
 70
     1
102
RTVSPost2010Prop42
 90
       50
102
RTVSPost2010PropOp42
 70
     1
102
RTVSPost2010Prop43
 90
        3
102
RTVSPost2010PropOp43
 70
     1
102
RTVSPost2010Prop44ColorIndex
 90
        5
102
RTVSPost2010Prop44ColorRGB
 90
      255
102
RTVSPost2010PropOp44
 70
     1
102
RTVSPost2010Prop45
280
     0
102
RTVSPost2010PropOp45
 70
     1
102
RTVSPost2010Prop46
 90
       50
102
RTVSPost2010PropOp46
 70
     1
102
RTVSPost2010Prop47
 90
       50
102
RTVSPost2010PropOp47
 70
     1
102
RTVSPost2010Prop48
 90
       50
102
RTVSPost2010PropOp48
 70
     1
102
RTVSPost2010Prop49
280
     0
102
RTVSPost2010PropOp49
 70
     1
102
RTVSPost2010Prop50
 90
       50
102
RTVSPost2010PropOp50
 70
     1
102
RTVSPost2010Prop51ColorIndex
 90
      256
102
RTVSPost2010Prop51ColorRGB
 90
-16777216
102
RTVSPost2010PropOp51
 70
     0
102
RTVSPost2010Prop52
140
1.0
102
RTVSPost2010PropOp52
 70
     0
102
RTVSPost2010Prop53
 90
        2
102
RTVSPost2010PropOp53
 70
     1
102
RTVSPost2010Prop54
  1
strokes_ogs.tif
102
RTVSPost2010PropOp54
 70
     1
102
RTVSPost2010Prop55
280
     0
102
RTVSPost2010PropOp55
 70
     1
102
RTVSPost2010Prop56
140
1.0
102
RTVSPost2010PropOp56
 70
     1
102
RTVSPost2010Prop57
140
1.0
102
RTVSPost2010PropOp57
 70
     1
102
RTVSPropertyOp0
 70
     1
102
RTVSPropertyOp1
 70
     1
102
RTVSPropertyOp2
 70
     1
102
RTVSPropertyOp3
 70
     1
102
RTVSPropertyOp4
 70
     1
102
RTVSPropertyOp5
 70
     1
102
RTVSPropertyOp6
 70
     1
102
RTVSPropertyOp7
 70
     1
102
RTVSPropertyOp8
 70
     1
102
RTVSPropertyOp9
 70
     1
102
RTVSPropertyOp10
 70
     1
102
RTVSPropertyOp11
 70
     1
102
RTVSPropertyOp12
 70
     1
102
RTVSPropertyOp13
 70
     1
102
RTVSPropertyOp14
 70
     1
102
RTVSPropertyOp15
 70
     1
102
RTVSPropertyOp16
 70
     1
102
RTVSPropertyOp17
 70
     1
102
RTVSPropertyOp18
 70
     1
102
RTVSPropertyOp19
 70
     1
102
RTVSPropertyOp20
 70
     1
102
RTVSPropertyOp21
 70
     1
102
RTVSPropertyOp22
 70
     1
102
RTVSPropertyOp23
 70
     1
102
RTVSPropertyOp24
 70
     1
102
RTVSPropertyOp25
 70
     1
102
RTVSPropertyOp26
 70
     1
102
RTVSPropertyOp27
 70
     1
102
RTVSPropertyOp28
 70
     1
102
RTVSPropertyOp29
 70
     1
102
RTVSPropertyOp30
 70
     1
102
RTVSPropertyOp31
 70
     1
102
RTVSPropertyOp32
 70
     1
102
RTVSPropertyOp33
 70
     1
102
RTVSPropertyOp34
 70
     1
102
RTVSPropertyOp35
 70
     1
102
RTVSPropertyOp36
 70
     1
102
RTVSPropertyOp37
 70
     1
102
RTVSPropertyOp38
 70
     1
102
RTVSPropertyOp39
 70
     1
102
RTVSPropertyOp40
 70
     1
102
RTVSPropertyOp41
 70
     1
102
RTVSPropertyOp42
 70
     1
102
RTVSPropertyOp43
 70
     1
102
RTVSPropertyOp44
 70
     1
102
RTVSPropertyOp45
 70
     1
102
RTVSPropertyOp46
 70
     1
102
RTVSPropertyOp47
 70
     1
102
RTVSPropertyOp48
 70
     1
102
RTVSPropertyOp49
 70
     1
102
RTVSPropertyOp50
 70
     1
102
RTVSPropertyOp51
 70
     0
102
RTVSPropertyOp52
 70
     0
102
RTVSPropertyOp53
 70
     1
102
RTVSPropertyOp54
 70
     1
102
RTVSPropertyOp55
 70
     1
102
RTVSPropertyOp56
 70
     1
102
RTVSPropertyOp57
 70
     1
102
RTVSPropertyOp58
 70
     1
102
RTVSPropertyOp59
 70
     1
102
RTVSPropertyOp60
 70
     1
102
RTVSPropertyOp61
 70
     1
102
RTVSPropertyOp62
 70
     1
  0
XRECORD
  5
6CF
102
{ACAD_REACTORS
330
6CE
102
}
330
6CE
100
AcDbXrecord
280
     1
102
RTVSPost2010Prop28
280
     0
102
RTVSPost2010PropOp28
 70
     1
102
RTVSPost2010Prop29
280
     1
102
RTVSPost2010PropOp29
 70
     1
102
RTVSPost2010Prop30
280
     1
102
RTVSPost2010PropOp30
 70
     1
102
RTVSPost2010Prop31
280
     0
102
RTVSPost2010PropOp31
 70
     1
102
RTVSPost2010Prop32
280
     0
102
RTVSPost2010PropOp32
 70
     1
102
RTVSPost2010Prop33
280
     0
102
RTVSPost2010PropOp33
 70
     1
102
RTVSPost2010Prop34
280
     0
102
RTVSPost2010PropOp34
 70
     1
102
RTVSPost2010Prop35
280
     0
102
RTVSPost2010PropOp35
 70
     1
102
RTVSPost2010Prop36
280
     0
102
RTVSPost2010PropOp36
 70
     1
102
RTVSPost2010Prop37
 90
       50
102
RTVSPost2010PropOp37
 70
     1
102
RTVSPost2010Prop38
140
0.0
102
RTVSPost2010PropOp38
 70
     1
102
RTVSPost2010Prop39
140
1.0
102
RTVSPost2010PropOp39
 70
     1
102
RTVSPost2010Prop40
 90
        0
102
RTVSPost2010PropOp40
 70
     1
102
RTVSPost2010Prop41ColorIndex
 90
       18
102
RTVSPost2010Prop41ColorRGB
 90
        0
102
RTVSPost2010PropOp41
 70
     1
102
RTVSPost2010Prop42
 90
       50
102
RTVSPost2010PropOp42
 70
     1
102
RTVSPost2010Prop43
 90
        3
102
RTVSPost2010PropOp43
 70
     1
102
RTVSPost2010Prop44ColorIndex
 90
        5
102
RTVSPost2010Prop44ColorRGB
 90
      255
102
RTVSPost2010PropOp44
 70
     1
102
RTVSPost2010Prop45
280
     0
102
RTVSPost2010PropOp45
 70
     1
102
RTVSPost2010Prop46
 90
       50
102
RTVSPost2010PropOp46
 70
     1
102
RTVSPost2010Prop47
 90
       50
102
RTVSPost2010PropOp47
 70
     1
102
RTVSPost2010Prop48
 90
       50
102
RTVSPost2010PropOp48
 70
     1
102
RTVSPost2010Prop49
280
     0
102
RTVSPost2010PropOp49
 70
     1
102
RTVSPost2010Prop50
 90
       50
102
RTVSPost2010PropOp50
 70
     1
102
RTVSPost2010Prop51ColorIndex
 90
      256
102
RTVSPost2010Prop51ColorRGB
 90
-16777216
102
RTVSPost2010PropOp51
 70
     0
102
RTVSPost2010Prop52
140
1.0
102
RTVSPost2010PropOp52
 70
     0
102
RTVSPost2010Prop53
 90
        2
102
RTVSPost2010PropOp53
 70
     1
102
RTVSPost2010Prop54
  1
strokes_ogs.tif
102
RTVSPost2010PropOp54
 70
     1
102
RTVSPost2010Prop55
280
     0
102
RTVSPost2010PropOp55
 70
     1
102
RTVSPost2010Prop56
140
1.0
102
RTVSPost2010PropOp56
 70
     1
102
RTVSPost2010Prop57
140
1.0
102
RTVSPost2010PropOp57
 70
     1
102
RTVSPropertyOp0
 70
     1
102
RTVSPropertyOp1
 70
     1
102
RTVSPropertyOp2
 70
     1
102
RTVSPropertyOp3
 70
     1
102
RTVSPropertyOp4
 70
     1
102
RTVSPropertyOp5
 70
     1
102
RTVSPropertyOp6
 70
     1
102
RTVSPropertyOp7
 70
     1
102
RTVSPropertyOp8
 70
     1
102
RTVSPropertyOp9
 70
     1
102
RTVSPropertyOp10
 70
     1
102
RTVSPropertyOp11
 70
     1
102
RTVSPropertyOp12
 70
     1
102
RTVSPropertyOp13
 70
     1
102
RTVSPropertyOp14
 70
     1
102
RTVSPropertyOp15
 70
     1
102
RTVSPropertyOp16
 70
     1
102
RTVSPropertyOp17
 70
     1
102
RTVSPropertyOp18
 70
     1
102
RTVSPropertyOp19
 70
     1
102
RTVSPropertyOp20
 70
     1
102
RTVSPropertyOp21
 70
     1
102
RTVSPropertyOp22
 70
     1
102
RTVSPropertyOp23
 70
     1
102
RTVSPropertyOp24
 70
     1
102
RTVSPropertyOp25
 70
     1
102
RTVSPropertyOp26
 70
     1
102
RTVSPropertyOp27
 70
     1
102
RTVSPropertyOp28
 70
     1
102
RTVSPropertyOp29
 70
     1
102
RTVSPropertyOp30
 70
     1
102
RTVSPropertyOp31
 70
     1
102
RTVSPropertyOp32
 70
     1
102
RTVSPropertyOp33
 70
     1
102
RTVSPropertyOp34
 70
     1
102
RTVSPropertyOp35
 70
     1
102
RTVSPropertyOp36
 70
     1
102
RTVSPropertyOp37
 70
     1
102
RTVSPropertyOp38
 70
     1
102
RTVSPropertyOp39
 70
     1
102
RTVSPropertyOp40
 70
     1
102
RTVSPropertyOp41
 70
     1
102
RTVSPropertyOp42
 70
     1
102
RTVSPropertyOp43
 70
     1
102
RTVSPropertyOp44
 70
     1
102
RTVSPropertyOp45
 70
     1
102
RTVSPropertyOp46
 70
     1
102
RTVSPropertyOp47
 70
     1
102
RTVSPropertyOp48
 70
     1
102
RTVSPropertyOp49
 70
     1
102
RTVSPropertyOp50
 70
     1
102
RTVSPropertyOp51
 70
     0
102
RTVSPropertyOp52
 70
     0
102
RTVSPropertyOp53
 70
     1
102
RTVSPropertyOp54
 70
     1
102
RTVSPropertyOp55
 70
     1
102
RTVSPropertyOp56
 70
     1
102
RTVSPropertyOp57
 70
     1
102
RTVSPropertyOp58
 70
     1
102
RTVSPropertyOp59
 70
     1
102
RTVSPropertyOp60
 70
     1
102
RTVSPropertyOp61
 70
     1
102
RTVSPropertyOp62
 70
     1
  0
XRECORD
  5
6D3
102
{ACAD_REACTORS
330
6D2
102
}
330
6D2
100
AcDbXrecord
280
     1
102
RTVSPost2010Prop28
280
     0
102
RTVSPost2010PropOp28
 70
     1
102
RTVSPost2010Prop29
280
     1
102
RTVSPost2010PropOp29
 70
     1
102
RTVSPost2010Prop30
280
     1
102
RTVSPost2010PropOp30
 70
     1
102
RTVSPost2010Prop31
280
     0
102
RTVSPost2010PropOp31
 70
     1
102
RTVSPost2010Prop32
280
     0
102
RTVSPost2010PropOp32
 70
     1
102
RTVSPost2010Prop33
280
     0
102
RTVSPost2010PropOp33
 70
     1
102
RTVSPost2010Prop34
280
     0
102
RTVSPost2010PropOp34
 70
     1
102
RTVSPost2010Prop35
280
     0
102
RTVSPost2010PropOp35
 70
     1
102
RTVSPost2010Prop36
280
     0
102
RTVSPost2010PropOp36
 70
     1
102
RTVSPost2010Prop37
 90
       50
102
RTVSPost2010PropOp37
 70
     1
102
RTVSPost2010Prop38
140
0.0
102
RTVSPost2010PropOp38
 70
     1
102
RTVSPost2010Prop39
140
1.0
102
RTVSPost2010PropOp39
 70
     1
102
RTVSPost2010Prop40
 90
        0
102
RTVSPost2010PropOp40
 70
     1
102
RTVSPost2010Prop41ColorIndex
 90
       18
102
RTVSPost2010Prop41ColorRGB
 90
        0
102
RTVSPost2010PropOp41
 70
     1
102
RTVSPost2010Prop42
 90
       50
102
RTVSPost2010PropOp42
 70
     1
102
RTVSPost2010Prop43
 90
        3
102
RTVSPost2010PropOp43
 70
     1
102
RTVSPost2010Prop44ColorIndex
 90
        5
102
RTVSPost2010Prop44ColorRGB
 90
      255
102
RTVSPost2010PropOp44
 70
     1
102
RTVSPost2010Prop45
280
     0
102
RTVSPost2010PropOp45
 70
     1
102
RTVSPost2010Prop46
 90
       50
102
RTVSPost2010PropOp46
 70
     1
102
RTVSPost2010Prop47
 90
       50
102
RTVSPost2010PropOp47
 70
     1
102
RTVSPost2010Prop48
 90
       50
102
RTVSPost2010PropOp48
 70
     1
102
RTVSPost2010Prop49
280
     0
102
RTVSPost2010PropOp49
 70
     1
102
RTVSPost2010Prop50
 90
       50
102
RTVSPost2010PropOp50
 70
     1
102
RTVSPost2010Prop51ColorIndex
 90
      256
102
RTVSPost2010Prop51ColorRGB
 90
-16777216
102
RTVSPost2010PropOp51
 70
     0
102
RTVSPost2010Prop52
140
1.0
102
RTVSPost2010PropOp52
 70
     0
102
RTVSPost2010Prop53
 90
        2
102
RTVSPost2010PropOp53
 70
     1
102
RTVSPost2010Prop54
  1
strokes_ogs.tif
102
RTVSPost2010PropOp54
 70
     1
102
RTVSPost2010Prop55
280
     0
102
RTVSPost2010PropOp55
 70
     1
102
RTVSPost2010Prop56
140
1.0
102
RTVSPost2010PropOp56
 70
     1
102
RTVSPost2010Prop57
140
1.0
102
RTVSPost2010PropOp57
 70
     1
102
RTVSPropertyOp0
 70
     1
102
RTVSPropertyOp1
 70
     1
102
RTVSPropertyOp2
 70
     1
102
RTVSPropertyOp3
 70
     1
102
RTVSPropertyOp4
 70
     1
102
RTVSPropertyOp5
 70
     1
102
RTVSPropertyOp6
 70
     1
102
RTVSPropertyOp7
 70
     1
102
RTVSPropertyOp8
 70
     1
102
RTVSPropertyOp9
 70
     1
102
RTVSPropertyOp10
 70
     1
102
RTVSPropertyOp11
 70
     1
102
RTVSPropertyOp12
 70
     1
102
RTVSPropertyOp13
 70
     1
102
RTVSPropertyOp14
 70
     1
102
RTVSPropertyOp15
 70
     1
102
RTVSPropertyOp16
 70
     1
102
RTVSPropertyOp17
 70
     1
102
RTVSPropertyOp18
 70
     1
102
RTVSPropertyOp19
 70
     1
102
RTVSPropertyOp20
 70
     1
102
RTVSPropertyOp21
 70
     1
102
RTVSPropertyOp22
 70
     1
102
RTVSPropertyOp23
 70
     1
102
RTVSPropertyOp24
 70
     1
102
RTVSPropertyOp25
 70
     1
102
RTVSPropertyOp26
 70
     1
102
RTVSPropertyOp27
 70
     1
102
RTVSPropertyOp28
 70
     1
102
RTVSPropertyOp29
 70
     1
102
RTVSPropertyOp30
 70
     1
102
RTVSPropertyOp31
 70
     1
102
RTVSPropertyOp32
 70
     1
102
RTVSPropertyOp33
 70
     1
102
RTVSPropertyOp34
 70
     1
102
RTVSPropertyOp35
 70
     1
102
RTVSPropertyOp36
 70
     1
102
RTVSPropertyOp37
 70
     1
102
RTVSPropertyOp38
 70
     1
102
RTVSPropertyOp39
 70
     1
102
RTVSPropertyOp40
 70
     1
102
RTVSPropertyOp41
 70
     1
102
RTVSPropertyOp42
 70
     1
102
RTVSPropertyOp43
 70
     1
102
RTVSPropertyOp44
 70
     1
102
RTVSPropertyOp45
 70
     1
102
RTVSPropertyOp46
 70
     1
102
RTVSPropertyOp47
 70
     1
102
RTVSPropertyOp48
 70
     1
102
RTVSPropertyOp49
 70
     1
102
RTVSPropertyOp50
 70
     1
102
RTVSPropertyOp51
 70
     0
102
RTVSPropertyOp52
 70
     0
102
RTVSPropertyOp53
 70
     1
102
RTVSPropertyOp54
 70
     1
102
RTVSPropertyOp55
 70
     1
102
RTVSPropertyOp56
 70
     1
102
RTVSPropertyOp57
 70
     1
102
RTVSPropertyOp58
 70
     1
102
RTVSPropertyOp59
 70
     1
102
RTVSPropertyOp60
 70
     1
102
RTVSPropertyOp61
 70
     1
102
RTVSPropertyOp62
 70
     1
  0
XRECORD
  5
6ED
102
{ACAD_REACTORS
330
6EC
102
}
330
6EC
100
AcDbXrecord
280
     1
102
RTVSPost2010Prop28
280
     0
102
RTVSPost2010PropOp28
 70
     1
102
RTVSPost2010Prop29
280
     1
102
RTVSPost2010PropOp29
 70
     1
102
RTVSPost2010Prop30
280
     1
102
RTVSPost2010PropOp30
 70
     1
102
RTVSPost2010Prop31
280
     0
102
RTVSPost2010PropOp31
 70
     1
102
RTVSPost2010Prop32
280
     0
102
RTVSPost2010PropOp32
 70
     1
102
RTVSPost2010Prop33
280
     0
102
RTVSPost2010PropOp33
 70
     1
102
RTVSPost2010Prop34
280
     0
102
RTVSPost2010PropOp34
 70
     1
102
RTVSPost2010Prop35
280
     0
102
RTVSPost2010PropOp35
 70
     1
102
RTVSPost2010Prop36
280
     0
102
RTVSPost2010PropOp36
 70
     1
102
RTVSPost2010Prop37
 90
       50
102
RTVSPost2010PropOp37
 70
     0
102
RTVSPost2010Prop38
140
0.0
102
RTVSPost2010PropOp38
 70
     0
102
RTVSPost2010Prop39
140
1.0
102
RTVSPost2010PropOp39
 70
     0
102
RTVSPost2010Prop40
 90
        0
102
RTVSPost2010PropOp40
 70
     0
102
RTVSPost2010Prop41ColorIndex
 90
       18
102
RTVSPost2010Prop41ColorRGB
 90
        0
102
RTVSPost2010PropOp41
 70
     0
102
RTVSPost2010Prop42
 90
       50
102
RTVSPost2010PropOp42
 70
     0
102
RTVSPost2010Prop43
 90
        3
102
RTVSPost2010PropOp43
 70
     0
102
RTVSPost2010Prop44ColorIndex
 90
        5
102
RTVSPost2010Prop44ColorRGB
 90
      255
102
RTVSPost2010PropOp44
 70
     0
102
RTVSPost2010Prop45
280
     0
102
RTVSPost2010PropOp45
 70
     1
102
RTVSPost2010Prop46
 90
       50
102
RTVSPost2010PropOp46
 70
     0
102
RTVSPost2010Prop47
 90
       50
102
RTVSPost2010PropOp47
 70
     0
102
RTVSPost2010Prop48
 90
       50
102
RTVSPost2010PropOp48
 70
     0
102
RTVSPost2010Prop49
280
     0
102
RTVSPost2010PropOp49
 70
     1
102
RTVSPost2010Prop50
 90
       50
102
RTVSPost2010PropOp50
 70
     0
102
RTVSPost2010Prop51ColorIndex
 90
      256
102
RTVSPost2010Prop51ColorRGB
 90
-16777216
102
RTVSPost2010PropOp51
 70
     0
102
RTVSPost2010Prop52
140
1.0
102
RTVSPost2010PropOp52
 70
     0
102
RTVSPost2010Prop53
 90
        2
102
RTVSPost2010PropOp53
 70
     0
102
RTVSPost2010Prop54
  1
strokes_ogs.tif
102
RTVSPost2010PropOp54
 70
     0
102
RTVSPost2010Prop55
280
     0
102
RTVSPost2010PropOp55
 70
     1
102
RTVSPost2010Prop56
140
1.0
102
RTVSPost2010PropOp56
 70
     0
102
RTVSPost2010Prop57
140
1.0
102
RTVSPost2010PropOp57
 70
     0
102
RTVSPropertyOp0
 70
     0
102
RTVSPropertyOp1
 70
     0
102
RTVSPropertyOp2
 70
     0
102
RTVSPropertyOp3
 70
     0
102
RTVSPropertyOp4
 70
     0
102
RTVSPropertyOp5
 70
     0
102
RTVSPropertyOp6
 70
     0
102
RTVSPropertyOp7
 70
     0
102
RTVSPropertyOp8
 70
     0
102
RTVSPropertyOp9
 70
     0
102
RTVSPropertyOp10
 70
     0
102
RTVSPropertyOp11
 70
     0
102
RTVSPropertyOp12
 70
     0
102
RTVSPropertyOp13
 70
     0
102
RTVSPropertyOp14
 70
     2
102
RTVSPropertyOp15
 70
     0
102
RTVSPropertyOp16
 70
     0
102
RTVSPropertyOp17
 70
     0
102
RTVSPropertyOp18
 70
     0
102
RTVSPropertyOp19
 70
     0
102
RTVSPropertyOp20
 70
     0
102
RTVSPropertyOp21
 70
     0
102
RTVSPropertyOp22
 70
     0
102
RTVSPropertyOp23
 70
     0
102
RTVSPropertyOp24
 70
     0
102
RTVSPropertyOp25
 70
     0
102
RTVSPropertyOp26
 70
     0
102
RTVSPropertyOp27
 70
     0
102
RTVSPropertyOp28
 70
     1
102
RTVSPropertyOp29
 70
     1
102
RTVSPropertyOp30
 70
     1
102
RTVSPropertyOp31
 70
     1
102
RTVSPropertyOp32
 70
     1
102
RTVSPropertyOp33
 70
     1
102
RTVSPropertyOp34
 70
     1
102
RTVSPropertyOp35
 70
     1
102
RTVSPropertyOp36
 70
     1
102
RTVSPropertyOp37
 70
     0
102
RTVSPropertyOp38
 70
     0
102
RTVSPropertyOp39
 70
     0
102
RTVSPropertyOp40
 70
     0
102
RTVSPropertyOp41
 70
     0
102
RTVSPropertyOp42
 70
     0
102
RTVSPropertyOp43
 70
     0
102
RTVSPropertyOp44
 70
     0
102
RTVSPropertyOp45
 70
     1
102
RTVSPropertyOp46
 70
     0
102
RTVSPropertyOp47
 70
     0
102
RTVSPropertyOp48
 70
     0
102
RTVSPropertyOp49
 70
     1
102
RTVSPropertyOp50
 70
     0
102
RTVSPropertyOp51
 70
     0
102
RTVSPropertyOp52
 70
     0
102
RTVSPropertyOp53
 70
     0
102
RTVSPropertyOp54
 70
     0
102
RTVSPropertyOp55
 70
     1
102
RTVSPropertyOp56
 70
     0
102
RTVSPropertyOp57
 70
     0
102
RTVSPropertyOp58
 70
     0
102
RTVSPropertyOp59
 70
     0
102
RTVSPropertyOp60
 70
     0
102
RTVSPropertyOp61
 70
     0
102
RTVSPropertyOp62
 70
     0
  0
XRECORD
  5
6DB
102
{ACAD_REACTORS
330
6DA
102
}
330
6DA
100
AcDbXrecord
280
     1
102
RTVSPost2010Prop28
280
     0
102
RTVSPost2010PropOp28
 70
     1
102
RTVSPost2010Prop29
280
     1
102
RTVSPost2010PropOp29
 70
     1
102
RTVSPost2010Prop30
280
     1
102
RTVSPost2010PropOp30
 70
     1
102
RTVSPost2010Prop31
280
     0
102
RTVSPost2010PropOp31
 70
     1
102
RTVSPost2010Prop32
280
     0
102
RTVSPost2010PropOp32
 70
     1
102
RTVSPost2010Prop33
280
     0
102
RTVSPost2010PropOp33
 70
     1
102
RTVSPost2010Prop34
280
     0
102
RTVSPost2010PropOp34
 70
     1
102
RTVSPost2010Prop35
280
     0
102
RTVSPost2010PropOp35
 70
     1
102
RTVSPost2010Prop36
280
     0
102
RTVSPost2010PropOp36
 70
     1
102
RTVSPost2010Prop37
 90
       50
102
RTVSPost2010PropOp37
 70
     1
102
RTVSPost2010Prop38
140
0.0
102
RTVSPost2010PropOp38
 70
     1
102
RTVSPost2010Prop39
140
1.0
102
RTVSPost2010PropOp39
 70
     1
102
RTVSPost2010Prop40
 90
        0
102
RTVSPost2010PropOp40
 70
     1
102
RTVSPost2010Prop41ColorIndex
 90
       18
102
RTVSPost2010Prop41ColorRGB
 90
        0
102
RTVSPost2010PropOp41
 70
     1
102
RTVSPost2010Prop42
 90
       50
102
RTVSPost2010PropOp42
 70
     1
102
RTVSPost2010Prop43
 90
        3
102
RTVSPost2010PropOp43
 70
     1
102
RTVSPost2010Prop44ColorIndex
 90
        5
102
RTVSPost2010Prop44ColorRGB
 90
      255
102
RTVSPost2010PropOp44
 70
     1
102
RTVSPost2010Prop45
280
     0
102
RTVSPost2010PropOp45
 70
     1
102
RTVSPost2010Prop46
 90
       50
102
RTVSPost2010PropOp46
 70
     1
102
RTVSPost2010Prop47
 90
       50
102
RTVSPost2010PropOp47
 70
     1
102
RTVSPost2010Prop48
 90
       50
102
RTVSPost2010PropOp48
 70
     1
102
RTVSPost2010Prop49
280
     0
102
RTVSPost2010PropOp49
 70
     1
102
RTVSPost2010Prop50
 90
       50
102
RTVSPost2010PropOp50
 70
     1
102
RTVSPost2010Prop51ColorIndex
 90
      256
102
RTVSPost2010Prop51ColorRGB
 90
-16777216
102
RTVSPost2010PropOp51
 70
     0
102
RTVSPost2010Prop52
140
1.0
102
RTVSPost2010PropOp52
 70
     0
102
RTVSPost2010Prop53
 90
        2
102
RTVSPost2010PropOp53
 70
     1
102
RTVSPost2010Prop54
  1
strokes_ogs.tif
102
RTVSPost2010PropOp54
 70
     1
102
RTVSPost2010Prop55
280
     0
102
RTVSPost2010PropOp55
 70
     1
102
RTVSPost2010Prop56
140
1.0
102
RTVSPost2010PropOp56
 70
     1
102
RTVSPost2010Prop57
140
1.0
102
RTVSPost2010PropOp57
 70
     1
102
RTVSPropertyOp0
 70
     1
102
RTVSPropertyOp1
 70
     1
102
RTVSPropertyOp2
 70
     1
102
RTVSPropertyOp3
 70
     1
102
RTVSPropertyOp4
 70
     1
102
RTVSPropertyOp5
 70
     1
102
RTVSPropertyOp6
 70
     1
102
RTVSPropertyOp7
 70
     1
102
RTVSPropertyOp8
 70
     1
102
RTVSPropertyOp9
 70
     1
102
RTVSPropertyOp10
 70
     1
102
RTVSPropertyOp11
 70
     1
102
RTVSPropertyOp12
 70
     1
102
RTVSPropertyOp13
 70
     1
102
RTVSPropertyOp14
 70
     1
102
RTVSPropertyOp15
 70
     1
102
RTVSPropertyOp16
 70
     1
102
RTVSPropertyOp17
 70
     1
102
RTVSPropertyOp18
 70
     1
102
RTVSPropertyOp19
 70
     1
102
RTVSPropertyOp20
 70
     1
102
RTVSPropertyOp21
 70
     1
102
RTVSPropertyOp22
 70
     1
102
RTVSPropertyOp23
 70
     1
102
RTVSPropertyOp24
 70
     1
102
RTVSPropertyOp25
 70
     1
102
RTVSPropertyOp26
 70
     1
102
RTVSPropertyOp27
 70
     1
102
RTVSPropertyOp28
 70
     1
102
RTVSPropertyOp29
 70
     1
102
RTVSPropertyOp30
 70
     1
102
RTVSPropertyOp31
 70
     1
102
RTVSPropertyOp32
 70
     1
102
RTVSPropertyOp33
 70
     1
102
RTVSPropertyOp34
 70
     1
102
RTVSPropertyOp35
 70
     1
102
RTVSPropertyOp36
 70
     1
102
RTVSPropertyOp37
 70
     1
102
RTVSPropertyOp38
 70
     1
102
RTVSPropertyOp39
 70
     1
102
RTVSPropertyOp40
 70
     1
102
RTVSPropertyOp41
 70
     1
102
RTVSPropertyOp42
 70
     1
102
RTVSPropertyOp43
 70
     1
102
RTVSPropertyOp44
 70
     1
102
RTVSPropertyOp45
 70
     1
102
RTVSPropertyOp46
 70
     1
102
RTVSPropertyOp47
 70
     1
102
RTVSPropertyOp48
 70
     1
102
RTVSPropertyOp49
 70
     1
102
RTVSPropertyOp50
 70
     1
102
RTVSPropertyOp51
 70
     0
102
RTVSPropertyOp52
 70
     0
102
RTVSPropertyOp53
 70
     1
102
RTVSPropertyOp54
 70
     1
102
RTVSPropertyOp55
 70
     1
102
RTVSPropertyOp56
 70
     1
102
RTVSPropertyOp57
 70
     1
102
RTVSPropertyOp58
 70
     1
102
RTVSPropertyOp59
 70
     1
102
RTVSPropertyOp60
 70
     1
102
RTVSPropertyOp61
 70
     1
102
RTVSPropertyOp62
 70
     1
  0
XRECORD
  5
6BF
102
{ACAD_REACTORS
330
6BE
102
}
330
6BE
100
AcDbXrecord
280
     1
102
RTVSPost2010Prop28
280
     0
102
RTVSPost2010PropOp28
 70
     1
102
RTVSPost2010Prop29
280
     1
102
RTVSPost2010PropOp29
 70
     1
102
RTVSPost2010Prop30
280
     1
102
RTVSPost2010PropOp30
 70
     1
102
RTVSPost2010Prop31
280
     0
102
RTVSPost2010PropOp31
 70
     1
102
RTVSPost2010Prop32
280
     0
102
RTVSPost2010PropOp32
 70
     1
102
RTVSPost2010Prop33
280
     0
102
RTVSPost2010PropOp33
 70
     1
102
RTVSPost2010Prop34
280
     0
102
RTVSPost2010PropOp34
 70
     1
102
RTVSPost2010Prop35
280
     0
102
RTVSPost2010PropOp35
 70
     1
102
RTVSPost2010Prop36
280
     0
102
RTVSPost2010PropOp36
 70
     1
102
RTVSPost2010Prop37
 90
       50
102
RTVSPost2010PropOp37
 70
     1
102
RTVSPost2010Prop38
140
0.0
102
RTVSPost2010PropOp38
 70
     1
102
RTVSPost2010Prop39
140
1.0
102
RTVSPost2010PropOp39
 70
     1
102
RTVSPost2010Prop40
 90
        0
102
RTVSPost2010PropOp40
 70
     1
102
RTVSPost2010Prop41ColorIndex
 90
       18
102
RTVSPost2010Prop41ColorRGB
 90
        0
102
RTVSPost2010PropOp41
 70
     1
102
RTVSPost2010Prop42
 90
       50
102
RTVSPost2010PropOp42
 70
     1
102
RTVSPost2010Prop43
 90
        3
102
RTVSPost2010PropOp43
 70
     1
102
RTVSPost2010Prop44ColorIndex
 90
        5
102
RTVSPost2010Prop44ColorRGB
 90
      255
102
RTVSPost2010PropOp44
 70
     1
102
RTVSPost2010Prop45
280
     0
102
RTVSPost2010PropOp45
 70
     1
102
RTVSPost2010Prop46
 90
       50
102
RTVSPost2010PropOp46
 70
     1
102
RTVSPost2010Prop47
 90
       50
102
RTVSPost2010PropOp47
 70
     1
102
RTVSPost2010Prop48
 90
       50
102
RTVSPost2010PropOp48
 70
     1
102
RTVSPost2010Prop49
280
     0
102
RTVSPost2010PropOp49
 70
     1
102
RTVSPost2010Prop50
 90
       50
102
RTVSPost2010PropOp50
 70
     1
102
RTVSPost2010Prop51ColorIndex
 90
      256
102
RTVSPost2010Prop51ColorRGB
 90
-16777216
102
RTVSPost2010PropOp51
 70
     0
102
RTVSPost2010Prop52
140
1.0
102
RTVSPost2010PropOp52
 70
     0
102
RTVSPost2010Prop53
 90
        2
102
RTVSPost2010PropOp53
 70
     1
102
RTVSPost2010Prop54
  1
strokes_ogs.tif
102
RTVSPost2010PropOp54
 70
     1
102
RTVSPost2010Prop55
280
     0
102
RTVSPost2010PropOp55
 70
     1
102
RTVSPost2010Prop56
140
1.0
102
RTVSPost2010PropOp56
 70
     1
102
RTVSPost2010Prop57
140
1.0
102
RTVSPost2010PropOp57
 70
     1
102
RTVSPropertyOp0
 70
     1
102
RTVSPropertyOp1
 70
     1
102
RTVSPropertyOp2
 70
     1
102
RTVSPropertyOp3
 70
     1
102
RTVSPropertyOp4
 70
     1
102
RTVSPropertyOp5
 70
     1
102
RTVSPropertyOp6
 70
     1
102
RTVSPropertyOp7
 70
     1
102
RTVSPropertyOp8
 70
     1
102
RTVSPropertyOp9
 70
     1
102
RTVSPropertyOp10
 70
     1
102
RTVSPropertyOp11
 70
     1
102
RTVSPropertyOp12
 70
     1
102
RTVSPropertyOp13
 70
     1
102
RTVSPropertyOp14
 70
     1
102
RTVSPropertyOp15
 70
     1
102
RTVSPropertyOp16
 70
     1
102
RTVSPropertyOp17
 70
     1
102
RTVSPropertyOp18
 70
     1
102
RTVSPropertyOp19
 70
     1
102
RTVSPropertyOp20
 70
     1
102
RTVSPropertyOp21
 70
     1
102
RTVSPropertyOp22
 70
     1
102
RTVSPropertyOp23
 70
     1
102
RTVSPropertyOp24
 70
     1
102
RTVSPropertyOp25
 70
     1
102
RTVSPropertyOp26
 70
     1
102
RTVSPropertyOp27
 70
     1
102
RTVSPropertyOp28
 70
     1
102
RTVSPropertyOp29
 70
     1
102
RTVSPropertyOp30
 70
     1
102
RTVSPropertyOp31
 70
     1
102
RTVSPropertyOp32
 70
     1
102
RTVSPropertyOp33
 70
     1
102
RTVSPropertyOp34
 70
     1
102
RTVSPropertyOp35
 70
     1
102
RTVSPropertyOp36
 70
     1
102
RTVSPropertyOp37
 70
     1
102
RTVSPropertyOp38
 70
     1
102
RTVSPropertyOp39
 70
     1
102
RTVSPropertyOp40
 70
     1
102
RTVSPropertyOp41
 70
     1
102
RTVSPropertyOp42
 70
     1
102
RTVSPropertyOp43
 70
     1
102
RTVSPropertyOp44
 70
     1
102
RTVSPropertyOp45
 70
     1
102
RTVSPropertyOp46
 70
     1
102
RTVSPropertyOp47
 70
     1
102
RTVSPropertyOp48
 70
     1
102
RTVSPropertyOp49
 70
     1
102
RTVSPropertyOp50
 70
     1
102
RTVSPropertyOp51
 70
     0
102
RTVSPropertyOp52
 70
     0
102
RTVSPropertyOp53
 70
     1
102
RTVSPropertyOp54
 70
     1
102
RTVSPropertyOp55
 70
     1
102
RTVSPropertyOp56
 70
     1
102
RTVSPropertyOp57
 70
     1
102
RTVSPropertyOp58
 70
     1
102
RTVSPropertyOp59
 70
     1
102
RTVSPropertyOp60
 70
     1
102
RTVSPropertyOp61
 70
     1
102
RTVSPropertyOp62
 70
     1
  0
XRECORD
  5
6C1
102
{ACAD_REACTORS
330
6C0
102
}
330
6C0
100
AcDbXrecord
280
     1
102
RTVSPost2010Prop28
280
     0
102
RTVSPost2010PropOp28
 70
     1
102
RTVSPost2010Prop29
280
     1
102
RTVSPost2010PropOp29
 70
     1
102
RTVSPost2010Prop30
280
     1
102
RTVSPost2010PropOp30
 70
     1
102
RTVSPost2010Prop31
280
     0
102
RTVSPost2010PropOp31
 70
     1
102
RTVSPost2010Prop32
280
     0
102
RTVSPost2010PropOp32
 70
     1
102
RTVSPost2010Prop33
280
     0
102
RTVSPost2010PropOp33
 70
     1
102
RTVSPost2010Prop34
280
     0
102
RTVSPost2010PropOp34
 70
     1
102
RTVSPost2010Prop35
280
     0
102
RTVSPost2010PropOp35
 70
     1
102
RTVSPost2010Prop36
280
     0
102
RTVSPost2010PropOp36
 70
     1
102
RTVSPost2010Prop37
 90
       50
102
RTVSPost2010PropOp37
 70
     1
102
RTVSPost2010Prop38
140
0.0
102
RTVSPost2010PropOp38
 70
     1
102
RTVSPost2010Prop39
140
1.0
102
RTVSPost2010PropOp39
 70
     1
102
RTVSPost2010Prop40
 90
        0
102
RTVSPost2010PropOp40
 70
     1
102
RTVSPost2010Prop41ColorIndex
 90
       18
102
RTVSPost2010Prop41ColorRGB
 90
        0
102
RTVSPost2010PropOp41
 70
     1
102
RTVSPost2010Prop42
 90
       50
102
RTVSPost2010PropOp42
 70
     1
102
RTVSPost2010Prop43
 90
        3
102
RTVSPost2010PropOp43
 70
     1
102
RTVSPost2010Prop44ColorIndex
 90
        5
102
RTVSPost2010Prop44ColorRGB
 90
      255
102
RTVSPost2010PropOp44
 70
     1
102
RTVSPost2010Prop45
280
     0
102
RTVSPost2010PropOp45
 70
     1
102
RTVSPost2010Prop46
 90
       50
102
RTVSPost2010PropOp46
 70
     1
102
RTVSPost2010Prop47
 90
       50
102
RTVSPost2010PropOp47
 70
     1
102
RTVSPost2010Prop48
 90
       50
102
RTVSPost2010PropOp48
 70
     1
102
RTVSPost2010Prop49
280
     0
102
RTVSPost2010PropOp49
 70
     1
102
RTVSPost2010Prop50
 90
       50
102
RTVSPost2010PropOp50
 70
     1
102
RTVSPost2010Prop51ColorIndex
 90
      256
102
RTVSPost2010Prop51ColorRGB
 90
-16777216
102
RTVSPost2010PropOp51
 70
     0
102
RTVSPost2010Prop52
140
1.0
102
RTVSPost2010PropOp52
 70
     0
102
RTVSPost2010Prop53
 90
        2
102
RTVSPost2010PropOp53
 70
     1
102
RTVSPost2010Prop54
  1
strokes_ogs.tif
102
RTVSPost2010PropOp54
 70
     1
102
RTVSPost2010Prop55
280
     0
102
RTVSPost2010PropOp55
 70
     1
102
RTVSPost2010Prop56
140
1.0
102
RTVSPost2010PropOp56
 70
     1
102
RTVSPost2010Prop57
140
1.0
102
RTVSPost2010PropOp57
 70
     1
102
RTVSPropertyOp0
 70
     1
102
RTVSPropertyOp1
 70
     1
102
RTVSPropertyOp2
 70
     1
102
RTVSPropertyOp3
 70
     1
102
RTVSPropertyOp4
 70
     1
102
RTVSPropertyOp5
 70
     1
102
RTVSPropertyOp6
 70
     1
102
RTVSPropertyOp7
 70
     1
102
RTVSPropertyOp8
 70
     1
102
RTVSPropertyOp9
 70
     1
102
RTVSPropertyOp10
 70
     1
102
RTVSPropertyOp11
 70
     1
102
RTVSPropertyOp12
 70
     1
102
RTVSPropertyOp13
 70
     1
102
RTVSPropertyOp14
 70
     1
102
RTVSPropertyOp15
 70
     1
102
RTVSPropertyOp16
 70
     1
102
RTVSPropertyOp17
 70
     1
102
RTVSPropertyOp18
 70
     1
102
RTVSPropertyOp19
 70
     1
102
RTVSPropertyOp20
 70
     1
102
RTVSPropertyOp21
 70
     1
102
RTVSPropertyOp22
 70
     1
102
RTVSPropertyOp23
 70
     1
102
RTVSPropertyOp24
 70
     1
102
RTVSPropertyOp25
 70
     1
102
RTVSPropertyOp26
 70
     1
102
RTVSPropertyOp27
 70
     1
102
RTVSPropertyOp28
 70
     1
102
RTVSPropertyOp29
 70
     1
102
RTVSPropertyOp30
 70
     1
102
RTVSPropertyOp31
 70
     1
102
RTVSPropertyOp32
 70
     1
102
RTVSPropertyOp33
 70
     1
102
RTVSPropertyOp34
 70
     1
102
RTVSPropertyOp35
 70
     1
102
RTVSPropertyOp36
 70
     1
102
RTVSPropertyOp37
 70
     1
102
RTVSPropertyOp38
 70
     1
102
RTVSPropertyOp39
 70
     1
102
RTVSPropertyOp40
 70
     1
102
RTVSPropertyOp41
 70
     1
102
RTVSPropertyOp42
 70
     1
102
RTVSPropertyOp43
 70
     1
102
RTVSPropertyOp44
 70
     1
102
RTVSPropertyOp45
 70
     1
102
RTVSPropertyOp46
 70
     1
102
RTVSPropertyOp47
 70
     1
102
RTVSPropertyOp48
 70
     1
102
RTVSPropertyOp49
 70
     1
102
RTVSPropertyOp50
 70
     1
102
RTVSPropertyOp51
 70
     0
102
RTVSPropertyOp52
 70
     0
102
RTVSPropertyOp53
 70
     1
102
RTVSPropertyOp54
 70
     1
102
RTVSPropertyOp55
 70
     1
102
RTVSPropertyOp56
 70
     1
102
RTVSPropertyOp57
 70
     1
102
RTVSPropertyOp58
 70
     1
102
RTVSPropertyOp59
 70
     1
102
RTVSPropertyOp60
 70
     1
102
RTVSPropertyOp61
 70
     1
102
RTVSPropertyOp62
 70
     1
  0
XRECORD
  5
6C3
102
{ACAD_REACTORS
330
6C2
102
}
330
6C2
100
AcDbXrecord
280
     1
102
RTVSPost2010Prop28
280
     0
102
RTVSPost2010PropOp28
 70
     1
102
RTVSPost2010Prop29
280
     1
102
RTVSPost2010PropOp29
 70
     1
102
RTVSPost2010Prop30
280
     1
102
RTVSPost2010PropOp30
 70
     1
102
RTVSPost2010Prop31
280
     0
102
RTVSPost2010PropOp31
 70
     1
102
RTVSPost2010Prop32
280
     0
102
RTVSPost2010PropOp32
 70
     1
102
RTVSPost2010Prop33
280
     0
102
RTVSPost2010PropOp33
 70
     1
102
RTVSPost2010Prop34
280
     0
102
RTVSPost2010PropOp34
 70
     1
102
RTVSPost2010Prop35
280
     0
102
RTVSPost2010PropOp35
 70
     1
102
RTVSPost2010Prop36
280
     0
102
RTVSPost2010PropOp36
 70
     1
102
RTVSPost2010Prop37
 90
       50
102
RTVSPost2010PropOp37
 70
     1
102
RTVSPost2010Prop38
140
0.0
102
RTVSPost2010PropOp38
 70
     1
102
RTVSPost2010Prop39
140
1.0
102
RTVSPost2010PropOp39
 70
     1
102
RTVSPost2010Prop40
 90
        0
102
RTVSPost2010PropOp40
 70
     1
102
RTVSPost2010Prop41ColorIndex
 90
       18
102
RTVSPost2010Prop41ColorRGB
 90
        0
102
RTVSPost2010PropOp41
 70
     1
102
RTVSPost2010Prop42
 90
       50
102
RTVSPost2010PropOp42
 70
     1
102
RTVSPost2010Prop43
 90
        3
102
RTVSPost2010PropOp43
 70
     1
102
RTVSPost2010Prop44ColorIndex
 90
        5
102
RTVSPost2010Prop44ColorRGB
 90
      255
102
RTVSPost2010PropOp44
 70
     1
102
RTVSPost2010Prop45
280
     0
102
RTVSPost2010PropOp45
 70
     1
102
RTVSPost2010Prop46
 90
       50
102
RTVSPost2010PropOp46
 70
     1
102
RTVSPost2010Prop47
 90
       50
102
RTVSPost2010PropOp47
 70
     1
102
RTVSPost2010Prop48
 90
       50
102
RTVSPost2010PropOp48
 70
     1
102
RTVSPost2010Prop49
280
     0
102
RTVSPost2010PropOp49
 70
     1
102
RTVSPost2010Prop50
 90
       50
102
RTVSPost2010PropOp50
 70
     1
102
RTVSPost2010Prop51ColorIndex
 90
      256
102
RTVSPost2010Prop51ColorRGB
 90
-16777216
102
RTVSPost2010PropOp51
 70
     0
102
RTVSPost2010Prop52
140
1.0
102
RTVSPost2010PropOp52
 70
     0
102
RTVSPost2010Prop53
 90
        2
102
RTVSPost2010PropOp53
 70
     1
102
RTVSPost2010Prop54
  1
strokes_ogs.tif
102
RTVSPost2010PropOp54
 70
     1
102
RTVSPost2010Prop55
280
     0
102
RTVSPost2010PropOp55
 70
     1
102
RTVSPost2010Prop56
140
1.0
102
RTVSPost2010PropOp56
 70
     1
102
RTVSPost2010Prop57
140
1.0
102
RTVSPost2010PropOp57
 70
     1
102
RTVSPropertyOp0
 70
     1
102
RTVSPropertyOp1
 70
     1
102
RTVSPropertyOp2
 70
     1
102
RTVSPropertyOp3
 70
     1
102
RTVSPropertyOp4
 70
     1
102
RTVSPropertyOp5
 70
     1
102
RTVSPropertyOp6
 70
     1
102
RTVSPropertyOp7
 70
     1
102
RTVSPropertyOp8
 70
     1
102
RTVSPropertyOp9
 70
     1
102
RTVSPropertyOp10
 70
     1
102
RTVSPropertyOp11
 70
     1
102
RTVSPropertyOp12
 70
     1
102
RTVSPropertyOp13
 70
     1
102
RTVSPropertyOp14
 70
     1
102
RTVSPropertyOp15
 70
     1
102
RTVSPropertyOp16
 70
     1
102
RTVSPropertyOp17
 70
     1
102
RTVSPropertyOp18
 70
     1
102
RTVSPropertyOp19
 70
     1
102
RTVSPropertyOp20
 70
     1
102
RTVSPropertyOp21
 70
     1
102
RTVSPropertyOp22
 70
     1
102
RTVSPropertyOp23
 70
     1
102
RTVSPropertyOp24
 70
     1
102
RTVSPropertyOp25
 70
     1
102
RTVSPropertyOp26
 70
     1
102
RTVSPropertyOp27
 70
     1
102
RTVSPropertyOp28
 70
     1
102
RTVSPropertyOp29
 70
     1
102
RTVSPropertyOp30
 70
     1
102
RTVSPropertyOp31
 70
     1
102
RTVSPropertyOp32
 70
     1
102
RTVSPropertyOp33
 70
     1
102
RTVSPropertyOp34
 70
     1
102
RTVSPropertyOp35
 70
     1
102
RTVSPropertyOp36
 70
     1
102
RTVSPropertyOp37
 70
     1
102
RTVSPropertyOp38
 70
     1
102
RTVSPropertyOp39
 70
     1
102
RTVSPropertyOp40
 70
     1
102
RTVSPropertyOp41
 70
     1
102
RTVSPropertyOp42
 70
     1
102
RTVSPropertyOp43
 70
     1
102
RTVSPropertyOp44
 70
     1
102
RTVSPropertyOp45
 70
     1
102
RTVSPropertyOp46
 70
     1
102
RTVSPropertyOp47
 70
     1
102
RTVSPropertyOp48
 70
     1
102
RTVSPropertyOp49
 70
     1
102
RTVSPropertyOp50
 70
     1
102
RTVSPropertyOp51
 70
     0
102
RTVSPropertyOp52
 70
     0
102
RTVSPropertyOp53
 70
     1
102
RTVSPropertyOp54
 70
     1
102
RTVSPropertyOp55
 70
     1
102
RTVSPropertyOp56
 70
     1
102
RTVSPropertyOp57
 70
     1
102
RTVSPropertyOp58
 70
     1
102
RTVSPropertyOp59
 70
     1
102
RTVSPropertyOp60
 70
     1
102
RTVSPropertyOp61
 70
     1
102
RTVSPropertyOp62
 70
     1
  0
XRECORD
  5
6C5
102
{ACAD_REACTORS
330
6C4
102
}
330
6C4
100
AcDbXrecord
280
     1
102
RTVSPost2010Prop28
280
     0
102
RTVSPost2010PropOp28
 70
     1
102
RTVSPost2010Prop29
280
     1
102
RTVSPost2010PropOp29
 70
     1
102
RTVSPost2010Prop30
280
     1
102
RTVSPost2010PropOp30
 70
     1
102
RTVSPost2010Prop31
280
     0
102
RTVSPost2010PropOp31
 70
     1
102
RTVSPost2010Prop32
280
     0
102
RTVSPost2010PropOp32
 70
     1
102
RTVSPost2010Prop33
280
     0
102
RTVSPost2010PropOp33
 70
     1
102
RTVSPost2010Prop34
280
     0
102
RTVSPost2010PropOp34
 70
     1
102
RTVSPost2010Prop35
280
     0
102
RTVSPost2010PropOp35
 70
     1
102
RTVSPost2010Prop36
280
     0
102
RTVSPost2010PropOp36
 70
     1
102
RTVSPost2010Prop37
 90
       50
102
RTVSPost2010PropOp37
 70
     1
102
RTVSPost2010Prop38
140
0.0
102
RTVSPost2010PropOp38
 70
     1
102
RTVSPost2010Prop39
140
1.0
102
RTVSPost2010PropOp39
 70
     1
102
RTVSPost2010Prop40
 90
        0
102
RTVSPost2010PropOp40
 70
     1
102
RTVSPost2010Prop41ColorIndex
 90
       18
102
RTVSPost2010Prop41ColorRGB
 90
        0
102
RTVSPost2010PropOp41
 70
     1
102
RTVSPost2010Prop42
 90
       50
102
RTVSPost2010PropOp42
 70
     1
102
RTVSPost2010Prop43
 90
        3
102
RTVSPost2010PropOp43
 70
     1
102
RTVSPost2010Prop44ColorIndex
 90
        5
102
RTVSPost2010Prop44ColorRGB
 90
      255
102
RTVSPost2010PropOp44
 70
     1
102
RTVSPost2010Prop45
280
     0
102
RTVSPost2010PropOp45
 70
     1
102
RTVSPost2010Prop46
 90
       50
102
RTVSPost2010PropOp46
 70
     1
102
RTVSPost2010Prop47
 90
       50
102
RTVSPost2010PropOp47
 70
     1
102
RTVSPost2010Prop48
 90
       50
102
RTVSPost2010PropOp48
 70
     1
102
RTVSPost2010Prop49
280
     0
102
RTVSPost2010PropOp49
 70
     1
102
RTVSPost2010Prop50
 90
       50
102
RTVSPost2010PropOp50
 70
     1
102
RTVSPost2010Prop51ColorIndex
 90
      256
102
RTVSPost2010Prop51ColorRGB
 90
-16777216
102
RTVSPost2010PropOp51
 70
     0
102
RTVSPost2010Prop52
140
1.0
102
RTVSPost2010PropOp52
 70
     0
102
RTVSPost2010Prop53
 90
        2
102
RTVSPost2010PropOp53
 70
     1
102
RTVSPost2010Prop54
  1
strokes_ogs.tif
102
RTVSPost2010PropOp54
 70
     1
102
RTVSPost2010Prop55
280
     0
102
RTVSPost2010PropOp55
 70
     1
102
RTVSPost2010Prop56
140
1.0
102
RTVSPost2010PropOp56
 70
     1
102
RTVSPost2010Prop57
140
1.0
102
RTVSPost2010PropOp57
 70
     1
102
RTVSPropertyOp0
 70
     1
102
RTVSPropertyOp1
 70
     1
102
RTVSPropertyOp2
 70
     1
102
RTVSPropertyOp3
 70
     1
102
RTVSPropertyOp4
 70
     1
102
RTVSPropertyOp5
 70
     1
102
RTVSPropertyOp6
 70
     1
102
RTVSPropertyOp7
 70
     1
102
RTVSPropertyOp8
 70
     1
102
RTVSPropertyOp9
 70
     1
102
RTVSPropertyOp10
 70
     1
102
RTVSPropertyOp11
 70
     1
102
RTVSPropertyOp12
 70
     1
102
RTVSPropertyOp13
 70
     1
102
RTVSPropertyOp14
 70
     1
102
RTVSPropertyOp15
 70
     1
102
RTVSPropertyOp16
 70
     1
102
RTVSPropertyOp17
 70
     1
102
RTVSPropertyOp18
 70
     1
102
RTVSPropertyOp19
 70
     1
102
RTVSPropertyOp20
 70
     1
102
RTVSPropertyOp21
 70
     1
102
RTVSPropertyOp22
 70
     1
102
RTVSPropertyOp23
 70
     1
102
RTVSPropertyOp24
 70
     1
102
RTVSPropertyOp25
 70
     1
102
RTVSPropertyOp26
 70
     1
102
RTVSPropertyOp27
 70
     1
102
RTVSPropertyOp28
 70
     1
102
RTVSPropertyOp29
 70
     1
102
RTVSPropertyOp30
 70
     1
102
RTVSPropertyOp31
 70
     1
102
RTVSPropertyOp32
 70
     1
102
RTVSPropertyOp33
 70
     1
102
RTVSPropertyOp34
 70
     1
102
RTVSPropertyOp35
 70
     1
102
RTVSPropertyOp36
 70
     1
102
RTVSPropertyOp37
 70
     1
102
RTVSPropertyOp38
 70
     1
102
RTVSPropertyOp39
 70
     1
102
RTVSPropertyOp40
 70
     1
102
RTVSPropertyOp41
 70
     1
102
RTVSPropertyOp42
 70
     1
102
RTVSPropertyOp43
 70
     1
102
RTVSPropertyOp44
 70
     1
102
RTVSPropertyOp45
 70
     1
102
RTVSPropertyOp46
 70
     1
102
RTVSPropertyOp47
 70
     1
102
RTVSPropertyOp48
 70
     1
102
RTVSPropertyOp49
 70
     1
102
RTVSPropertyOp50
 70
     1
102
RTVSPropertyOp51
 70
     0
102
RTVSPropertyOp52
 70
     0
102
RTVSPropertyOp53
 70
     1
102
RTVSPropertyOp54
 70
     1
102
RTVSPropertyOp55
 70
     1
102
RTVSPropertyOp56
 70
     1
102
RTVSPropertyOp57
 70
     1
102
RTVSPropertyOp58
 70
     1
102
RTVSPropertyOp59
 70
     1
102
RTVSPropertyOp60
 70
     1
102
RTVSPropertyOp61
 70
     1
102
RTVSPropertyOp62
 70
     1
  0
XRECORD
  5
6CD
102
{ACAD_REACTORS
330
6CC
102
}
330
6CC
100
AcDbXrecord
280
     1
102
RTVSPost2010Prop28
280
     0
102
RTVSPost2010PropOp28
 70
     1
102
RTVSPost2010Prop29
280
     1
102
RTVSPost2010PropOp29
 70
     1
102
RTVSPost2010Prop30
280
     1
102
RTVSPost2010PropOp30
 70
     1
102
RTVSPost2010Prop31
280
     0
102
RTVSPost2010PropOp31
 70
     1
102
RTVSPost2010Prop32
280
     0
102
RTVSPost2010PropOp32
 70
     1
102
RTVSPost2010Prop33
280
     0
102
RTVSPost2010PropOp33
 70
     1
102
RTVSPost2010Prop34
280
     0
102
RTVSPost2010PropOp34
 70
     1
102
RTVSPost2010Prop35
280
     0
102
RTVSPost2010PropOp35
 70
     1
102
RTVSPost2010Prop36
280
     0
102
RTVSPost2010PropOp36
 70
     1
102
RTVSPost2010Prop37
 90
       50
102
RTVSPost2010PropOp37
 70
     1
102
RTVSPost2010Prop38
140
0.0
102
RTVSPost2010PropOp38
 70
     1
102
RTVSPost2010Prop39
140
1.0
102
RTVSPost2010PropOp39
 70
     1
102
RTVSPost2010Prop40
 90
        0
102
RTVSPost2010PropOp40
 70
     1
102
RTVSPost2010Prop41ColorIndex
 90
       18
102
RTVSPost2010Prop41ColorRGB
 90
        0
102
RTVSPost2010PropOp41
 70
     1
102
RTVSPost2010Prop42
 90
       50
102
RTVSPost2010PropOp42
 70
     1
102
RTVSPost2010Prop43
 90
        3
102
RTVSPost2010PropOp43
 70
     1
102
RTVSPost2010Prop44ColorIndex
 90
        5
102
RTVSPost2010Prop44ColorRGB
 90
      255
102
RTVSPost2010PropOp44
 70
     1
102
RTVSPost2010Prop45
280
     0
102
RTVSPost2010PropOp45
 70
     1
102
RTVSPost2010Prop46
 90
       50
102
RTVSPost2010PropOp46
 70
     1
102
RTVSPost2010Prop47
 90
       50
102
RTVSPost2010PropOp47
 70
     1
102
RTVSPost2010Prop48
 90
       50
102
RTVSPost2010PropOp48
 70
     1
102
RTVSPost2010Prop49
280
     0
102
RTVSPost2010PropOp49
 70
     1
102
RTVSPost2010Prop50
 90
       50
102
RTVSPost2010PropOp50
 70
     1
102
RTVSPost2010Prop51ColorIndex
 90
      256
102
RTVSPost2010Prop51ColorRGB
 90
-16777216
102
RTVSPost2010PropOp51
 70
     0
102
RTVSPost2010Prop52
140
1.0
102
RTVSPost2010PropOp52
 70
     0
102
RTVSPost2010Prop53
 90
        2
102
RTVSPost2010PropOp53
 70
     1
102
RTVSPost2010Prop54
  1
strokes_ogs.tif
102
RTVSPost2010PropOp54
 70
     1
102
RTVSPost2010Prop55
280
     0
102
RTVSPost2010PropOp55
 70
     1
102
RTVSPost2010Prop56
140
1.0
102
RTVSPost2010PropOp56
 70
     1
102
RTVSPost2010Prop57
140
1.0
102
RTVSPost2010PropOp57
 70
     1
102
RTVSPropertyOp0
 70
     1
102
RTVSPropertyOp1
 70
     1
102
RTVSPropertyOp2
 70
     1
102
RTVSPropertyOp3
 70
     1
102
RTVSPropertyOp4
 70
     1
102
RTVSPropertyOp5
 70
     1
102
RTVSPropertyOp6
 70
     1
102
RTVSPropertyOp7
 70
     1
102
RTVSPropertyOp8
 70
     1
102
RTVSPropertyOp9
 70
     1
102
RTVSPropertyOp10
 70
     1
102
RTVSPropertyOp11
 70
     1
102
RTVSPropertyOp12
 70
     1
102
RTVSPropertyOp13
 70
     1
102
RTVSPropertyOp14
 70
     1
102
RTVSPropertyOp15
 70
     1
102
RTVSPropertyOp16
 70
     1
102
RTVSPropertyOp17
 70
     1
102
RTVSPropertyOp18
 70
     1
102
RTVSPropertyOp19
 70
     1
102
RTVSPropertyOp20
 70
     1
102
RTVSPropertyOp21
 70
     1
102
RTVSPropertyOp22
 70
     1
102
RTVSPropertyOp23
 70
     1
102
RTVSPropertyOp24
 70
     1
102
RTVSPropertyOp25
 70
     1
102
RTVSPropertyOp26
 70
     1
102
RTVSPropertyOp27
 70
     1
102
RTVSPropertyOp28
 70
     1
102
RTVSPropertyOp29
 70
     1
102
RTVSPropertyOp30
 70
     1
102
RTVSPropertyOp31
 70
     1
102
RTVSPropertyOp32
 70
     1
102
RTVSPropertyOp33
 70
     1
102
RTVSPropertyOp34
 70
     1
102
RTVSPropertyOp35
 70
     1
102
RTVSPropertyOp36
 70
     1
102
RTVSPropertyOp37
 70
     1
102
RTVSPropertyOp38
 70
     1
102
RTVSPropertyOp39
 70
     1
102
RTVSPropertyOp40
 70
     1
102
RTVSPropertyOp41
 70
     1
102
RTVSPropertyOp42
 70
     1
102
RTVSPropertyOp43
 70
     1
102
RTVSPropertyOp44
 70
     1
102
RTVSPropertyOp45
 70
     1
102
RTVSPropertyOp46
 70
     1
102
RTVSPropertyOp47
 70
     1
102
RTVSPropertyOp48
 70
     1
102
RTVSPropertyOp49
 70
     1
102
RTVSPropertyOp50
 70
     1
102
RTVSPropertyOp51
 70
     0
102
RTVSPropertyOp52
 70
     0
102
RTVSPropertyOp53
 70
     1
102
RTVSPropertyOp54
 70
     1
102
RTVSPropertyOp55
 70
     1
102
RTVSPropertyOp56
 70
     1
102
RTVSPropertyOp57
 70
     1
102
RTVSPropertyOp58
 70
     1
102
RTVSPropertyOp59
 70
     1
102
RTVSPropertyOp60
 70
     1
102
RTVSPropertyOp61
 70
     1
102
RTVSPropertyOp62
 70
     1
  0
XRECORD
  5
6E9
102
{ACAD_REACTORS
330
6E8
102
}
330
6E8
100
AcDbXrecord
280
     1
102
RTVSPost2010Prop28
280
     0
102
RTVSPost2010PropOp28
 70
     1
102
RTVSPost2010Prop29
280
     1
102
RTVSPost2010PropOp29
 70
     1
102
RTVSPost2010Prop30
280
     1
102
RTVSPost2010PropOp30
 70
     1
102
RTVSPost2010Prop31
280
     0
102
RTVSPost2010PropOp31
 70
     1
102
RTVSPost2010Prop32
280
     0
102
RTVSPost2010PropOp32
 70
     1
102
RTVSPost2010Prop33
280
     0
102
RTVSPost2010PropOp33
 70
     1
102
RTVSPost2010Prop34
280
     0
102
RTVSPost2010PropOp34
 70
     1
102
RTVSPost2010Prop35
280
     0
102
RTVSPost2010PropOp35
 70
     1
102
RTVSPost2010Prop36
280
     0
102
RTVSPost2010PropOp36
 70
     1
102
RTVSPost2010Prop37
 90
       50
102
RTVSPost2010PropOp37
 70
     0
102
RTVSPost2010Prop38
140
0.0
102
RTVSPost2010PropOp38
 70
     0
102
RTVSPost2010Prop39
140
1.0
102
RTVSPost2010PropOp39
 70
     0
102
RTVSPost2010Prop40
 90
        0
102
RTVSPost2010PropOp40
 70
     0
102
RTVSPost2010Prop41ColorIndex
 90
       18
102
RTVSPost2010Prop41ColorRGB
 90
        0
102
RTVSPost2010PropOp41
 70
     0
102
RTVSPost2010Prop42
 90
       50
102
RTVSPost2010PropOp42
 70
     0
102
RTVSPost2010Prop43
 90
        3
102
RTVSPost2010PropOp43
 70
     0
102
RTVSPost2010Prop44ColorIndex
 90
        5
102
RTVSPost2010Prop44ColorRGB
 90
      255
102
RTVSPost2010PropOp44
 70
     0
102
RTVSPost2010Prop45
280
     0
102
RTVSPost2010PropOp45
 70
     1
102
RTVSPost2010Prop46
 90
       50
102
RTVSPost2010PropOp46
 70
     0
102
RTVSPost2010Prop47
 90
       50
102
RTVSPost2010PropOp47
 70
     0
102
RTVSPost2010Prop48
 90
       50
102
RTVSPost2010PropOp48
 70
     0
102
RTVSPost2010Prop49
280
     0
102
RTVSPost2010PropOp49
 70
     1
102
RTVSPost2010Prop50
 90
       50
102
RTVSPost2010PropOp50
 70
     0
102
RTVSPost2010Prop51ColorIndex
 90
      256
102
RTVSPost2010Prop51ColorRGB
 90
-16777216
102
RTVSPost2010PropOp51
 70
     0
102
RTVSPost2010Prop52
140
1.0
102
RTVSPost2010PropOp52
 70
     0
102
RTVSPost2010Prop53
 90
        2
102
RTVSPost2010PropOp53
 70
     0
102
RTVSPost2010Prop54
  1
strokes_ogs.tif
102
RTVSPost2010PropOp54
 70
     0
102
RTVSPost2010Prop55
280
     0
102
RTVSPost2010PropOp55
 70
     1
102
RTVSPost2010Prop56
140
1.0
102
RTVSPost2010PropOp56
 70
     0
102
RTVSPost2010Prop57
140
1.0
102
RTVSPost2010PropOp57
 70
     0
102
RTVSPropertyOp0
 70
     0
102
RTVSPropertyOp1
 70
     0
102
RTVSPropertyOp2
 70
     0
102
RTVSPropertyOp3
 70
     0
102
RTVSPropertyOp4
 70
     0
102
RTVSPropertyOp5
 70
     0
102
RTVSPropertyOp6
 70
     0
102
RTVSPropertyOp7
 70
     0
102
RTVSPropertyOp8
 70
     0
102
RTVSPropertyOp9
 70
     0
102
RTVSPropertyOp10
 70
     0
102
RTVSPropertyOp11
 70
     0
102
RTVSPropertyOp12
 70
     0
102
RTVSPropertyOp13
 70
     0
102
RTVSPropertyOp14
 70
     2
102
RTVSPropertyOp15
 70
     0
102
RTVSPropertyOp16
 70
     0
102
RTVSPropertyOp17
 70
     0
102
RTVSPropertyOp18
 70
     0
102
RTVSPropertyOp19
 70
     0
102
RTVSPropertyOp20
 70
     0
102
RTVSPropertyOp21
 70
     0
102
RTVSPropertyOp22
 70
     0
102
RTVSPropertyOp23
 70
     0
102
RTVSPropertyOp24
 70
     0
102
RTVSPropertyOp25
 70
     0
102
RTVSPropertyOp26
 70
     0
102
RTVSPropertyOp27
 70
     0
102
RTVSPropertyOp28
 70
     1
102
RTVSPropertyOp29
 70
     1
102
RTVSPropertyOp30
 70
     1
102
RTVSPropertyOp31
 70
     1
102
RTVSPropertyOp32
 70
     1
102
RTVSPropertyOp33
 70
     1
102
RTVSPropertyOp34
 70
     1
102
RTVSPropertyOp35
 70
     1
102
RTVSPropertyOp36
 70
     1
102
RTVSPropertyOp37
 70
     0
102
RTVSPropertyOp38
 70
     0
102
RTVSPropertyOp39
 70
     0
102
RTVSPropertyOp40
 70
     0
102
RTVSPropertyOp41
 70
     0
102
RTVSPropertyOp42
 70
     0
102
RTVSPropertyOp43
 70
     0
102
RTVSPropertyOp44
 70
     0
102
RTVSPropertyOp45
 70
     1
102
RTVSPropertyOp46
 70
     0
102
RTVSPropertyOp47
 70
     0
102
RTVSPropertyOp48
 70
     0
102
RTVSPropertyOp49
 70
     1
102
RTVSPropertyOp50
 70
     0
102
RTVSPropertyOp51
 70
     0
102
RTVSPropertyOp52
 70
     0
102
RTVSPropertyOp53
 70
     0
102
RTVSPropertyOp54
 70
     0
102
RTVSPropertyOp55
 70
     1
102
RTVSPropertyOp56
 70
     0
102
RTVSPropertyOp57
 70
     0
102
RTVSPropertyOp58
 70
     0
102
RTVSPropertyOp59
 70
     0
102
RTVSPropertyOp60
 70
     0
102
RTVSPropertyOp61
 70
     0
102
RTVSPropertyOp62
 70
     0
  0
XRECORD
  5
6D9
102
{ACAD_REACTORS
330
6D8
102
}
330
6D8
100
AcDbXrecord
280
     1
102
RTVSPost2010Prop28
280
     0
102
RTVSPost2010PropOp28
 70
     1
102
RTVSPost2010Prop29
280
     1
102
RTVSPost2010PropOp29
 70
     1
102
RTVSPost2010Prop30
280
     1
102
RTVSPost2010PropOp30
 70
     1
102
RTVSPost2010Prop31
280
     0
102
RTVSPost2010PropOp31
 70
     1
102
RTVSPost2010Prop32
280
     0
102
RTVSPost2010PropOp32
 70
     1
102
RTVSPost2010Prop33
280
     0
102
RTVSPost2010PropOp33
 70
     1
102
RTVSPost2010Prop34
280
     0
102
RTVSPost2010PropOp34
 70
     1
102
RTVSPost2010Prop35
280
     0
102
RTVSPost2010PropOp35
 70
     1
102
RTVSPost2010Prop36
280
     0
102
RTVSPost2010PropOp36
 70
     1
102
RTVSPost2010Prop37
 90
       50
102
RTVSPost2010PropOp37
 70
     1
102
RTVSPost2010Prop38
140
0.0
102
RTVSPost2010PropOp38
 70
     1
102
RTVSPost2010Prop39
140
1.0
102
RTVSPost2010PropOp39
 70
     1
102
RTVSPost2010Prop40
 90
        0
102
RTVSPost2010PropOp40
 70
     1
102
RTVSPost2010Prop41ColorIndex
 90
       18
102
RTVSPost2010Prop41ColorRGB
 90
        0
102
RTVSPost2010PropOp41
 70
     1
102
RTVSPost2010Prop42
 90
       50
102
RTVSPost2010PropOp42
 70
     1
102
RTVSPost2010Prop43
 90
        3
102
RTVSPost2010PropOp43
 70
     1
102
RTVSPost2010Prop44ColorIndex
 90
        5
102
RTVSPost2010Prop44ColorRGB
 90
      255
102
RTVSPost2010PropOp44
 70
     1
102
RTVSPost2010Prop45
280
     0
102
RTVSPost2010PropOp45
 70
     1
102
RTVSPost2010Prop46
 90
       50
102
RTVSPost2010PropOp46
 70
     1
102
RTVSPost2010Prop47
 90
       50
102
RTVSPost2010PropOp47
 70
     1
102
RTVSPost2010Prop48
 90
       50
102
RTVSPost2010PropOp48
 70
     1
102
RTVSPost2010Prop49
280
     0
102
RTVSPost2010PropOp49
 70
     1
102
RTVSPost2010Prop50
 90
       50
102
RTVSPost2010PropOp50
 70
     1
102
RTVSPost2010Prop51ColorIndex
 90
      256
102
RTVSPost2010Prop51ColorRGB
 90
-16777216
102
RTVSPost2010PropOp51
 70
     0
102
RTVSPost2010Prop52
140
1.0
102
RTVSPost2010PropOp52
 70
     0
102
RTVSPost2010Prop53
 90
        2
102
RTVSPost2010PropOp53
 70
     1
102
RTVSPost2010Prop54
  1
strokes_ogs.tif
102
RTVSPost2010PropOp54
 70
     1
102
RTVSPost2010Prop55
280
     0
102
RTVSPost2010PropOp55
 70
     1
102
RTVSPost2010Prop56
140
1.0
102
RTVSPost2010PropOp56
 70
     1
102
RTVSPost2010Prop57
140
1.0
102
RTVSPost2010PropOp57
 70
     1
102
RTVSPropertyOp0
 70
     1
102
RTVSPropertyOp1
 70
     1
102
RTVSPropertyOp2
 70
     1
102
RTVSPropertyOp3
 70
     1
102
RTVSPropertyOp4
 70
     1
102
RTVSPropertyOp5
 70
     1
102
RTVSPropertyOp6
 70
     1
102
RTVSPropertyOp7
 70
     1
102
RTVSPropertyOp8
 70
     1
102
RTVSPropertyOp9
 70
     1
102
RTVSPropertyOp10
 70
     1
102
RTVSPropertyOp11
 70
     1
102
RTVSPropertyOp12
 70
     1
102
RTVSPropertyOp13
 70
     1
102
RTVSPropertyOp14
 70
     1
102
RTVSPropertyOp15
 70
     1
102
RTVSPropertyOp16
 70
     1
102
RTVSPropertyOp17
 70
     1
102
RTVSPropertyOp18
 70
     1
102
RTVSPropertyOp19
 70
     1
102
RTVSPropertyOp20
 70
     1
102
RTVSPropertyOp21
 70
     1
102
RTVSPropertyOp22
 70
     1
102
RTVSPropertyOp23
 70
     1
102
RTVSPropertyOp24
 70
     1
102
RTVSPropertyOp25
 70
     1
102
RTVSPropertyOp26
 70
     1
102
RTVSPropertyOp27
 70
     1
102
RTVSPropertyOp28
 70
     1
102
RTVSPropertyOp29
 70
     1
102
RTVSPropertyOp30
 70
     1
102
RTVSPropertyOp31
 70
     1
102
RTVSPropertyOp32
 70
     1
102
RTVSPropertyOp33
 70
     1
102
RTVSPropertyOp34
 70
     1
102
RTVSPropertyOp35
 70
     1
102
RTVSPropertyOp36
 70
     1
102
RTVSPropertyOp37
 70
     1
102
RTVSPropertyOp38
 70
     1
102
RTVSPropertyOp39
 70
     1
102
RTVSPropertyOp40
 70
     1
102
RTVSPropertyOp41
 70
     1
102
RTVSPropertyOp42
 70
     1
102
RTVSPropertyOp43
 70
     1
102
RTVSPropertyOp44
 70
     1
102
RTVSPropertyOp45
 70
     1
102
RTVSPropertyOp46
 70
     1
102
RTVSPropertyOp47
 70
     1
102
RTVSPropertyOp48
 70
     1
102
RTVSPropertyOp49
 70
     1
102
RTVSPropertyOp50
 70
     1
102
RTVSPropertyOp51
 70
     0
102
RTVSPropertyOp52
 70
     0
102
RTVSPropertyOp53
 70
     1
102
RTVSPropertyOp54
 70
     1
102
RTVSPropertyOp55
 70
     1
102
RTVSPropertyOp56
 70
     1
102
RTVSPropertyOp57
 70
     1
102
RTVSPropertyOp58
 70
     1
102
RTVSPropertyOp59
 70
     1
102
RTVSPropertyOp60
 70
     1
102
RTVSPropertyOp61
 70
     1
102
RTVSPropertyOp62
 70
     1
  0
XRECORD
  5
6EB
102
{ACAD_REACTORS
330
6EA
102
}
330
6EA
100
AcDbXrecord
280
     1
102
RTVSPost2010Prop28
280
     0
102
RTVSPost2010PropOp28
 70
     1
102
RTVSPost2010Prop29
280
     1
102
RTVSPost2010PropOp29
 70
     1
102
RTVSPost2010Prop30
280
     1
102
RTVSPost2010PropOp30
 70
     1
102
RTVSPost2010Prop31
280
     0
102
RTVSPost2010PropOp31
 70
     1
102
RTVSPost2010Prop32
280
     0
102
RTVSPost2010PropOp32
 70
     1
102
RTVSPost2010Prop33
280
     0
102
RTVSPost2010PropOp33
 70
     1
102
RTVSPost2010Prop34
280
     0
102
RTVSPost2010PropOp34
 70
     1
102
RTVSPost2010Prop35
280
     0
102
RTVSPost2010PropOp35
 70
     1
102
RTVSPost2010Prop36
280
     0
102
RTVSPost2010PropOp36
 70
     1
102
RTVSPost2010Prop37
 90
       50
102
RTVSPost2010PropOp37
 70
     0
102
RTVSPost2010Prop38
140
0.0
102
RTVSPost2010PropOp38
 70
     0
102
RTVSPost2010Prop39
140
1.0
102
RTVSPost2010PropOp39
 70
     0
102
RTVSPost2010Prop40
 90
        0
102
RTVSPost2010PropOp40
 70
     0
102
RTVSPost2010Prop41ColorIndex
 90
       18
102
RTVSPost2010Prop41ColorRGB
 90
        0
102
RTVSPost2010PropOp41
 70
     0
102
RTVSPost2010Prop42
 90
       50
102
RTVSPost2010PropOp42
 70
     0
102
RTVSPost2010Prop43
 90
        3
102
RTVSPost2010PropOp43
 70
     0
102
RTVSPost2010Prop44ColorIndex
 90
        5
102
RTVSPost2010Prop44ColorRGB
 90
      255
102
RTVSPost2010PropOp44
 70
     0
102
RTVSPost2010Prop45
280
     0
102
RTVSPost2010PropOp45
 70
     1
102
RTVSPost2010Prop46
 90
       50
102
RTVSPost2010PropOp46
 70
     0
102
RTVSPost2010Prop47
 90
       50
102
RTVSPost2010PropOp47
 70
     0
102
RTVSPost2010Prop48
 90
       50
102
RTVSPost2010PropOp48
 70
     0
102
RTVSPost2010Prop49
280
     0
102
RTVSPost2010PropOp49
 70
     1
102
RTVSPost2010Prop50
 90
       50
102
RTVSPost2010PropOp50
 70
     0
102
RTVSPost2010Prop51ColorIndex
 90
      256
102
RTVSPost2010Prop51ColorRGB
 90
-16777216
102
RTVSPost2010PropOp51
 70
     0
102
RTVSPost2010Prop52
140
1.0
102
RTVSPost2010PropOp52
 70
     0
102
RTVSPost2010Prop53
 90
        2
102
RTVSPost2010PropOp53
 70
     0
102
RTVSPost2010Prop54
  1
strokes_ogs.tif
102
RTVSPost2010PropOp54
 70
     0
102
RTVSPost2010Prop55
280
     0
102
RTVSPost2010PropOp55
 70
     1
102
RTVSPost2010Prop56
140
1.0
102
RTVSPost2010PropOp56
 70
     0
102
RTVSPost2010Prop57
140
1.0
102
RTVSPost2010PropOp57
 70
     0
102
RTVSPropertyOp0
 70
     0
102
RTVSPropertyOp1
 70
     0
102
RTVSPropertyOp2
 70
     0
102
RTVSPropertyOp3
 70
     0
102
RTVSPropertyOp4
 70
     0
102
RTVSPropertyOp5
 70
     0
102
RTVSPropertyOp6
 70
     0
102
RTVSPropertyOp7
 70
     0
102
RTVSPropertyOp8
 70
     0
102
RTVSPropertyOp9
 70
     0
102
RTVSPropertyOp10
 70
     0
102
RTVSPropertyOp11
 70
     0
102
RTVSPropertyOp12
 70
     0
102
RTVSPropertyOp13
 70
     0
102
RTVSPropertyOp14
 70
     2
102
RTVSPropertyOp15
 70
     0
102
RTVSPropertyOp16
 70
     0
102
RTVSPropertyOp17
 70
     0
102
RTVSPropertyOp18
 70
     0
102
RTVSPropertyOp19
 70
     0
102
RTVSPropertyOp20
 70
     0
102
RTVSPropertyOp21
 70
     0
102
RTVSPropertyOp22
 70
     0
102
RTVSPropertyOp23
 70
     0
102
RTVSPropertyOp24
 70
     0
102
RTVSPropertyOp25
 70
     0
102
RTVSPropertyOp26
 70
     0
102
RTVSPropertyOp27
 70
     0
102
RTVSPropertyOp28
 70
     1
102
RTVSPropertyOp29
 70
     1
102
RTVSPropertyOp30
 70
     1
102
RTVSPropertyOp31
 70
     1
102
RTVSPropertyOp32
 70
     1
102
RTVSPropertyOp33
 70
     1
102
RTVSPropertyOp34
 70
     1
102
RTVSPropertyOp35
 70
     1
102
RTVSPropertyOp36
 70
     1
102
RTVSPropertyOp37
 70
     0
102
RTVSPropertyOp38
 70
     0
102
RTVSPropertyOp39
 70
     0
102
RTVSPropertyOp40
 70
     0
102
RTVSPropertyOp41
 70
     0
102
RTVSPropertyOp42
 70
     0
102
RTVSPropertyOp43
 70
     0
102
RTVSPropertyOp44
 70
     0
102
RTVSPropertyOp45
 70
     1
102
RTVSPropertyOp46
 70
     0
102
RTVSPropertyOp47
 70
     0
102
RTVSPropertyOp48
 70
     0
102
RTVSPropertyOp49
 70
     1
102
RTVSPropertyOp50
 70
     0
102
RTVSPropertyOp51
 70
     0
102
RTVSPropertyOp52
 70
     0
102
RTVSPropertyOp53
 70
     0
102
RTVSPropertyOp54
 70
     0
102
RTVSPropertyOp55
 70
     1
102
RTVSPropertyOp56
 70
     0
102
RTVSPropertyOp57
 70
     0
102
RTVSPropertyOp58
 70
     0
102
RTVSPropertyOp59
 70
     0
102
RTVSPropertyOp60
 70
     0
102
RTVSPropertyOp61
 70
     0
102
RTVSPropertyOp62
 70
     0
  0
XRECORD
  5
6D1
102
{ACAD_REACTORS
330
6D0
102
}
330
6D0
100
AcDbXrecord
280
     1
102
RTVSPost2010Prop28
280
     0
102
RTVSPost2010PropOp28
 70
     1
102
RTVSPost2010Prop29
280
     1
102
RTVSPost2010PropOp29
 70
     1
102
RTVSPost2010Prop30
280
     1
102
RTVSPost2010PropOp30
 70
     1
102
RTVSPost2010Prop31
280
     0
102
RTVSPost2010PropOp31
 70
     1
102
RTVSPost2010Prop32
280
     0
102
RTVSPost2010PropOp32
 70
     1
102
RTVSPost2010Prop33
280
     0
102
RTVSPost2010PropOp33
 70
     1
102
RTVSPost2010Prop34
280
     0
102
RTVSPost2010PropOp34
 70
     1
102
RTVSPost2010Prop35
280
     0
102
RTVSPost2010PropOp35
 70
     1
102
RTVSPost2010Prop36
280
     0
102
RTVSPost2010PropOp36
 70
     1
102
RTVSPost2010Prop37
 90
       50
102
RTVSPost2010PropOp37
 70
     1
102
RTVSPost2010Prop38
140
0.0
102
RTVSPost2010PropOp38
 70
     1
102
RTVSPost2010Prop39
140
1.0
102
RTVSPost2010PropOp39
 70
     1
102
RTVSPost2010Prop40
 90
        0
102
RTVSPost2010PropOp40
 70
     1
102
RTVSPost2010Prop41ColorIndex
 90
       18
102
RTVSPost2010Prop41ColorRGB
 90
        0
102
RTVSPost2010PropOp41
 70
     1
102
RTVSPost2010Prop42
 90
       50
102
RTVSPost2010PropOp42
 70
     1
102
RTVSPost2010Prop43
 90
        3
102
RTVSPost2010PropOp43
 70
     1
102
RTVSPost2010Prop44ColorIndex
 90
        5
102
RTVSPost2010Prop44ColorRGB
 90
      255
102
RTVSPost2010PropOp44
 70
     1
102
RTVSPost2010Prop45
280
     0
102
RTVSPost2010PropOp45
 70
     1
102
RTVSPost2010Prop46
 90
       50
102
RTVSPost2010PropOp46
 70
     1
102
RTVSPost2010Prop47
 90
       50
102
RTVSPost2010PropOp47
 70
     1
102
RTVSPost2010Prop48
 90
       50
102
RTVSPost2010PropOp48
 70
     1
102
RTVSPost2010Prop49
280
     0
102
RTVSPost2010PropOp49
 70
     1
102
RTVSPost2010Prop50
 90
       50
102
RTVSPost2010PropOp50
 70
     1
102
RTVSPost2010Prop51ColorIndex
 90
      256
102
RTVSPost2010Prop51ColorRGB
 90
-16777216
102
RTVSPost2010PropOp51
 70
     0
102
RTVSPost2010Prop52
140
1.0
102
RTVSPost2010PropOp52
 70
     0
102
RTVSPost2010Prop53
 90
        2
102
RTVSPost2010PropOp53
 70
     1
102
RTVSPost2010Prop54
  1
strokes_ogs.tif
102
RTVSPost2010PropOp54
 70
     1
102
RTVSPost2010Prop55
280
     0
102
RTVSPost2010PropOp55
 70
     1
102
RTVSPost2010Prop56
140
1.0
102
RTVSPost2010PropOp56
 70
     1
102
RTVSPost2010Prop57
140
1.0
102
RTVSPost2010PropOp57
 70
     1
102
RTVSPropertyOp0
 70
     1
102
RTVSPropertyOp1
 70
     1
102
RTVSPropertyOp2
 70
     1
102
RTVSPropertyOp3
 70
     1
102
RTVSPropertyOp4
 70
     1
102
RTVSPropertyOp5
 70
     1
102
RTVSPropertyOp6
 70
     1
102
RTVSPropertyOp7
 70
     1
102
RTVSPropertyOp8
 70
     1
102
RTVSPropertyOp9
 70
     1
102
RTVSPropertyOp10
 70
     1
102
RTVSPropertyOp11
 70
     1
102
RTVSPropertyOp12
 70
     1
102
RTVSPropertyOp13
 70
     1
102
RTVSPropertyOp14
 70
     1
102
RTVSPropertyOp15
 70
     1
102
RTVSPropertyOp16
 70
     1
102
RTVSPropertyOp17
 70
     1
102
RTVSPropertyOp18
 70
     1
102
RTVSPropertyOp19
 70
     1
102
RTVSPropertyOp20
 70
     1
102
RTVSPropertyOp21
 70
     1
102
RTVSPropertyOp22
 70
     1
102
RTVSPropertyOp23
 70
     1
102
RTVSPropertyOp24
 70
     1
102
RTVSPropertyOp25
 70
     1
102
RTVSPropertyOp26
 70
     1
102
RTVSPropertyOp27
 70
     1
102
RTVSPropertyOp28
 70
     1
102
RTVSPropertyOp29
 70
     1
102
RTVSPropertyOp30
 70
     1
102
RTVSPropertyOp31
 70
     1
102
RTVSPropertyOp32
 70
     1
102
RTVSPropertyOp33
 70
     1
102
RTVSPropertyOp34
 70
     1
102
RTVSPropertyOp35
 70
     1
102
RTVSPropertyOp36
 70
     1
102
RTVSPropertyOp37
 70
     1
102
RTVSPropertyOp38
 70
     1
102
RTVSPropertyOp39
 70
     1
102
RTVSPropertyOp40
 70
     1
102
RTVSPropertyOp41
 70
     1
102
RTVSPropertyOp42
 70
     1
102
RTVSPropertyOp43
 70
     1
102
RTVSPropertyOp44
 70
     1
102
RTVSPropertyOp45
 70
     1
102
RTVSPropertyOp46
 70
     1
102
RTVSPropertyOp47
 70
     1
102
RTVSPropertyOp48
 70
     1
102
RTVSPropertyOp49
 70
     1
102
RTVSPropertyOp50
 70
     1
102
RTVSPropertyOp51
 70
     0
102
RTVSPropertyOp52
 70
     0
102
RTVSPropertyOp53
 70
     1
102
RTVSPropertyOp54
 70
     1
102
RTVSPropertyOp55
 70
     1
102
RTVSPropertyOp56
 70
     1
102
RTVSPropertyOp57
 70
     1
102
RTVSPropertyOp58
 70
     1
102
RTVSPropertyOp59
 70
     1
102
RTVSPropertyOp60
 70
     1
102
RTVSPropertyOp61
 70
     1
102
RTVSPropertyOp62
 70
     1
  0
XRECORD
  5
6E7
102
{ACAD_REACTORS
330
6E6
102
}
330
6E6
100
AcDbXrecord
280
     1
102
RTVSPost2010Prop28
280
     0
102
RTVSPost2010PropOp28
 70
     1
102
RTVSPost2010Prop29
280
     1
102
RTVSPost2010PropOp29
 70
     1
102
RTVSPost2010Prop30
280
     1
102
RTVSPost2010PropOp30
 70
     1
102
RTVSPost2010Prop31
280
     0
102
RTVSPost2010PropOp31
 70
     1
102
RTVSPost2010Prop32
280
     0
102
RTVSPost2010PropOp32
 70
     1
102
RTVSPost2010Prop33
280
     0
102
RTVSPost2010PropOp33
 70
     1
102
RTVSPost2010Prop34
280
     0
102
RTVSPost2010PropOp34
 70
     1
102
RTVSPost2010Prop35
280
     0
102
RTVSPost2010PropOp35
 70
     1
102
RTVSPost2010Prop36
280
     0
102
RTVSPost2010PropOp36
 70
     1
102
RTVSPost2010Prop37
 90
       50
102
RTVSPost2010PropOp37
 70
     1
102
RTVSPost2010Prop38
140
0.0
102
RTVSPost2010PropOp38
 70
     1
102
RTVSPost2010Prop39
140
1.0
102
RTVSPost2010PropOp39
 70
     1
102
RTVSPost2010Prop40
 90
        0
102
RTVSPost2010PropOp40
 70
     1
102
RTVSPost2010Prop41ColorIndex
 90
       18
102
RTVSPost2010Prop41ColorRGB
 90
        0
102
RTVSPost2010PropOp41
 70
     1
102
RTVSPost2010Prop42
 90
       50
102
RTVSPost2010PropOp42
 70
     1
102
RTVSPost2010Prop43
 90
        3
102
RTVSPost2010PropOp43
 70
     1
102
RTVSPost2010Prop44ColorIndex
 90
        5
102
RTVSPost2010Prop44ColorRGB
 90
      255
102
RTVSPost2010PropOp44
 70
     1
102
RTVSPost2010Prop45
280
     0
102
RTVSPost2010PropOp45
 70
     1
102
RTVSPost2010Prop46
 90
       50
102
RTVSPost2010PropOp46
 70
     1
102
RTVSPost2010Prop47
 90
       50
102
RTVSPost2010PropOp47
 70
     1
102
RTVSPost2010Prop48
 90
       50
102
RTVSPost2010PropOp48
 70
     1
102
RTVSPost2010Prop49
280
     0
102
RTVSPost2010PropOp49
 70
     1
102
RTVSPost2010Prop50
 90
       50
102
RTVSPost2010PropOp50
 70
     1
102
RTVSPost2010Prop51ColorIndex
 90
      256
102
RTVSPost2010Prop51ColorRGB
 90
-16777216
102
RTVSPost2010PropOp51
 70
     0
102
RTVSPost2010Prop52
140
1.0
102
RTVSPost2010PropOp52
 70
     0
102
RTVSPost2010Prop53
 90
        2
102
RTVSPost2010PropOp53
 70
     1
102
RTVSPost2010Prop54
  1
strokes_ogs.tif
102
RTVSPost2010PropOp54
 70
     1
102
RTVSPost2010Prop55
280
     0
102
RTVSPost2010PropOp55
 70
     1
102
RTVSPost2010Prop56
140
1.0
102
RTVSPost2010PropOp56
 70
     1
102
RTVSPost2010Prop57
140
1.0
102
RTVSPost2010PropOp57
 70
     1
102
RTVSPropertyOp0
 70
     1
102
RTVSPropertyOp1
 70
     1
102
RTVSPropertyOp2
 70
     1
102
RTVSPropertyOp3
 70
     1
102
RTVSPropertyOp4
 70
     1
102
RTVSPropertyOp5
 70
     1
102
RTVSPropertyOp6
 70
     1
102
RTVSPropertyOp7
 70
     1
102
RTVSPropertyOp8
 70
     1
102
RTVSPropertyOp9
 70
     1
102
RTVSPropertyOp10
 70
     1
102
RTVSPropertyOp11
 70
     1
102
RTVSPropertyOp12
 70
     1
102
RTVSPropertyOp13
 70
     1
102
RTVSPropertyOp14
 70
     1
102
RTVSPropertyOp15
 70
     1
102
RTVSPropertyOp16
 70
     1
102
RTVSPropertyOp17
 70
     1
102
RTVSPropertyOp18
 70
     1
102
RTVSPropertyOp19
 70
     1
102
RTVSPropertyOp20
 70
     1
102
RTVSPropertyOp21
 70
     1
102
RTVSPropertyOp22
 70
     1
102
RTVSPropertyOp23
 70
     1
102
RTVSPropertyOp24
 70
     1
102
RTVSPropertyOp25
 70
     1
102
RTVSPropertyOp26
 70
     1
102
RTVSPropertyOp27
 70
     1
102
RTVSPropertyOp28
 70
     1
102
RTVSPropertyOp29
 70
     1
102
RTVSPropertyOp30
 70
     1
102
RTVSPropertyOp31
 70
     1
102
RTVSPropertyOp32
 70
     1
102
RTVSPropertyOp33
 70
     1
102
RTVSPropertyOp34
 70
     1
102
RTVSPropertyOp35
 70
     1
102
RTVSPropertyOp36
 70
     1
102
RTVSPropertyOp37
 70
     1
102
RTVSPropertyOp38
 70
     1
102
RTVSPropertyOp39
 70
     1
102
RTVSPropertyOp40
 70
     1
102
RTVSPropertyOp41
 70
     1
102
RTVSPropertyOp42
 70
     1
102
RTVSPropertyOp43
 70
     1
102
RTVSPropertyOp44
 70
     1
102
RTVSPropertyOp45
 70
     1
102
RTVSPropertyOp46
 70
     1
102
RTVSPropertyOp47
 70
     1
102
RTVSPropertyOp48
 70
     1
102
RTVSPropertyOp49
 70
     1
102
RTVSPropertyOp50
 70
     1
102
RTVSPropertyOp51
 70
     0
102
RTVSPropertyOp52
 70
     0
102
RTVSPropertyOp53
 70
     1
102
RTVSPropertyOp54
 70
     1
102
RTVSPropertyOp55
 70
     1
102
RTVSPropertyOp56
 70
     1
102
RTVSPropertyOp57
 70
     1
102
RTVSPropertyOp58
 70
     1
102
RTVSPropertyOp59
 70
     1
102
RTVSPropertyOp60
 70
     1
102
RTVSPropertyOp61
 70
     1
102
RTVSPropertyOp62
 70
     1
  0
XRECORD
  5
6E5
102
{ACAD_REACTORS
330
6E4
102
}
330
6E4
100
AcDbXrecord
280
     1
102
RTVSPost2010Prop28
280
     0
102
RTVSPost2010PropOp28
 70
     1
102
RTVSPost2010Prop29
280
     1
102
RTVSPost2010PropOp29
 70
     1
102
RTVSPost2010Prop30
280
     1
102
RTVSPost2010PropOp30
 70
     1
102
RTVSPost2010Prop31
280
     0
102
RTVSPost2010PropOp31
 70
     1
102
RTVSPost2010Prop32
280
     0
102
RTVSPost2010PropOp32
 70
     1
102
RTVSPost2010Prop33
280
     0
102
RTVSPost2010PropOp33
 70
     1
102
RTVSPost2010Prop34
280
     0
102
RTVSPost2010PropOp34
 70
     1
102
RTVSPost2010Prop35
280
     0
102
RTVSPost2010PropOp35
 70
     1
102
RTVSPost2010Prop36
280
     0
102
RTVSPost2010PropOp36
 70
     1
102
RTVSPost2010Prop37
 90
       50
102
RTVSPost2010PropOp37
 70
     1
102
RTVSPost2010Prop38
140
0.0
102
RTVSPost2010PropOp38
 70
     1
102
RTVSPost2010Prop39
140
1.0
102
RTVSPost2010PropOp39
 70
     1
102
RTVSPost2010Prop40
 90
        0
102
RTVSPost2010PropOp40
 70
     1
102
RTVSPost2010Prop41ColorIndex
 90
       18
102
RTVSPost2010Prop41ColorRGB
 90
        0
102
RTVSPost2010PropOp41
 70
     1
102
RTVSPost2010Prop42
 90
       50
102
RTVSPost2010PropOp42
 70
     1
102
RTVSPost2010Prop43
 90
        3
102
RTVSPost2010PropOp43
 70
     1
102
RTVSPost2010Prop44ColorIndex
 90
        5
102
RTVSPost2010Prop44ColorRGB
 90
      255
102
RTVSPost2010PropOp44
 70
     1
102
RTVSPost2010Prop45
280
     0
102
RTVSPost2010PropOp45
 70
     1
102
RTVSPost2010Prop46
 90
       50
102
RTVSPost2010PropOp46
 70
     1
102
RTVSPost2010Prop47
 90
       50
102
RTVSPost2010PropOp47
 70
     1
102
RTVSPost2010Prop48
 90
       50
102
RTVSPost2010PropOp48
 70
     1
102
RTVSPost2010Prop49
280
     0
102
RTVSPost2010PropOp49
 70
     1
102
RTVSPost2010Prop50
 90
       50
102
RTVSPost2010PropOp50
 70
     1
102
RTVSPost2010Prop51ColorIndex
 90
      256
102
RTVSPost2010Prop51ColorRGB
 90
-16777216
102
RTVSPost2010PropOp51
 70
     0
102
RTVSPost2010Prop52
140
1.0
102
RTVSPost2010PropOp52
 70
     0
102
RTVSPost2010Prop53
 90
        2
102
RTVSPost2010PropOp53
 70
     1
102
RTVSPost2010Prop54
  1
strokes_ogs.tif
102
RTVSPost2010PropOp54
 70
     1
102
RTVSPost2010Prop55
280
     0
102
RTVSPost2010PropOp55
 70
     1
102
RTVSPost2010Prop56
140
1.0
102
RTVSPost2010PropOp56
 70
     1
102
RTVSPost2010Prop57
140
1.0
102
RTVSPost2010PropOp57
 70
     1
102
RTVSPropertyOp0
 70
     1
102
RTVSPropertyOp1
 70
     1
102
RTVSPropertyOp2
 70
     1
102
RTVSPropertyOp3
 70
     1
102
RTVSPropertyOp4
 70
     1
102
RTVSPropertyOp5
 70
     1
102
RTVSPropertyOp6
 70
     1
102
RTVSPropertyOp7
 70
     1
102
RTVSPropertyOp8
 70
     1
102
RTVSPropertyOp9
 70
     1
102
RTVSPropertyOp10
 70
     1
102
RTVSPropertyOp11
 70
     1
102
RTVSPropertyOp12
 70
     1
102
RTVSPropertyOp13
 70
     1
102
RTVSPropertyOp14
 70
     1
102
RTVSPropertyOp15
 70
     1
102
RTVSPropertyOp16
 70
     1
102
RTVSPropertyOp17
 70
     1
102
RTVSPropertyOp18
 70
     1
102
RTVSPropertyOp19
 70
     1
102
RTVSPropertyOp20
 70
     1
102
RTVSPropertyOp21
 70
     1
102
RTVSPropertyOp22
 70
     1
102
RTVSPropertyOp23
 70
     1
102
RTVSPropertyOp24
 70
     1
102
RTVSPropertyOp25
 70
     1
102
RTVSPropertyOp26
 70
     1
102
RTVSPropertyOp27
 70
     1
102
RTVSPropertyOp28
 70
     1
102
RTVSPropertyOp29
 70
     1
102
RTVSPropertyOp30
 70
     1
102
RTVSPropertyOp31
 70
     1
102
RTVSPropertyOp32
 70
     1
102
RTVSPropertyOp33
 70
     1
102
RTVSPropertyOp34
 70
     1
102
RTVSPropertyOp35
 70
     1
102
RTVSPropertyOp36
 70
     1
102
RTVSPropertyOp37
 70
     1
102
RTVSPropertyOp38
 70
     1
102
RTVSPropertyOp39
 70
     1
102
RTVSPropertyOp40
 70
     1
102
RTVSPropertyOp41
 70
     1
102
RTVSPropertyOp42
 70
     1
102
RTVSPropertyOp43
 70
     1
102
RTVSPropertyOp44
 70
     1
102
RTVSPropertyOp45
 70
     1
102
RTVSPropertyOp46
 70
     1
102
RTVSPropertyOp47
 70
     1
102
RTVSPropertyOp48
 70
     1
102
RTVSPropertyOp49
 70
     1
102
RTVSPropertyOp50
 70
     1
102
RTVSPropertyOp51
 70
     0
102
RTVSPropertyOp52
 70
     0
102
RTVSPropertyOp53
 70
     1
102
RTVSPropertyOp54
 70
     1
102
RTVSPropertyOp55
 70
     1
102
RTVSPropertyOp56
 70
     1
102
RTVSPropertyOp57
 70
     1
102
RTVSPropertyOp58
 70
     1
102
RTVSPropertyOp59
 70
     1
102
RTVSPropertyOp60
 70
     1
102
RTVSPropertyOp61
 70
     1
102
RTVSPropertyOp62
 70
     1
  0
XRECORD
  5
6DF
102
{ACAD_REACTORS
330
6DE
102
}
330
6DE
100
AcDbXrecord
280
     1
102
RTVSPost2010Prop28
280
     0
102
RTVSPost2010PropOp28
 70
     1
102
RTVSPost2010Prop29
280
     1
102
RTVSPost2010PropOp29
 70
     1
102
RTVSPost2010Prop30
280
     1
102
RTVSPost2010PropOp30
 70
     1
102
RTVSPost2010Prop31
280
     0
102
RTVSPost2010PropOp31
 70
     1
102
RTVSPost2010Prop32
280
     0
102
RTVSPost2010PropOp32
 70
     1
102
RTVSPost2010Prop33
280
     0
102
RTVSPost2010PropOp33
 70
     1
102
RTVSPost2010Prop34
280
     0
102
RTVSPost2010PropOp34
 70
     1
102
RTVSPost2010Prop35
280
     0
102
RTVSPost2010PropOp35
 70
     1
102
RTVSPost2010Prop36
280
     0
102
RTVSPost2010PropOp36
 70
     1
102
RTVSPost2010Prop37
 90
       50
102
RTVSPost2010PropOp37
 70
     1
102
RTVSPost2010Prop38
140
0.0
102
RTVSPost2010PropOp38
 70
     1
102
RTVSPost2010Prop39
140
1.0
102
RTVSPost2010PropOp39
 70
     1
102
RTVSPost2010Prop40
 90
        0
102
RTVSPost2010PropOp40
 70
     1
102
RTVSPost2010Prop41ColorIndex
 90
       18
102
RTVSPost2010Prop41ColorRGB
 90
        0
102
RTVSPost2010PropOp41
 70
     1
102
RTVSPost2010Prop42
 90
       50
102
RTVSPost2010PropOp42
 70
     1
102
RTVSPost2010Prop43
 90
        3
102
RTVSPost2010PropOp43
 70
     1
102
RTVSPost2010Prop44ColorIndex
 90
        5
102
RTVSPost2010Prop44ColorRGB
 90
      255
102
RTVSPost2010PropOp44
 70
     1
102
RTVSPost2010Prop45
280
     0
102
RTVSPost2010PropOp45
 70
     1
102
RTVSPost2010Prop46
 90
       50
102
RTVSPost2010PropOp46
 70
     1
102
RTVSPost2010Prop47
 90
       50
102
RTVSPost2010PropOp47
 70
     1
102
RTVSPost2010Prop48
 90
       50
102
RTVSPost2010PropOp48
 70
     1
102
RTVSPost2010Prop49
280
     0
102
RTVSPost2010PropOp49
 70
     1
102
RTVSPost2010Prop50
 90
       50
102
RTVSPost2010PropOp50
 70
     1
102
RTVSPost2010Prop51ColorIndex
 90
      256
102
RTVSPost2010Prop51ColorRGB
 90
-16777216
102
RTVSPost2010PropOp51
 70
     0
102
RTVSPost2010Prop52
140
1.0
102
RTVSPost2010PropOp52
 70
     0
102
RTVSPost2010Prop53
 90
        2
102
RTVSPost2010PropOp53
 70
     1
102
RTVSPost2010Prop54
  1
strokes_ogs.tif
102
RTVSPost2010PropOp54
 70
     1
102
RTVSPost2010Prop55
280
     0
102
RTVSPost2010PropOp55
 70
     1
102
RTVSPost2010Prop56
140
1.0
102
RTVSPost2010PropOp56
 70
     1
102
RTVSPost2010Prop57
140
1.0
102
RTVSPost2010PropOp57
 70
     1
102
RTVSPropertyOp0
 70
     1
102
RTVSPropertyOp1
 70
     1
102
RTVSPropertyOp2
 70
     1
102
RTVSPropertyOp3
 70
     1
102
RTVSPropertyOp4
 70
     1
102
RTVSPropertyOp5
 70
     1
102
RTVSPropertyOp6
 70
     1
102
RTVSPropertyOp7
 70
     1
102
RTVSPropertyOp8
 70
     1
102
RTVSPropertyOp9
 70
     1
102
RTVSPropertyOp10
 70
     1
102
RTVSPropertyOp11
 70
     1
102
RTVSPropertyOp12
 70
     1
102
RTVSPropertyOp13
 70
     1
102
RTVSPropertyOp14
 70
     1
102
RTVSPropertyOp15
 70
     1
102
RTVSPropertyOp16
 70
     1
102
RTVSPropertyOp17
 70
     1
102
RTVSPropertyOp18
 70
     1
102
RTVSPropertyOp19
 70
     1
102
RTVSPropertyOp20
 70
     1
102
RTVSPropertyOp21
 70
     1
102
RTVSPropertyOp22
 70
     1
102
RTVSPropertyOp23
 70
     1
102
RTVSPropertyOp24
 70
     1
102
RTVSPropertyOp25
 70
     1
102
RTVSPropertyOp26
 70
     1
102
RTVSPropertyOp27
 70
     1
102
RTVSPropertyOp28
 70
     1
102
RTVSPropertyOp29
 70
     1
102
RTVSPropertyOp30
 70
     1
102
RTVSPropertyOp31
 70
     1
102
RTVSPropertyOp32
 70
     1
102
RTVSPropertyOp33
 70
     1
102
RTVSPropertyOp34
 70
     1
102
RTVSPropertyOp35
 70
     1
102
RTVSPropertyOp36
 70
     1
102
RTVSPropertyOp37
 70
     1
102
RTVSPropertyOp38
 70
     1
102
RTVSPropertyOp39
 70
     1
102
RTVSPropertyOp40
 70
     1
102
RTVSPropertyOp41
 70
     1
102
RTVSPropertyOp42
 70
     1
102
RTVSPropertyOp43
 70
     1
102
RTVSPropertyOp44
 70
     1
102
RTVSPropertyOp45
 70
     1
102
RTVSPropertyOp46
 70
     1
102
RTVSPropertyOp47
 70
     1
102
RTVSPropertyOp48
 70
     1
102
RTVSPropertyOp49
 70
     1
102
RTVSPropertyOp50
 70
     1
102
RTVSPropertyOp51
 70
     0
102
RTVSPropertyOp52
 70
     0
102
RTVSPropertyOp53
 70
     1
102
RTVSPropertyOp54
 70
     1
102
RTVSPropertyOp55
 70
     1
102
RTVSPropertyOp56
 70
     1
102
RTVSPropertyOp57
 70
     1
102
RTVSPropertyOp58
 70
     1
102
RTVSPropertyOp59
 70
     1
102
RTVSPropertyOp60
 70
     1
102
RTVSPropertyOp61
 70
     1
102
RTVSPropertyOp62
 70
     1
  0
XRECORD
  5
6E1
102
{ACAD_REACTORS
330
6E0
102
}
330
6E0
100
AcDbXrecord
280
     1
102
RTVSPost2010Prop28
280
     0
102
RTVSPost2010PropOp28
 70
     1
102
RTVSPost2010Prop29
280
     1
102
RTVSPost2010PropOp29
 70
     1
102
RTVSPost2010Prop30
280
     1
102
RTVSPost2010PropOp30
 70
     1
102
RTVSPost2010Prop31
280
     0
102
RTVSPost2010PropOp31
 70
     1
102
RTVSPost2010Prop32
280
     0
102
RTVSPost2010PropOp32
 70
     1
102
RTVSPost2010Prop33
280
     0
102
RTVSPost2010PropOp33
 70
     1
102
RTVSPost2010Prop34
280
     0
102
RTVSPost2010PropOp34
 70
     1
102
RTVSPost2010Prop35
280
     0
102
RTVSPost2010PropOp35
 70
     1
102
RTVSPost2010Prop36
280
     0
102
RTVSPost2010PropOp36
 70
     1
102
RTVSPost2010Prop37
 90
       50
102
RTVSPost2010PropOp37
 70
     1
102
RTVSPost2010Prop38
140
0.0
102
RTVSPost2010PropOp38
 70
     1
102
RTVSPost2010Prop39
140
1.0
102
RTVSPost2010PropOp39
 70
     1
102
RTVSPost2010Prop40
 90
        0
102
RTVSPost2010PropOp40
 70
     1
102
RTVSPost2010Prop41ColorIndex
 90
       18
102
RTVSPost2010Prop41ColorRGB
 90
        0
102
RTVSPost2010PropOp41
 70
     1
102
RTVSPost2010Prop42
 90
       50
102
RTVSPost2010PropOp42
 70
     1
102
RTVSPost2010Prop43
 90
        3
102
RTVSPost2010PropOp43
 70
     1
102
RTVSPost2010Prop44ColorIndex
 90
        5
102
RTVSPost2010Prop44ColorRGB
 90
      255
102
RTVSPost2010PropOp44
 70
     1
102
RTVSPost2010Prop45
280
     0
102
RTVSPost2010PropOp45
 70
     1
102
RTVSPost2010Prop46
 90
       50
102
RTVSPost2010PropOp46
 70
     1
102
RTVSPost2010Prop47
 90
       50
102
RTVSPost2010PropOp47
 70
     1
102
RTVSPost2010Prop48
 90
       50
102
RTVSPost2010PropOp48
 70
     1
102
RTVSPost2010Prop49
280
     0
102
RTVSPost2010PropOp49
 70
     1
102
RTVSPost2010Prop50
 90
       50
102
RTVSPost2010PropOp50
 70
     1
102
RTVSPost2010Prop51ColorIndex
 90
      256
102
RTVSPost2010Prop51ColorRGB
 90
-16777216
102
RTVSPost2010PropOp51
 70
     0
102
RTVSPost2010Prop52
140
1.0
102
RTVSPost2010PropOp52
 70
     0
102
RTVSPost2010Prop53
 90
        2
102
RTVSPost2010PropOp53
 70
     1
102
RTVSPost2010Prop54
  1
strokes_ogs.tif
102
RTVSPost2010PropOp54
 70
     1
102
RTVSPost2010Prop55
280
     0
102
RTVSPost2010PropOp55
 70
     1
102
RTVSPost2010Prop56
140
1.0
102
RTVSPost2010PropOp56
 70
     1
102
RTVSPost2010Prop57
140
1.0
102
RTVSPost2010PropOp57
 70
     1
102
RTVSPropertyOp0
 70
     1
102
RTVSPropertyOp1
 70
     1
102
RTVSPropertyOp2
 70
     1
102
RTVSPropertyOp3
 70
     1
102
RTVSPropertyOp4
 70
     1
102
RTVSPropertyOp5
 70
     1
102
RTVSPropertyOp6
 70
     1
102
RTVSPropertyOp7
 70
     1
102
RTVSPropertyOp8
 70
     1
102
RTVSPropertyOp9
 70
     1
102
RTVSPropertyOp10
 70
     1
102
RTVSPropertyOp11
 70
     1
102
RTVSPropertyOp12
 70
     1
102
RTVSPropertyOp13
 70
     1
102
RTVSPropertyOp14
 70
     1
102
RTVSPropertyOp15
 70
     1
102
RTVSPropertyOp16
 70
     1
102
RTVSPropertyOp17
 70
     1
102
RTVSPropertyOp18
 70
     1
102
RTVSPropertyOp19
 70
     1
102
RTVSPropertyOp20
 70
     1
102
RTVSPropertyOp21
 70
     1
102
RTVSPropertyOp22
 70
     1
102
RTVSPropertyOp23
 70
     1
102
RTVSPropertyOp24
 70
     1
102
RTVSPropertyOp25
 70
     1
102
RTVSPropertyOp26
 70
     1
102
RTVSPropertyOp27
 70
     1
102
RTVSPropertyOp28
 70
     1
102
RTVSPropertyOp29
 70
     1
102
RTVSPropertyOp30
 70
     1
102
RTVSPropertyOp31
 70
     1
102
RTVSPropertyOp32
 70
     1
102
RTVSPropertyOp33
 70
     1
102
RTVSPropertyOp34
 70
     1
102
RTVSPropertyOp35
 70
     1
102
RTVSPropertyOp36
 70
     1
102
RTVSPropertyOp37
 70
     1
102
RTVSPropertyOp38
 70
     1
102
RTVSPropertyOp39
 70
     1
102
RTVSPropertyOp40
 70
     1
102
RTVSPropertyOp41
 70
     1
102
RTVSPropertyOp42
 70
     1
102
RTVSPropertyOp43
 70
     1
102
RTVSPropertyOp44
 70
     1
102
RTVSPropertyOp45
 70
     1
102
RTVSPropertyOp46
 70
     1
102
RTVSPropertyOp47
 70
     1
102
RTVSPropertyOp48
 70
     1
102
RTVSPropertyOp49
 70
     1
102
RTVSPropertyOp50
 70
     1
102
RTVSPropertyOp51
 70
     0
102
RTVSPropertyOp52
 70
     0
102
RTVSPropertyOp53
 70
     1
102
RTVSPropertyOp54
 70
     1
102
RTVSPropertyOp55
 70
     1
102
RTVSPropertyOp56
 70
     1
102
RTVSPropertyOp57
 70
     1
102
RTVSPropertyOp58
 70
     1
102
RTVSPropertyOp59
 70
     1
102
RTVSPropertyOp60
 70
     1
102
RTVSPropertyOp61
 70
     1
102
RTVSPropertyOp62
 70
     1
  0
XRECORD
  5
6D7
102
{ACAD_REACTORS
330
6D6
102
}
330
6D6
100
AcDbXrecord
280
     1
102
RTVSPost2010Prop28
280
     0
102
RTVSPost2010PropOp28
 70
     1
102
RTVSPost2010Prop29
280
     1
102
RTVSPost2010PropOp29
 70
     1
102
RTVSPost2010Prop30
280
     1
102
RTVSPost2010PropOp30
 70
     1
102
RTVSPost2010Prop31
280
     0
102
RTVSPost2010PropOp31
 70
     1
102
RTVSPost2010Prop32
280
     0
102
RTVSPost2010PropOp32
 70
     1
102
RTVSPost2010Prop33
280
     0
102
RTVSPost2010PropOp33
 70
     1
102
RTVSPost2010Prop34
280
     0
102
RTVSPost2010PropOp34
 70
     1
102
RTVSPost2010Prop35
280
     0
102
RTVSPost2010PropOp35
 70
     1
102
RTVSPost2010Prop36
280
     0
102
RTVSPost2010PropOp36
 70
     1
102
RTVSPost2010Prop37
 90
       50
102
RTVSPost2010PropOp37
 70
     1
102
RTVSPost2010Prop38
140
0.0
102
RTVSPost2010PropOp38
 70
     1
102
RTVSPost2010Prop39
140
1.0
102
RTVSPost2010PropOp39
 70
     1
102
RTVSPost2010Prop40
 90
        0
102
RTVSPost2010PropOp40
 70
     1
102
RTVSPost2010Prop41ColorIndex
 90
       18
102
RTVSPost2010Prop41ColorRGB
 90
        0
102
RTVSPost2010PropOp41
 70
     1
102
RTVSPost2010Prop42
 90
       50
102
RTVSPost2010PropOp42
 70
     1
102
RTVSPost2010Prop43
 90
        3
102
RTVSPost2010PropOp43
 70
     1
102
RTVSPost2010Prop44ColorIndex
 90
        5
102
RTVSPost2010Prop44ColorRGB
 90
      255
102
RTVSPost2010PropOp44
 70
     1
102
RTVSPost2010Prop45
280
     0
102
RTVSPost2010PropOp45
 70
     1
102
RTVSPost2010Prop46
 90
       50
102
RTVSPost2010PropOp46
 70
     1
102
RTVSPost2010Prop47
 90
       50
102
RTVSPost2010PropOp47
 70
     1
102
RTVSPost2010Prop48
 90
       50
102
RTVSPost2010PropOp48
 70
     1
102
RTVSPost2010Prop49
280
     0
102
RTVSPost2010PropOp49
 70
     1
102
RTVSPost2010Prop50
 90
       50
102
RTVSPost2010PropOp50
 70
     1
102
RTVSPost2010Prop51ColorIndex
 90
      256
102
RTVSPost2010Prop51ColorRGB
 90
-16777216
102
RTVSPost2010PropOp51
 70
     0
102
RTVSPost2010Prop52
140
1.0
102
RTVSPost2010PropOp52
 70
     0
102
RTVSPost2010Prop53
 90
        2
102
RTVSPost2010PropOp53
 70
     1
102
RTVSPost2010Prop54
  1
strokes_ogs.tif
102
RTVSPost2010PropOp54
 70
     1
102
RTVSPost2010Prop55
280
     0
102
RTVSPost2010PropOp55
 70
     1
102
RTVSPost2010Prop56
140
1.0
102
RTVSPost2010PropOp56
 70
     1
102
RTVSPost2010Prop57
140
1.0
102
RTVSPost2010PropOp57
 70
     1
102
RTVSPropertyOp0
 70
     1
102
RTVSPropertyOp1
 70
     1
102
RTVSPropertyOp2
 70
     1
102
RTVSPropertyOp3
 70
     1
102
RTVSPropertyOp4
 70
     1
102
RTVSPropertyOp5
 70
     1
102
RTVSPropertyOp6
 70
     1
102
RTVSPropertyOp7
 70
     1
102
RTVSPropertyOp8
 70
     1
102
RTVSPropertyOp9
 70
     1
102
RTVSPropertyOp10
 70
     1
102
RTVSPropertyOp11
 70
     1
102
RTVSPropertyOp12
 70
     1
102
RTVSPropertyOp13
 70
     1
102
RTVSPropertyOp14
 70
     1
102
RTVSPropertyOp15
 70
     1
102
RTVSPropertyOp16
 70
     1
102
RTVSPropertyOp17
 70
     1
102
RTVSPropertyOp18
 70
     1
102
RTVSPropertyOp19
 70
     1
102
RTVSPropertyOp20
 70
     1
102
RTVSPropertyOp21
 70
     1
102
RTVSPropertyOp22
 70
     1
102
RTVSPropertyOp23
 70
     1
102
RTVSPropertyOp24
 70
     1
102
RTVSPropertyOp25
 70
     1
102
RTVSPropertyOp26
 70
     1
102
RTVSPropertyOp27
 70
     1
102
RTVSPropertyOp28
 70
     1
102
RTVSPropertyOp29
 70
     1
102
RTVSPropertyOp30
 70
     1
102
RTVSPropertyOp31
 70
     1
102
RTVSPropertyOp32
 70
     1
102
RTVSPropertyOp33
 70
     1
102
RTVSPropertyOp34
 70
     1
102
RTVSPropertyOp35
 70
     1
102
RTVSPropertyOp36
 70
     1
102
RTVSPropertyOp37
 70
     1
102
RTVSPropertyOp38
 70
     1
102
RTVSPropertyOp39
 70
     1
102
RTVSPropertyOp40
 70
     1
102
RTVSPropertyOp41
 70
     1
102
RTVSPropertyOp42
 70
     1
102
RTVSPropertyOp43
 70
     1
102
RTVSPropertyOp44
 70
     1
102
RTVSPropertyOp45
 70
     1
102
RTVSPropertyOp46
 70
     1
102
RTVSPropertyOp47
 70
     1
102
RTVSPropertyOp48
 70
     1
102
RTVSPropertyOp49
 70
     1
102
RTVSPropertyOp50
 70
     1
102
RTVSPropertyOp51
 70
     0
102
RTVSPropertyOp52
 70
     0
102
RTVSPropertyOp53
 70
     1
102
RTVSPropertyOp54
 70
     1
102
RTVSPropertyOp55
 70
     1
102
RTVSPropertyOp56
 70
     1
102
RTVSPropertyOp57
 70
     1
102
RTVSPropertyOp58
 70
     1
102
RTVSPropertyOp59
 70
     1
102
RTVSPropertyOp60
 70
     1
102
RTVSPropertyOp61
 70
     1
102
RTVSPropertyOp62
 70
     1
  0
XRECORD
  5
6CB
102
{ACAD_REACTORS
330
6CA
102
}
330
6CA
100
AcDbXrecord
280
     1
102
RTVSPost2010Prop28
280
     0
102
RTVSPost2010PropOp28
 70
     1
102
RTVSPost2010Prop29
280
     1
102
RTVSPost2010PropOp29
 70
     1
102
RTVSPost2010Prop30
280
     1
102
RTVSPost2010PropOp30
 70
     1
102
RTVSPost2010Prop31
280
     0
102
RTVSPost2010PropOp31
 70
     1
102
RTVSPost2010Prop32
280
     0
102
RTVSPost2010PropOp32
 70
     1
102
RTVSPost2010Prop33
280
     0
102
RTVSPost2010PropOp33
 70
     1
102
RTVSPost2010Prop34
280
     0
102
RTVSPost2010PropOp34
 70
     1
102
RTVSPost2010Prop35
280
     0
102
RTVSPost2010PropOp35
 70
     1
102
RTVSPost2010Prop36
280
     0
102
RTVSPost2010PropOp36
 70
     1
102
RTVSPost2010Prop37
 90
       50
102
RTVSPost2010PropOp37
 70
     1
102
RTVSPost2010Prop38
140
0.0
102
RTVSPost2010PropOp38
 70
     1
102
RTVSPost2010Prop39
140
1.0
102
RTVSPost2010PropOp39
 70
     1
102
RTVSPost2010Prop40
 90
        0
102
RTVSPost2010PropOp40
 70
     1
102
RTVSPost2010Prop41ColorIndex
 90
       18
102
RTVSPost2010Prop41ColorRGB
 90
        0
102
RTVSPost2010PropOp41
 70
     1
102
RTVSPost2010Prop42
 90
       50
102
RTVSPost2010PropOp42
 70
     1
102
RTVSPost2010Prop43
 90
        3
102
RTVSPost2010PropOp43
 70
     1
102
RTVSPost2010Prop44ColorIndex
 90
        5
102
RTVSPost2010Prop44ColorRGB
 90
      255
102
RTVSPost2010PropOp44
 70
     1
102
RTVSPost2010Prop45
280
     0
102
RTVSPost2010PropOp45
 70
     1
102
RTVSPost2010Prop46
 90
       50
102
RTVSPost2010PropOp46
 70
     1
102
RTVSPost2010Prop47
 90
       50
102
RTVSPost2010PropOp47
 70
     1
102
RTVSPost2010Prop48
 90
       50
102
RTVSPost2010PropOp48
 70
     1
102
RTVSPost2010Prop49
280
     0
102
RTVSPost2010PropOp49
 70
     1
102
RTVSPost2010Prop50
 90
       50
102
RTVSPost2010PropOp50
 70
     1
102
RTVSPost2010Prop51ColorIndex
 90
      256
102
RTVSPost2010Prop51ColorRGB
 90
-16777216
102
RTVSPost2010PropOp51
 70
     0
102
RTVSPost2010Prop52
140
1.0
102
RTVSPost2010PropOp52
 70
     0
102
RTVSPost2010Prop53
 90
        2
102
RTVSPost2010PropOp53
 70
     1
102
RTVSPost2010Prop54
  1
strokes_ogs.tif
102
RTVSPost2010PropOp54
 70
     1
102
RTVSPost2010Prop55
280
     0
102
RTVSPost2010PropOp55
 70
     1
102
RTVSPost2010Prop56
140
1.0
102
RTVSPost2010PropOp56
 70
     1
102
RTVSPost2010Prop57
140
1.0
102
RTVSPost2010PropOp57
 70
     1
102
RTVSPropertyOp0
 70
     1
102
RTVSPropertyOp1
 70
     1
102
RTVSPropertyOp2
 70
     1
102
RTVSPropertyOp3
 70
     1
102
RTVSPropertyOp4
 70
     1
102
RTVSPropertyOp5
 70
     1
102
RTVSPropertyOp6
 70
     1
102
RTVSPropertyOp7
 70
     1
102
RTVSPropertyOp8
 70
     1
102
RTVSPropertyOp9
 70
     1
102
RTVSPropertyOp10
 70
     1
102
RTVSPropertyOp11
 70
     1
102
RTVSPropertyOp12
 70
     1
102
RTVSPropertyOp13
 70
     1
102
RTVSPropertyOp14
 70
     1
102
RTVSPropertyOp15
 70
     1
102
RTVSPropertyOp16
 70
     1
102
RTVSPropertyOp17
 70
     1
102
RTVSPropertyOp18
 70
     1
102
RTVSPropertyOp19
 70
     1
102
RTVSPropertyOp20
 70
     1
102
RTVSPropertyOp21
 70
     1
102
RTVSPropertyOp22
 70
     1
102
RTVSPropertyOp23
 70
     1
102
RTVSPropertyOp24
 70
     1
102
RTVSPropertyOp25
 70
     1
102
RTVSPropertyOp26
 70
     1
102
RTVSPropertyOp27
 70
     1
102
RTVSPropertyOp28
 70
     1
102
RTVSPropertyOp29
 70
     1
102
RTVSPropertyOp30
 70
     1
102
RTVSPropertyOp31
 70
     1
102
RTVSPropertyOp32
 70
     1
102
RTVSPropertyOp33
 70
     1
102
RTVSPropertyOp34
 70
     1
102
RTVSPropertyOp35
 70
     1
102
RTVSPropertyOp36
 70
     1
102
RTVSPropertyOp37
 70
     1
102
RTVSPropertyOp38
 70
     1
102
RTVSPropertyOp39
 70
     1
102
RTVSPropertyOp40
 70
     1
102
RTVSPropertyOp41
 70
     1
102
RTVSPropertyOp42
 70
     1
102
RTVSPropertyOp43
 70
     1
102
RTVSPropertyOp44
 70
     1
102
RTVSPropertyOp45
 70
     1
102
RTVSPropertyOp46
 70
     1
102
RTVSPropertyOp47
 70
     1
102
RTVSPropertyOp48
 70
     1
102
RTVSPropertyOp49
 70
     1
102
RTVSPropertyOp50
 70
     1
102
RTVSPropertyOp51
 70
     0
102
RTVSPropertyOp52
 70
     0
102
RTVSPropertyOp53
 70
     1
102
RTVSPropertyOp54
 70
     1
102
RTVSPropertyOp55
 70
     1
102
RTVSPropertyOp56
 70
     1
102
RTVSPropertyOp57
 70
     1
102
RTVSPropertyOp58
 70
     1
102
RTVSPropertyOp59
 70
     1
102
RTVSPropertyOp60
 70
     1
102
RTVSPropertyOp61
 70
     1
102
RTVSPropertyOp62
 70
     1
  0
XRECORD
  5
6E3
102
{ACAD_REACTORS
330
6E2
102
}
330
6E2
100
AcDbXrecord
280
     1
102
RTVSPost2010Prop28
280
     0
102
RTVSPost2010PropOp28
 70
     1
102
RTVSPost2010Prop29
280
     1
102
RTVSPost2010PropOp29
 70
     1
102
RTVSPost2010Prop30
280
     1
102
RTVSPost2010PropOp30
 70
     1
102
RTVSPost2010Prop31
280
     0
102
RTVSPost2010PropOp31
 70
     1
102
RTVSPost2010Prop32
280
     0
102
RTVSPost2010PropOp32
 70
     1
102
RTVSPost2010Prop33
280
     0
102
RTVSPost2010PropOp33
 70
     1
102
RTVSPost2010Prop34
280
     0
102
RTVSPost2010PropOp34
 70
     1
102
RTVSPost2010Prop35
280
     0
102
RTVSPost2010PropOp35
 70
     1
102
RTVSPost2010Prop36
280
     0
102
RTVSPost2010PropOp36
 70
     1
102
RTVSPost2010Prop37
 90
       50
102
RTVSPost2010PropOp37
 70
     1
102
RTVSPost2010Prop38
140
0.0
102
RTVSPost2010PropOp38
 70
     1
102
RTVSPost2010Prop39
140
1.0
102
RTVSPost2010PropOp39
 70
     1
102
RTVSPost2010Prop40
 90
        0
102
RTVSPost2010PropOp40
 70
     1
102
RTVSPost2010Prop41ColorIndex
 90
       18
102
RTVSPost2010Prop41ColorRGB
 90
        0
102
RTVSPost2010PropOp41
 70
     1
102
RTVSPost2010Prop42
 90
       50
102
RTVSPost2010PropOp42
 70
     1
102
RTVSPost2010Prop43
 90
        3
102
RTVSPost2010PropOp43
 70
     1
102
RTVSPost2010Prop44ColorIndex
 90
        5
102
RTVSPost2010Prop44ColorRGB
 90
      255
102
RTVSPost2010PropOp44
 70
     1
102
RTVSPost2010Prop45
280
     0
102
RTVSPost2010PropOp45
 70
     1
102
RTVSPost2010Prop46
 90
       50
102
RTVSPost2010PropOp46
 70
     1
102
RTVSPost2010Prop47
 90
       50
102
RTVSPost2010PropOp47
 70
     1
102
RTVSPost2010Prop48
 90
       50
102
RTVSPost2010PropOp48
 70
     1
102
RTVSPost2010Prop49
280
     0
102
RTVSPost2010PropOp49
 70
     1
102
RTVSPost2010Prop50
 90
       50
102
RTVSPost2010PropOp50
 70
     1
102
RTVSPost2010Prop51ColorIndex
 90
      256
102
RTVSPost2010Prop51ColorRGB
 90
-16777216
102
RTVSPost2010PropOp51
 70
     0
102
RTVSPost2010Prop52
140
1.0
102
RTVSPost2010PropOp52
 70
     0
102
RTVSPost2010Prop53
 90
        2
102
RTVSPost2010PropOp53
 70
     1
102
RTVSPost2010Prop54
  1
strokes_ogs.tif
102
RTVSPost2010PropOp54
 70
     1
102
RTVSPost2010Prop55
280
     0
102
RTVSPost2010PropOp55
 70
     1
102
RTVSPost2010Prop56
140
1.0
102
RTVSPost2010PropOp56
 70
     1
102
RTVSPost2010Prop57
140
1.0
102
RTVSPost2010PropOp57
 70
     1
102
RTVSPropertyOp0
 70
     1
102
RTVSPropertyOp1
 70
     1
102
RTVSPropertyOp2
 70
     1
102
RTVSPropertyOp3
 70
     1
102
RTVSPropertyOp4
 70
     1
102
RTVSPropertyOp5
 70
     1
102
RTVSPropertyOp6
 70
     1
102
RTVSPropertyOp7
 70
     1
102
RTVSPropertyOp8
 70
     1
102
RTVSPropertyOp9
 70
     1
102
RTVSPropertyOp10
 70
     1
102
RTVSPropertyOp11
 70
     1
102
RTVSPropertyOp12
 70
     1
102
RTVSPropertyOp13
 70
     1
102
RTVSPropertyOp14
 70
     1
102
RTVSPropertyOp15
 70
     1
102
RTVSPropertyOp16
 70
     1
102
RTVSPropertyOp17
 70
     1
102
RTVSPropertyOp18
 70
     1
102
RTVSPropertyOp19
 70
     1
102
RTVSPropertyOp20
 70
     1
102
RTVSPropertyOp21
 70
     1
102
RTVSPropertyOp22
 70
     1
102
RTVSPropertyOp23
 70
     1
102
RTVSPropertyOp24
 70
     1
102
RTVSPropertyOp25
 70
     1
102
RTVSPropertyOp26
 70
     1
102
RTVSPropertyOp27
 70
     1
102
RTVSPropertyOp28
 70
     1
102
RTVSPropertyOp29
 70
     1
102
RTVSPropertyOp30
 70
     1
102
RTVSPropertyOp31
 70
     1
102
RTVSPropertyOp32
 70
     1
102
RTVSPropertyOp33
 70
     1
102
RTVSPropertyOp34
 70
     1
102
RTVSPropertyOp35
 70
     1
102
RTVSPropertyOp36
 70
     1
102
RTVSPropertyOp37
 70
     1
102
RTVSPropertyOp38
 70
     1
102
RTVSPropertyOp39
 70
     1
102
RTVSPropertyOp40
 70
     1
102
RTVSPropertyOp41
 70
     1
102
RTVSPropertyOp42
 70
     1
102
RTVSPropertyOp43
 70
     1
102
RTVSPropertyOp44
 70
     1
102
RTVSPropertyOp45
 70
     1
102
RTVSPropertyOp46
 70
     1
102
RTVSPropertyOp47
 70
     1
102
RTVSPropertyOp48
 70
     1
102
RTVSPropertyOp49
 70
     1
102
RTVSPropertyOp50
 70
     1
102
RTVSPropertyOp51
 70
     0
102
RTVSPropertyOp52
 70
     0
102
RTVSPropertyOp53
 70
     1
102
RTVSPropertyOp54
 70
     1
102
RTVSPropertyOp55
 70
     1
102
RTVSPropertyOp56
 70
     1
102
RTVSPropertyOp57
 70
     1
102
RTVSPropertyOp58
 70
     1
102
RTVSPropertyOp59
 70
     1
102
RTVSPropertyOp60
 70
     1
102
RTVSPropertyOp61
 70
     1
102
RTVSPropertyOp62
 70
     1
  0
ENDSEC
  0
EOF
